timestamp,location,scenario_type,ph,turbidity,dissolved_oxygen,temperature,conductivity,tds,bod,cod,rainfall,water_flow,risk_score,pollution_risk
2026-05-27 23:37:13,Bhavani River,baseline_clean,7.33,2.3,7.45,25.8,260.8,154.0,2.05,4.04,0.3,127.7,0.2,LOW
2026-05-28 05:52:19,Bhavani River,industrial_effluent,9.23,80.2,3.95,29.6,981.2,1387.5,10.65,64.56,19.9,87.9,58.9,HIGH
2026-05-28 18:12:09,Bhavani River,baseline_clean,6.99,9.5,8.26,23.8,239.8,171.5,1.11,6.36,3.4,197.3,0.7,LOW
2026-05-29 02:52:24,Bhavani River,baseline_clean,6.93,2.8,7.69,23.8,321.1,151.5,2.44,6.37,0.3,230.3,1.2,LOW
2026-05-29 09:33:19,Bhavani River,urban_sewage_hypoxia,6.9,77.2,3.52,27.0,621.3,457.3,8.6,59.5,10.8,29.1,61.4,HIGH
2026-05-29 20:07:12,Bhavani River,urban_sewage_hypoxia,6.54,43.3,2.0,27.8,697.9,666.2,10.77,39.1,1.0,50.4,67.9,HIGH
2026-05-30 00:50:53,Bhavani River,industrial_effluent,10.47,99.6,4.43,30.9,1263.8,877.7,7.77,82.91,11.9,50.4,59.7,HIGH
2026-05-30 01:59:12,Bhavani River,baseline_clean,7.4,2.8,6.97,21.5,227.3,209.5,0.84,6.91,2.1,118.6,0.2,LOW
2026-05-30 04:57:14,Bhavani River,baseline_clean,7.57,2.1,7.14,23.8,351.9,205.6,1.07,8.89,2.2,189.0,0.4,LOW
2026-05-30 06:33:55,Bhavani River,baseline_clean,7.36,2.0,7.22,21.0,228.1,210.2,0.89,6.34,2.6,149.1,0.2,LOW
2026-05-30 08:56:25,Bhavani River,urban_sewage_hypoxia,7.34,71.2,3.22,30.7,899.0,672.3,8.04,56.8,1.3,22.2,65.0,HIGH
2026-05-30 15:02:42,Bhavani River,baseline_clean,7.65,3.4,8.41,22.7,238.8,151.3,2.16,4.72,0.2,160.6,0.8,LOW
2026-05-30 18:24:05,Bhavani River,industrial_effluent,8.9,81.2,4.12,29.8,994.8,758.9,8.94,86.99,2.3,52.6,53.6,HIGH
2026-05-30 21:23:51,Bhavani River,industrial_effluent,4.76,96.7,3.94,29.5,911.8,1176.3,11.89,65.49,19.0,39.1,76.8,CRITICAL
2026-05-31 02:27:35,Bhavani River,industrial_effluent,10.21,47.7,3.88,34.7,943.2,1327.4,11.35,91.25,12.3,47.9,65.3,HIGH
2026-05-31 07:05:03,Bhavani River,industrial_effluent,5.11,75.3,4.34,29.7,1432.0,983.7,11.42,92.44,7.5,60.8,61.5,HIGH
2026-06-01 03:50:15,Bhavani River,agricultural_runoff,7.93,38.4,5.33,27.6,674.0,444.5,5.29,20.95,52.3,228.2,25.3,MODERATE
2026-06-01 04:47:39,Bhavani River,baseline_clean,7.51,3.8,7.66,20.1,251.3,139.3,3.01,10.07,1.5,190.6,2.4,LOW
2026-06-01 08:17:18,Bhavani River,baseline_clean,6.89,2.6,7.49,26.4,247.3,196.4,0.51,5.15,2.6,206.7,0.3,LOW
2026-06-02 03:26:45,Bhavani River,baseline_clean,6.92,9.9,7.57,24.9,296.2,99.1,1.66,6.15,0.3,144.7,0.8,LOW
2026-06-02 21:39:10,Bhavani River,baseline_clean,7.58,2.8,7.66,26.3,227.5,223.5,1.64,11.76,3.7,142.7,0.8,LOW
2026-06-03 07:23:00,Bhavani River,industrial_effluent,9.84,69.4,2.8,29.4,1421.3,970.6,10.6,81.92,11.5,81.9,72.8,HIGH
2026-06-03 13:53:44,Bhavani River,agricultural_runoff,7.46,52.7,5.95,27.5,665.5,554.2,4.33,31.18,28.9,378.0,22.5,LOW
2026-06-03 14:05:47,Bhavani River,agricultural_runoff,8.12,33.7,5.97,24.8,600.8,519.2,6.45,28.09,73.5,209.2,24.1,LOW
2026-06-04 02:03:15,Bhavani River,urban_sewage_hypoxia,5.86,73.1,2.46,27.2,822.0,604.8,15.49,51.87,7.5,29.0,80.5,CRITICAL
2026-06-04 03:57:04,Bhavani River,urban_sewage_hypoxia,6.65,77.7,3.59,30.0,633.7,530.0,12.31,61.25,14.3,68.0,56.3,HIGH
2026-06-04 05:00:24,Bhavani River,urban_sewage_hypoxia,6.07,51.1,3.79,30.5,698.3,611.3,12.0,31.17,0.2,44.0,55.1,HIGH
2026-06-04 10:48:33,Bhavani River,urban_sewage_hypoxia,6.98,37.1,2.22,29.3,575.3,653.4,15.0,60.36,11.7,25.1,74.6,HIGH
2026-06-04 10:53:07,Bhavani River,industrial_effluent,4.93,53.1,2.94,35.0,1154.3,854.3,12.86,85.69,3.0,52.8,74.2,HIGH
2026-06-04 12:39:04,Bhavani River,industrial_effluent,5.04,108.6,4.4,32.9,1395.3,1093.5,14.52,82.22,7.6,39.8,71.3,HIGH
2026-06-04 23:44:00,Bhavani River,industrial_effluent,4.95,96.1,3.11,31.6,1040.0,1391.4,8.62,102.81,8.5,42.4,70.4,HIGH
2026-06-06 01:24:35,Bhavani River,baseline_clean,7.22,12.0,7.48,20.6,241.5,151.6,0.89,4.06,0.6,216.8,0.8,LOW
2026-06-06 14:40:11,Bhavani River,industrial_effluent,10.4,74.4,2.56,29.2,1030.0,1197.1,8.46,70.61,9.0,84.8,75.5,CRITICAL
2026-06-06 20:22:50,Bhavani River,urban_sewage_hypoxia,6.47,74.7,1.59,25.2,673.2,650.6,9.02,34.63,8.4,21.4,80.6,CRITICAL
2026-06-07 03:11:04,Bhavani River,industrial_effluent,4.99,82.2,2.91,28.3,1054.0,704.5,14.81,117.43,7.9,73.7,73.7,HIGH
2026-06-07 06:21:57,Bhavani River,baseline_clean,7.13,2.0,7.49,21.8,224.2,140.8,0.54,13.46,1.0,146.3,1.0,LOW
2026-06-07 11:18:55,Bhavani River,agricultural_runoff,7.71,54.8,4.68,31.0,630.5,362.1,6.09,29.31,31.5,136.8,36.4,MODERATE
2026-06-07 15:02:58,Bhavani River,baseline_clean,7.0,1.3,7.48,26.4,279.1,168.1,2.15,7.47,5.2,223.0,0.5,LOW
2026-06-08 06:39:27,Bhavani River,agricultural_runoff,7.59,31.4,5.4,26.4,686.0,458.8,4.72,32.73,39.5,238.3,25.5,MODERATE
2026-06-08 08:44:18,Bhavani River,baseline_clean,7.26,3.4,7.32,19.2,246.5,164.1,1.28,3.26,0.3,186.6,0.1,LOW
2026-06-08 16:24:26,Bhavani River,baseline_clean,7.66,2.8,7.19,24.1,203.7,164.9,0.92,12.72,0.3,142.8,1.2,LOW
2026-06-08 20:01:50,Bhavani River,urban_sewage_hypoxia,5.91,78.2,2.33,32.7,636.7,517.3,10.99,52.3,8.7,55.4,70.9,HIGH
2026-06-09 08:28:23,Bhavani River,industrial_effluent,9.64,109.3,3.35,34.9,1415.9,874.0,10.85,119.41,17.2,35.8,77.8,CRITICAL
2026-06-09 10:42:20,Bhavani River,baseline_clean,7.02,5.8,7.35,24.6,224.6,175.4,0.59,15.44,1.1,225.6,1.7,LOW
2026-06-09 13:14:14,Bhavani River,baseline_clean,7.57,7.0,8.13,24.7,233.9,208.8,1.28,6.87,2.6,180.5,0.6,LOW
2026-06-09 15:58:48,Bhavani River,agricultural_runoff,7.79,32.2,5.16,28.5,496.5,592.6,5.14,32.01,46.0,281.4,30.3,MODERATE
2026-06-09 17:46:01,Bhavani River,industrial_effluent,9.77,102.5,3.55,31.7,996.6,816.4,14.25,69.59,7.4,75.6,66.2,HIGH
2026-06-09 19:32:38,Bhavani River,industrial_effluent,9.79,64.5,3.21,30.2,1393.8,1257.4,13.5,118.93,15.8,66.1,69.2,HIGH
2026-06-09 23:01:09,Bhavani River,agricultural_runoff,7.49,30.9,5.3,28.4,661.6,397.4,6.49,28.2,38.9,248.6,28.6,MODERATE
2026-06-10 01:44:25,Bhavani River,urban_sewage_hypoxia,7.94,65.0,1.95,32.1,910.4,470.3,17.68,59.11,4.5,66.1,70.7,HIGH
2026-06-10 07:20:58,Bhavani River,urban_sewage_hypoxia,6.06,65.9,3.89,32.3,694.7,477.1,17.93,64.74,5.2,48.2,56.8,HIGH
2026-06-12 02:29:34,Bhavani River,baseline_clean,7.51,2.8,6.99,22.2,268.8,193.8,8.57,3.95,1.2,160.0,14.0,LOW
2026-06-12 03:11:27,Bhavani River,agricultural_runoff,7.91,39.9,5.47,25.4,694.8,494.7,7.24,26.44,43.8,190.8,30.0,MODERATE
2026-06-12 09:32:11,Bhavani River,agricultural_runoff,7.34,41.9,5.38,27.1,604.5,505.7,5.77,28.74,57.2,233.3,27.8,MODERATE
2026-06-12 11:55:19,Bhavani River,baseline_clean,7.28,1.9,7.43,24.3,260.4,183.4,1.61,3.17,0.9,193.6,0.1,LOW
2026-06-12 13:53:38,Bhavani River,industrial_effluent,4.69,99.9,2.39,31.6,877.8,756.5,12.05,96.69,6.8,42.9,80.3,CRITICAL
2026-06-12 17:59:33,Bhavani River,urban_sewage_hypoxia,7.03,46.8,3.43,25.8,778.7,671.9,8.83,47.1,11.8,28.0,62.3,HIGH
2026-06-12 19:38:17,Bhavani River,agricultural_runoff,7.01,37.4,5.12,31.5,697.4,438.4,6.78,23.76,57.0,295.4,32.4,MODERATE
2026-06-12 20:49:46,Bhavani River,baseline_clean,7.5,7.5,7.09,23.1,250.7,201.1,0.94,4.3,0.8,137.6,0.6,LOW
2026-06-12 22:14:30,Bhavani River,agricultural_runoff,7.96,32.1,4.18,29.6,670.2,472.6,4.27,33.55,40.5,238.0,35.7,MODERATE
2026-06-13 01:25:36,Bhavani River,baseline_clean,8.0,10.0,7.48,26.4,353.7,196.1,0.66,10.23,0.7,213.2,1.4,LOW
2026-06-13 14:50:29,Bhavani River,agricultural_runoff,7.49,43.7,5.09,27.5,709.0,515.6,7.18,21.56,57.0,230.6,31.9,MODERATE
2026-06-13 18:55:15,Bhavani River,industrial_effluent,10.18,62.5,4.48,29.0,1102.3,1110.7,6.93,99.76,7.7,77.1,55.2,HIGH
2026-06-14 05:45:28,Bhavani River,urban_sewage_hypoxia,7.59,40.7,2.6,29.0,1072.9,504.1,16.09,36.87,5.6,60.4,62.6,HIGH
2026-06-14 08:15:24,Bhavani River,baseline_clean,7.43,2.5,8.44,23.1,308.8,150.7,0.58,13.79,2.0,214.4,1.2,LOW
2026-06-14 11:23:30,Bhavani River,urban_sewage_hypoxia,7.0,72.3,2.52,24.7,707.6,440.6,16.09,67.2,12.1,47.3,64.1,HIGH
2026-06-14 14:13:16,Bhavani River,industrial_effluent,5.72,96.3,3.79,34.0,1403.0,1317.5,9.9,101.07,20.0,73.5,62.1,HIGH
2026-06-14 14:54:53,Bhavani River,agricultural_runoff,8.0,65.0,6.24,24.5,532.1,459.2,4.86,31.48,29.8,225.0,21.9,LOW
2026-06-14 19:15:15,Bhavani River,industrial_effluent,5.58,71.3,4.61,28.6,1233.6,1343.0,14.14,56.74,7.3,67.1,55.6,HIGH
2026-06-15 00:35:32,Bhavani River,industrial_effluent,4.68,52.5,4.24,31.7,1211.2,1176.4,13.73,92.17,15.3,75.9,65.0,HIGH
2026-06-15 04:25:15,Bhavani River,baseline_clean,7.28,7.8,7.15,21.8,331.8,143.6,1.28,4.54,13.9,128.9,0.4,LOW
2026-06-15 10:56:28,Bhavani River,industrial_effluent,5.15,74.9,2.04,30.0,1177.4,1143.7,10.05,70.34,7.8,44.5,80.1,CRITICAL
2026-06-15 11:42:21,Bhavani River,baseline_clean,7.89,1.4,7.06,21.3,260.6,227.0,1.39,8.36,1.6,215.8,0.7,LOW
2026-06-16 01:12:15,Bhavani River,baseline_clean,7.26,2.9,7.62,23.2,288.6,176.4,1.52,6.38,0.2,168.3,0.1,LOW
2026-06-16 03:30:18,Bhavani River,baseline_clean,7.75,1.8,8.66,26.6,261.4,142.0,0.65,3.52,3.9,114.6,0.6,LOW
2026-06-16 15:29:10,Bhavani River,industrial_effluent,5.76,48.7,3.03,31.5,1270.3,1210.0,9.19,90.95,11.7,62.9,65.2,HIGH
2026-06-16 20:28:15,Bhavani River,industrial_effluent,6.01,48.1,4.38,35.0,1515.2,1267.3,9.37,62.35,14.7,48.3,52.9,HIGH
2026-06-17 23:57:47,Bhavani River,baseline_clean,6.95,5.3,8.73,25.2,281.1,174.5,1.02,9.32,8.3,159.0,0.3,LOW
2026-06-18 12:37:47,Bhavani River,industrial_effluent,10.34,92.6,3.03,28.7,1366.5,1385.1,12.54,114.65,16.1,39.8,85.3,CRITICAL
2026-06-19 08:00:17,Bhavani River,agricultural_runoff,8.53,63.7,4.42,26.1,547.3,586.0,4.36,21.0,54.1,148.1,33.0,MODERATE
2026-06-19 13:05:24,Bhavani River,industrial_effluent,9.03,76.7,2.43,30.6,1097.0,996.5,11.14,112.72,7.9,88.9,70.5,HIGH
2026-06-19 13:16:51,Bhavani River,baseline_clean,7.3,6.9,6.93,24.1,249.4,190.5,0.87,7.64,4.5,165.3,0.3,LOW
2026-06-19 17:16:44,Bhavani River,baseline_clean,6.71,1.3,6.86,30.0,255.5,223.0,0.71,4.16,6.7,197.6,1.0,LOW
2026-06-20 01:02:42,Bhavani River,industrial_effluent,5.65,73.4,3.13,29.0,1230.1,788.6,10.29,102.27,5.2,58.8,67.3,HIGH
2026-06-20 02:59:15,Bhavani River,agricultural_runoff,7.95,28.7,4.34,28.6,766.8,376.0,4.12,30.91,40.5,283.5,34.3,MODERATE
2026-06-20 03:43:16,Bhavani River,industrial_effluent,5.43,104.8,2.14,32.0,1490.2,869.3,13.89,46.43,14.6,86.0,77.6,CRITICAL
2026-06-20 05:32:14,Bhavani River,industrial_effluent,5.34,77.3,2.4,34.4,1180.6,1396.2,9.78,90.6,2.1,57.3,76.3,CRITICAL
2026-06-20 22:41:32,Bhavani River,agricultural_runoff,7.99,51.7,4.25,24.2,694.0,573.4,5.56,31.49,76.7,259.6,41.6,MODERATE
2026-06-21 16:42:08,Bhavani River,baseline_clean,7.22,3.9,7.54,24.5,239.2,189.0,1.63,8.88,0.6,169.1,0.0,LOW
2026-06-22 03:51:26,Bhavani River,baseline_clean,7.52,2.2,6.96,27.0,261.5,124.5,1.69,7.95,0.0,197.4,0.3,LOW
2026-06-22 04:06:09,Bhavani River,industrial_effluent,9.54,51.7,2.17,28.4,1135.1,936.1,12.46,100.71,1.0,43.3,74.9,HIGH
2026-06-22 05:33:10,Bhavani River,agricultural_runoff,7.04,32.4,5.38,26.0,615.1,437.2,3.96,29.11,45.7,265.3,24.0,LOW
2026-06-22 08:17:15,Bhavani River,urban_sewage_hypoxia,6.51,59.2,2.85,28.9,661.2,558.7,11.45,56.89,3.0,59.1,62.5,HIGH
2026-06-22 16:03:50,Bhavani River,baseline_clean,7.48,6.7,7.7,21.3,309.9,181.5,5.14,4.14,0.3,230.0,7.0,LOW
2026-06-22 19:29:53,Bhavani River,urban_sewage_hypoxia,7.06,84.3,2.94,32.5,839.1,532.0,17.55,57.87,11.8,49.8,62.1,HIGH
2026-06-23 02:40:23,Bhavani River,baseline_clean,7.31,4.2,7.4,24.9,201.1,210.6,2.15,4.49,3.4,217.3,0.4,LOW
2026-06-23 03:12:49,Bhavani River,baseline_clean,7.28,4.6,7.11,24.7,281.7,140.0,0.94,4.26,2.9,150.1,0.1,LOW
2026-06-23 05:03:02,Bhavani River,agricultural_runoff,8.36,41.0,5.0,28.8,535.6,520.8,7.42,31.37,54.2,270.1,38.0,MODERATE
2026-06-23 12:05:09,Bhavani River,industrial_effluent,9.21,50.6,2.94,28.9,1242.3,1143.1,11.2,64.44,18.2,31.3,76.3,CRITICAL
2026-06-23 15:21:34,Bhavani River,industrial_effluent,10.49,60.1,3.75,31.2,879.6,710.1,7.07,93.68,11.3,63.2,63.4,HIGH
2026-06-23 16:43:51,Bhavani River,baseline_clean,7.2,1.4,8.07,24.3,265.8,130.4,1.21,5.73,2.7,177.2,0.0,LOW
2026-06-23 18:37:20,Bhavani River,agricultural_runoff,8.38,59.6,5.39,26.1,603.5,379.1,3.87,33.11,60.2,287.3,28.9,MODERATE
2026-06-24 03:10:44,Bhavani River,agricultural_runoff,8.44,32.9,5.16,29.3,586.1,438.8,5.84,22.93,68.5,286.1,29.8,MODERATE
2026-06-24 05:11:57,Bhavani River,industrial_effluent,5.29,79.5,2.56,30.0,1423.9,1029.2,8.86,91.7,13.1,76.2,72.9,HIGH
2026-06-24 10:19:21,Bhavani River,baseline_clean,6.78,3.2,7.74,22.4,286.4,140.9,2.01,10.51,1.9,134.3,0.6,LOW
2026-06-24 19:12:48,Bhavani River,baseline_clean,7.34,3.4,7.6,19.5,296.3,137.4,0.96,5.46,0.9,150.9,0.1,LOW
2026-06-25 06:15:19,Bhavani River,baseline_clean,7.42,3.6,7.61,24.1,246.9,180.6,2.64,5.63,6.1,165.3,1.6,LOW
2026-06-25 13:20:20,Bhavani River,industrial_effluent,5.1,85.7,4.22,30.0,1267.6,1196.1,7.21,106.06,12.1,87.0,57.2,HIGH
2026-06-25 15:30:52,Bhavani River,industrial_effluent,5.37,51.5,4.61,30.6,910.6,971.1,11.4,83.52,13.9,33.3,64.4,HIGH
2026-06-26 04:09:38,Bhavani River,baseline_clean,8.25,2.1,8.05,23.5,289.1,168.0,1.33,5.1,1.3,174.6,1.1,LOW
2026-06-26 12:43:06,Bhavani River,baseline_clean,6.98,1.9,7.77,22.1,272.3,192.0,0.94,5.68,11.3,162.0,0.2,LOW
2026-06-26 23:33:22,Bhavani River,agricultural_runoff,7.74,30.2,4.94,27.2,678.6,458.6,4.96,24.47,48.9,288.4,29.0,MODERATE
2026-06-27 03:57:01,Bhavani River,baseline_clean,7.81,2.6,8.01,20.1,236.6,160.9,4.13,7.03,8.7,188.8,5.0,LOW
2026-06-27 05:18:34,Bhavani River,baseline_clean,7.55,4.9,8.63,27.0,240.9,205.0,0.84,4.3,3.0,166.7,0.4,LOW
2026-06-27 07:02:41,Bhavani River,baseline_clean,7.03,4.0,7.89,22.1,305.3,181.0,1.04,6.26,3.4,220.7,0.2,LOW
2026-06-27 09:01:50,Bhavani River,industrial_effluent,9.9,69.4,2.39,33.0,1490.9,1180.1,6.16,61.22,1.4,64.2,69.6,HIGH
2026-06-27 09:44:13,Bhavani River,baseline_clean,7.45,1.9,7.64,22.8,307.2,150.6,1.64,6.17,5.4,137.7,0.3,LOW
2026-06-27 10:24:41,Bhavani River,agricultural_runoff,7.15,48.4,5.15,26.9,716.7,535.5,5.52,30.94,29.0,264.6,30.7,MODERATE
2026-06-27 14:10:51,Bhavani River,baseline_clean,6.95,6.6,8.38,26.5,238.7,139.2,0.54,4.95,9.4,164.0,0.4,LOW
2026-06-27 16:10:22,Bhavani River,agricultural_runoff,8.15,35.7,5.64,29.4,482.9,455.9,5.28,34.77,48.0,356.5,27.6,MODERATE
2026-06-27 16:12:47,Bhavani River,baseline_clean,7.25,8.7,7.57,24.3,215.4,162.4,0.56,3.49,0.3,175.4,0.5,LOW
2026-06-27 20:00:44,Bhavani River,baseline_clean,7.09,5.1,7.57,26.4,207.5,186.1,2.13,13.52,1.2,121.5,1.3,LOW
2026-06-28 00:59:25,Bhavani River,baseline_clean,7.34,7.1,7.07,21.6,301.2,221.8,1.93,7.39,8.2,197.3,0.4,LOW
2026-06-28 04:24:30,Bhavani River,agricultural_runoff,7.82,29.4,5.5,26.6,605.4,503.2,7.43,19.07,57.4,277.5,28.1,MODERATE
2026-06-28 10:41:40,Bhavani River,agricultural_runoff,8.12,61.8,5.12,25.5,709.6,505.8,6.47,34.89,32.1,154.5,36.1,MODERATE
2026-06-29 00:57:37,Bhavani River,industrial_effluent,9.97,56.4,3.33,32.5,871.2,710.4,7.16,63.87,8.6,59.2,63.4,HIGH
2026-06-29 10:28:00,Bhavani River,urban_sewage_hypoxia,6.59,66.2,3.9,31.3,746.0,742.3,12.02,68.17,5.7,30.3,63.0,HIGH
2026-06-29 12:43:55,Bhavani River,urban_sewage_hypoxia,6.97,76.5,2.6,26.7,642.4,640.3,17.72,44.0,1.6,62.3,64.1,HIGH
2026-06-29 21:56:42,Bhavani River,agricultural_runoff,8.46,46.1,5.63,25.1,598.7,523.8,7.39,33.75,50.7,259.4,33.7,MODERATE
2026-06-30 00:38:52,Bhavani River,baseline_clean,7.13,2.4,7.9,27.1,269.9,181.9,0.52,3.83,4.3,195.4,0.1,LOW
2026-06-30 02:45:50,Bhavani River,agricultural_runoff,7.97,58.5,4.44,28.7,759.8,377.8,5.34,31.59,46.8,285.1,40.0,MODERATE
2026-06-30 08:33:17,Bhavani River,baseline_clean,7.83,1.9,7.75,25.7,284.2,215.5,1.07,7.54,5.8,161.0,0.6,LOW
2026-06-30 11:09:48,Bhavani River,baseline_clean,7.66,3.0,8.25,26.0,241.7,146.7,0.62,3.3,0.4,219.2,0.5,LOW
2026-06-30 14:03:28,Bhavani River,baseline_clean,7.39,1.3,7.38,25.2,235.7,165.1,0.56,6.77,2.1,239.0,0.2,LOW
2026-06-30 19:30:06,Bhavani River,industrial_effluent,5.59,103.3,2.38,29.8,1257.0,1259.3,6.33,118.8,9.1,51.6,66.9,HIGH
2026-06-30 21:23:45,Bhavani River,industrial_effluent,5.02,76.3,3.67,30.0,1294.4,908.5,6.5,45.19,2.0,77.5,60.9,HIGH
2026-07-01 08:33:16,Bhavani River,baseline_clean,7.06,1.6,7.62,25.2,253.7,192.9,1.0,3.18,14.6,194.0,0.1,LOW
2026-07-01 09:58:35,Bhavani River,urban_sewage_hypoxia,6.94,76.0,3.17,28.2,806.2,556.5,11.85,31.45,2.9,36.1,66.7,HIGH
2026-07-01 15:05:08,Bhavani River,industrial_effluent,10.42,47.1,2.13,30.4,915.8,1035.5,12.56,87.52,3.9,69.3,80.5,CRITICAL
2026-07-01 17:50:20,Bhavani River,agricultural_runoff,7.59,26.8,5.24,26.7,623.9,585.9,6.62,22.47,79.7,278.8,29.3,MODERATE
2026-07-01 18:44:46,Bhavani River,industrial_effluent,5.4,87.9,4.33,33.1,1442.7,902.2,9.49,92.01,11.1,87.7,59.3,HIGH
2026-07-02 03:44:13,Bhavani River,baseline_clean,7.23,6.7,7.98,25.3,188.2,210.4,2.86,4.07,1.2,219.3,2.0,LOW
2026-07-02 08:11:05,Bhavani River,baseline_clean,7.07,3.7,8.71,26.6,286.3,155.6,1.15,4.48,3.7,237.0,0.1,LOW
2026-07-02 09:19:08,Bhavani River,urban_sewage_hypoxia,6.13,79.4,1.65,27.2,771.4,486.9,12.55,31.83,1.0,20.4,83.5,CRITICAL
2026-07-02 13:13:26,Bhavani River,baseline_clean,7.64,3.0,7.83,25.1,305.6,241.8,0.57,7.88,3.1,175.7,0.4,LOW
2026-07-02 17:15:31,Bhavani River,agricultural_runoff,7.45,30.5,6.22,25.8,655.0,449.6,5.68,20.11,76.2,214.9,17.1,LOW
2026-07-02 21:40:36,Bhavani River,urban_sewage_hypoxia,7.35,64.6,1.77,32.2,842.4,614.1,11.94,60.96,4.3,68.6,72.0,HIGH
2026-07-02 23:04:28,Bhavani River,baseline_clean,7.07,2.8,7.22,19.4,215.7,122.9,0.56,14.2,0.8,191.8,1.2,LOW
2026-07-03 02:15:51,Bhavani River,baseline_clean,7.08,4.0,8.0,23.4,337.8,165.4,0.87,12.05,7.9,216.2,0.7,LOW
2026-07-03 08:49:54,Bhavani River,baseline_clean,7.09,3.8,7.3,26.0,238.6,165.5,0.52,5.63,0.2,133.2,0.1,LOW
2026-07-03 13:13:18,Bhavani River,baseline_clean,7.77,2.0,6.79,22.4,259.3,168.9,1.06,3.59,4.7,161.6,0.6,LOW
2026-07-04 07:09:40,Bhavani River,urban_sewage_hypoxia,7.2,49.8,3.02,27.3,829.6,544.2,8.66,63.18,4.4,50.1,57.0,HIGH
2026-07-04 09:40:53,Bhavani River,industrial_effluent,4.65,91.3,2.19,31.5,1204.5,917.5,13.83,57.78,7.0,76.5,82.8,CRITICAL
2026-07-05 06:00:43,Bhavani River,urban_sewage_hypoxia,7.0,64.3,2.08,28.3,807.8,398.9,17.11,68.94,11.6,33.1,78.2,CRITICAL
2026-07-05 07:25:55,Bhavani River,baseline_clean,7.71,3.0,7.32,22.7,178.9,182.1,0.56,5.97,0.1,188.7,0.5,LOW
2026-07-05 18:20:12,Bhavani River,baseline_clean,7.15,7.4,8.31,23.2,260.9,152.3,2.21,3.74,1.7,191.5,0.8,LOW
2026-07-05 20:44:05,Bhavani River,agricultural_runoff,8.44,38.7,4.57,25.3,487.3,566.3,5.77,28.62,45.3,269.7,36.9,MODERATE
2026-07-05 22:29:30,Bhavani River,agricultural_runoff,7.93,28.5,5.74,28.5,563.9,384.4,4.18,25.32,30.9,245.1,19.4,LOW
2026-07-06 02:22:05,Bhavani River,urban_sewage_hypoxia,5.64,66.5,3.32,27.3,807.5,554.1,10.54,37.47,8.1,40.3,64.3,HIGH
2026-07-06 03:38:20,Bhavani River,industrial_effluent,9.37,94.0,2.61,31.5,1468.5,1271.4,13.15,106.78,4.2,58.9,71.5,HIGH
2026-07-06 04:24:13,Bhavani River,industrial_effluent,9.62,88.5,2.75,30.9,1382.4,1058.9,14.38,100.28,11.3,83.2,72.0,HIGH
2026-07-06 15:08:10,Bhavani River,urban_sewage_hypoxia,6.49,57.8,2.94,26.8,1078.9,646.1,16.34,36.8,5.4,35.8,70.9,HIGH
2026-07-06 19:56:06,Bhavani River,baseline_clean,7.63,1.8,6.68,25.3,289.9,166.3,1.0,4.88,2.8,247.6,0.4,LOW
2026-07-06 23:33:42,Bhavani River,agricultural_runoff,7.84,59.2,5.94,25.8,556.7,456.0,4.21,25.5,39.4,179.4,21.3,LOW
2026-07-07 02:58:59,Bhavani River,agricultural_runoff,8.46,56.6,5.34,28.3,550.8,607.9,4.41,22.78,79.9,335.9,28.4,MODERATE
2026-07-07 06:07:48,Bhavani River,baseline_clean,7.18,6.5,7.13,25.4,268.3,141.5,1.17,4.89,3.4,177.0,0.2,LOW
2026-07-07 15:28:43,Bhavani River,urban_sewage_hypoxia,6.11,56.2,4.0,33.2,826.6,508.7,14.93,66.9,12.6,55.7,55.7,HIGH
2026-07-07 20:29:28,Bhavani River,industrial_effluent,9.78,56.0,4.29,30.6,1070.4,1279.7,11.75,112.37,12.6,74.4,59.8,HIGH
2026-07-08 07:32:03,Bhavani River,baseline_clean,7.64,3.6,8.18,27.3,277.6,144.8,2.76,4.48,3.2,134.2,2.1,LOW
2026-07-08 16:46:56,Bhavani River,urban_sewage_hypoxia,6.78,70.2,3.33,25.7,635.5,616.4,16.29,47.02,5.2,31.1,66.9,HIGH
2026-07-08 23:21:15,Bhavani River,baseline_clean,7.21,2.8,9.07,22.8,201.2,183.9,1.05,5.31,6.4,173.5,0.0,LOW
2026-07-09 04:13:02,Bhavani River,agricultural_runoff,7.83,33.8,6.11,24.4,644.0,502.3,4.68,29.55,38.9,157.1,19.4,LOW
2026-07-09 06:09:23,Bhavani River,agricultural_runoff,8.17,43.0,3.92,29.4,548.3,481.4,6.39,32.55,61.7,277.7,45.4,MODERATE
2026-07-09 10:28:37,Bhavani River,urban_sewage_hypoxia,6.64,45.5,3.84,31.6,917.3,550.1,13.25,45.27,3.8,60.5,53.6,HIGH
2026-07-09 12:25:11,Bhavani River,urban_sewage_hypoxia,6.5,53.1,1.85,28.9,709.7,539.2,8.06,57.54,11.4,23.7,76.5,CRITICAL
2026-07-09 17:16:25,Bhavani River,baseline_clean,7.88,9.9,7.13,23.8,220.5,170.6,4.17,5.61,0.4,179.5,5.8,LOW
2026-07-09 22:31:17,Bhavani River,baseline_clean,7.25,4.7,7.76,24.4,257.4,169.8,1.11,4.58,4.1,146.7,0.1,LOW
2026-07-10 07:13:28,Bhavani River,urban_sewage_hypoxia,7.59,60.3,3.9,26.8,551.3,539.5,17.12,46.27,0.2,33.5,60.9,HIGH
2026-07-10 10:29:18,Bhavani River,urban_sewage_hypoxia,7.36,64.5,1.87,25.5,740.4,686.9,9.2,34.91,3.7,68.3,68.4,HIGH
2026-07-10 17:24:28,Bhavani River,urban_sewage_hypoxia,5.89,39.9,2.67,26.7,660.3,562.0,10.61,65.46,7.7,35.1,75.1,CRITICAL
2026-07-11 00:26:26,Bhavani River,urban_sewage_hypoxia,6.37,52.5,3.11,27.9,792.5,515.3,16.56,41.73,11.7,42.5,59.8,HIGH
2026-07-11 01:41:32,Bhavani River,urban_sewage_hypoxia,6.87,76.3,1.71,22.8,865.8,550.4,14.31,41.6,1.4,62.3,71.7,HIGH
2026-07-11 02:45:09,Bhavani River,urban_sewage_hypoxia,6.41,47.7,3.91,27.7,761.5,643.2,12.76,54.22,12.9,50.8,52.8,HIGH
2026-07-11 03:26:13,Bhavani River,urban_sewage_hypoxia,6.9,72.4,2.91,31.7,593.2,718.1,15.81,48.73,7.8,54.0,62.4,HIGH
2026-07-11 05:09:03,Bhavani River,baseline_clean,7.67,5.1,7.63,26.9,210.6,139.5,0.79,4.67,0.9,187.3,0.5,LOW
2026-07-11 09:39:03,Bhavani River,agricultural_runoff,7.81,22.1,6.25,25.3,687.0,575.8,5.61,20.62,35.9,204.5,16.8,LOW
2026-07-11 11:52:24,Bhavani River,baseline_clean,7.32,3.8,6.62,24.4,237.9,262.0,2.47,4.68,0.8,147.7,1.1,LOW
2026-07-11 13:26:06,Bhavani River,industrial_effluent,10.11,78.7,3.81,30.8,1248.0,1055.1,12.38,75.75,2.0,77.3,66.5,HIGH
2026-07-11 17:12:30,Bhavani River,agricultural_runoff,7.51,50.7,4.92,27.9,646.1,643.3,4.14,25.35,69.7,260.2,30.7,MODERATE
2026-07-12 12:23:26,Bhavani River,urban_sewage_hypoxia,6.61,44.8,2.22,30.0,716.2,426.3,8.23,32.11,0.0,34.6,70.2,HIGH
2026-07-12 21:17:17,Bhavani River,urban_sewage_hypoxia,6.35,39.5,3.74,29.2,819.2,459.7,13.75,61.09,6.5,45.3,53.3,HIGH
2026-07-12 23:56:22,Bhavani River,urban_sewage_hypoxia,6.46,54.7,2.26,27.2,823.6,542.3,14.2,52.62,9.8,31.3,76.4,CRITICAL
2026-07-13 03:48:06,Bhavani River,baseline_clean,7.28,1.3,7.72,23.2,263.6,168.9,1.07,6.73,2.3,150.6,0.1,LOW
2026-07-13 05:56:59,Bhavani River,baseline_clean,7.26,1.4,7.88,21.9,246.9,187.5,0.58,5.5,3.8,133.4,0.1,LOW
2026-07-13 13:25:00,Bhavani River,agricultural_runoff,7.44,50.0,4.78,22.5,697.9,386.3,6.74,21.9,65.3,281.4,35.4,MODERATE
2026-07-13 17:11:07,Bhavani River,urban_sewage_hypoxia,6.38,70.0,4.07,27.0,699.0,731.4,9.27,48.44,3.7,50.3,51.9,HIGH
2026-07-13 19:19:50,Bhavani River,agricultural_runoff,7.91,44.8,4.64,32.0,671.2,435.9,5.91,27.66,78.5,257.4,37.2,MODERATE
2026-07-13 22:46:20,Bhavani River,agricultural_runoff,8.01,47.9,4.61,25.4,570.8,472.4,5.41,23.01,43.8,302.0,34.7,MODERATE
2026-07-14 01:19:34,Bhavani River,urban_sewage_hypoxia,6.4,53.5,3.49,28.1,818.1,453.4,11.86,34.71,5.3,36.5,64.0,HIGH
2026-07-14 03:36:14,Bhavani River,industrial_effluent,10.06,100.4,2.49,29.6,1215.6,1296.6,7.78,117.83,2.6,40.5,72.7,HIGH
2026-07-14 07:51:13,Bhavani River,agricultural_runoff,8.53,59.8,6.36,23.9,674.9,576.1,7.21,22.03,72.2,233.0,23.4,LOW
2026-07-14 10:33:17,Bhavani River,baseline_clean,7.25,2.0,7.78,22.7,330.1,195.4,0.63,3.3,7.6,181.2,0.1,LOW
2026-07-14 20:23:36,Bhavani River,agricultural_runoff,8.07,56.6,5.29,26.8,695.3,411.7,6.91,30.67,79.7,237.6,33.7,MODERATE
2026-07-15 00:44:12,Bhavani River,baseline_clean,7.28,6.1,8.03,25.9,245.3,224.8,0.5,18.63,2.1,217.7,2.5,LOW
2026-07-15 06:52:44,Bhavani River,agricultural_runoff,8.17,64.3,4.96,26.1,610.3,387.3,6.68,33.75,44.2,227.8,36.9,MODERATE
2026-07-15 07:42:22,Bhavani River,urban_sewage_hypoxia,6.57,43.6,1.68,28.1,702.9,750.2,16.23,33.96,8.4,27.2,80.1,CRITICAL
2026-07-15 09:58:48,Bhavani River,baseline_clean,7.68,4.7,7.89,22.2,277.5,159.2,1.9,15.2,1.2,175.8,1.9,LOW
2026-07-15 13:20:49,Bhavani River,agricultural_runoff,7.71,51.8,4.97,25.1,688.1,419.9,6.01,20.92,50.7,185.9,31.0,MODERATE
2026-07-15 20:20:53,Bhavani River,baseline_clean,7.63,1.7,7.3,25.3,384.4,162.0,0.6,5.5,7.4,152.8,0.4,LOW
2026-07-16 09:52:45,Bhavani River,baseline_clean,7.34,4.4,8.43,23.0,260.5,164.9,2.02,12.78,0.1,157.9,0.9,LOW
2026-07-16 13:55:40,Bhavani River,urban_sewage_hypoxia,6.76,51.8,3.58,31.9,806.9,565.2,8.25,63.42,10.2,24.6,61.0,HIGH
2026-07-16 15:22:30,Bhavani River,industrial_effluent,5.64,79.8,2.05,29.8,1541.3,1348.2,13.19,118.63,16.1,30.6,87.9,CRITICAL
2026-07-16 22:48:41,Bhavani River,baseline_clean,6.37,1.8,7.77,23.0,341.4,128.6,0.58,5.93,1.5,153.4,1.0,LOW
2026-07-17 01:06:33,Bhavani River,baseline_clean,7.12,1.4,6.82,24.1,303.5,116.6,1.72,5.26,5.7,222.7,0.1,LOW
2026-07-17 01:14:52,Bhavani River,baseline_clean,7.26,1.3,7.16,26.6,219.5,222.5,0.94,10.25,5.0,136.8,0.1,LOW
2026-07-17 09:32:32,Bhavani River,baseline_clean,7.48,7.2,8.07,25.1,305.2,159.9,1.39,8.99,0.4,217.6,0.5,LOW
2026-07-17 10:40:39,Bhavani River,urban_sewage_hypoxia,6.95,80.8,1.79,27.2,750.7,562.1,12.92,40.53,3.7,53.2,70.8,HIGH
2026-07-17 14:55:12,Bhavani River,baseline_clean,7.0,4.5,7.05,23.8,273.0,212.4,1.12,13.42,2.8,163.2,1.1,LOW
2026-07-18 07:23:05,Bhavani River,agricultural_runoff,8.36,55.8,5.78,27.6,520.8,505.7,6.31,34.95,71.5,173.8,29.8,MODERATE
2026-07-18 11:07:03,Bhavani River,industrial_effluent,4.64,87.2,3.12,32.0,1023.3,1154.6,8.19,79.56,9.6,40.7,71.8,HIGH
2026-07-18 22:41:36,Bhavani River,urban_sewage_hypoxia,6.27,71.8,3.75,29.1,767.2,660.2,15.41,60.08,11.3,27.8,65.3,HIGH
2026-07-19 02:54:15,Bhavani River,baseline_clean,7.88,2.0,7.51,27.9,274.7,203.1,2.74,5.54,14.4,174.5,2.4,LOW
2026-07-19 07:46:02,Bhavani River,baseline_clean,7.28,2.9,6.7,25.8,217.6,191.5,1.26,5.52,2.8,220.5,0.1,LOW
2026-07-19 09:49:19,Bhavani River,industrial_effluent,9.92,107.6,2.44,28.4,1284.3,1388.4,9.76,60.9,10.4,68.9,76.1,CRITICAL
2026-07-19 19:51:50,Bhavani River,urban_sewage_hypoxia,5.88,44.6,1.99,26.4,723.9,557.8,8.4,40.95,14.4,24.6,79.1,CRITICAL
2026-07-20 02:03:44,Bhavani River,baseline_clean,6.96,8.1,6.96,21.1,282.0,133.8,0.93,7.47,3.0,139.6,0.6,LOW
2026-07-20 07:21:48,Bhavani River,industrial_effluent,8.97,87.1,2.33,34.6,1498.3,715.6,13.04,92.69,9.9,66.2,71.5,HIGH
2026-07-20 15:32:26,Bhavani River,urban_sewage_hypoxia,6.59,67.7,2.0,31.2,702.6,624.9,11.56,39.52,0.0,61.9,70.2,HIGH
2026-07-20 16:40:51,Bhavani River,urban_sewage_hypoxia,6.45,49.3,3.64,31.1,594.1,636.5,13.02,39.34,0.2,60.4,55.0,HIGH
2026-07-20 22:08:01,Bhavani River,agricultural_runoff,7.92,38.5,3.94,25.8,536.9,500.9,4.83,24.25,66.9,263.0,38.4,MODERATE
2026-07-20 23:45:37,Bhavani River,agricultural_runoff,8.09,64.2,5.44,25.6,465.1,342.0,4.22,34.1,44.2,298.8,28.8,MODERATE
2026-07-21 06:05:06,Bhavani River,urban_sewage_hypoxia,7.11,78.0,4.12,29.0,896.7,681.3,14.06,54.91,10.1,27.4,60.3,HIGH
2026-07-21 11:22:56,Bhavani River,industrial_effluent,9.16,90.0,4.73,32.3,978.5,1397.0,10.75,108.0,3.0,70.0,52.5,HIGH
2026-07-22 04:26:49,Bhavani River,industrial_effluent,5.28,67.7,4.21,28.7,1003.8,701.1,9.36,66.84,17.3,74.7,59.9,HIGH
2026-07-22 08:46:50,Bhavani River,industrial_effluent,9.5,57.3,2.04,28.5,978.9,717.8,9.02,48.37,13.8,79.1,74.4,HIGH
2026-07-22 14:02:18,Bhavani River,urban_sewage_hypoxia,6.86,50.8,2.4,29.3,741.3,596.4,17.43,50.3,14.6,66.3,65.3,HIGH
2026-07-22 14:50:27,Bhavani River,industrial_effluent,9.15,51.2,4.46,28.2,1579.2,1170.5,9.78,55.6,14.5,63.8,53.4,HIGH
2026-07-23 10:00:32,Bhavani River,baseline_clean,7.83,1.3,8.12,28.4,305.4,151.5,0.86,7.98,3.7,158.3,0.9,LOW
2026-07-23 16:31:07,Bhavani River,agricultural_runoff,8.0,58.1,4.1,30.6,693.9,527.8,6.19,33.7,62.1,199.8,43.9,MODERATE
2026-07-23 19:57:43,Bhavani River,agricultural_runoff,7.62,34.9,7.89,25.9,705.2,504.8,4.19,32.14,63.6,269.5,16.7,LOW
2026-07-24 03:26:54,Bhavani River,agricultural_runoff,8.25,45.4,5.8,27.8,789.5,544.2,4.75,25.48,31.6,143.7,23.3,LOW
2026-07-24 09:23:35,Bhavani River,baseline_clean,7.14,4.5,7.31,23.9,266.3,137.6,1.55,6.63,2.3,168.1,0.1,LOW
2026-07-24 12:37:46,Bhavani River,urban_sewage_hypoxia,6.29,65.1,1.64,28.3,794.3,634.3,9.77,49.35,11.3,42.6,73.8,HIGH
2026-07-25 00:39:37,Bhavani River,industrial_effluent,9.71,75.0,2.67,31.1,1562.8,847.6,7.61,63.14,11.0,85.8,68.8,HIGH
2026-07-25 11:07:26,Bhavani River,agricultural_runoff,8.03,56.5,5.08,29.4,511.9,371.0,6.62,22.47,78.6,236.6,32.4,MODERATE
2026-07-25 13:17:01,Bhavani River,industrial_effluent,5.02,60.8,3.75,31.1,1532.9,1044.1,10.61,76.25,15.8,55.5,67.2,HIGH
2026-07-25 16:16:24,Bhavani River,baseline_clean,7.44,8.8,7.06,20.2,263.3,179.5,4.41,4.72,1.4,168.5,5.7,LOW
2026-07-26 07:15:29,Bhavani River,agricultural_runoff,8.13,30.0,5.37,27.5,549.1,477.7,5.59,23.27,53.9,200.0,25.3,MODERATE
2026-07-26 09:59:42,Bhavani River,industrial_effluent,4.57,80.0,2.66,30.1,1033.8,1155.1,10.98,50.85,10.5,77.5,79.1,CRITICAL
2026-07-26 13:05:07,Bhavani River,urban_sewage_hypoxia,7.22,73.6,3.09,28.1,774.2,581.0,14.36,68.82,6.3,49.0,60.1,HIGH
2026-07-26 19:09:47,Bhavani River,urban_sewage_hypoxia,6.95,35.5,3.85,29.6,724.5,471.4,16.45,62.96,5.0,64.6,51.0,HIGH
2026-07-26 22:58:31,Bhavani River,industrial_effluent,9.83,108.4,4.32,35.0,1291.2,843.2,10.53,98.33,15.5,30.0,70.0,HIGH
2026-07-27 05:27:11,Bhavani River,industrial_effluent,9.02,91.5,4.06,35.0,1426.6,967.8,11.02,72.49,3.9,44.9,57.6,HIGH
2026-07-27 10:52:46,Bhavani River,urban_sewage_hypoxia,6.58,74.6,2.27,28.9,967.8,604.9,17.1,51.65,4.9,45.2,68.1,HIGH
2026-07-27 13:05:35,Bhavani River,baseline_clean,7.75,1.7,7.88,24.3,282.9,156.2,1.98,9.08,2.0,202.0,0.6,LOW
2026-07-27 18:54:44,Bhavani River,industrial_effluent,5.79,68.0,4.52,33.5,905.4,985.0,9.04,103.89,8.2,71.1,53.5,HIGH
2026-07-27 19:21:29,Bhavani River,urban_sewage_hypoxia,6.78,79.1,1.85,30.5,718.0,608.2,11.78,42.95,13.1,49.3,71.1,HIGH
2026-07-28 08:51:31,Bhavani River,urban_sewage_hypoxia,6.87,65.1,1.63,26.9,646.6,460.7,10.1,31.55,7.2,35.9,80.4,CRITICAL
2026-07-28 11:34:04,Bhavani River,industrial_effluent,4.75,71.0,2.61,30.1,1598.1,1161.1,14.3,77.68,14.2,57.6,78.4,CRITICAL
2026-07-28 13:27:04,Bhavani River,agricultural_runoff,7.99,42.5,4.93,26.2,650.2,546.1,4.62,33.35,58.6,286.2,32.9,MODERATE
2026-07-28 16:13:45,Bhavani River,agricultural_runoff,7.77,30.4,5.08,28.6,633.3,430.8,5.88,31.56,66.0,240.9,30.4,MODERATE
2026-07-29 02:04:27,Bhavani River,industrial_effluent,4.77,98.4,2.94,32.9,1374.9,1395.6,10.23,100.34,1.0,57.8,76.0,CRITICAL
2026-07-29 03:11:49,Bhavani River,industrial_effluent,5.34,52.0,2.56,34.3,1222.6,1231.0,6.58,76.26,13.5,38.0,77.6,CRITICAL
2026-07-29 08:43:36,Bhavani River,urban_sewage_hypoxia,7.15,67.2,2.95,35.5,826.1,611.0,17.93,58.37,9.6,66.4,62.4,HIGH
2026-07-29 09:24:23,Bhavani River,industrial_effluent,9.07,60.5,2.66,35.0,853.5,1147.7,13.83,95.42,7.3,87.5,68.8,HIGH
2026-07-29 19:51:18,Bhavani River,industrial_effluent,4.86,63.0,2.14,31.3,893.0,1202.9,9.35,59.95,10.9,88.4,80.2,CRITICAL
2026-07-29 21:18:59,Bhavani River,baseline_clean,7.31,3.7,7.14,21.7,256.3,199.0,4.12,5.33,1.2,223.8,4.5,LOW
2026-07-30 05:57:08,Bhavani River,agricultural_runoff,7.56,51.6,4.88,24.3,465.3,523.6,4.52,27.93,38.0,199.5,30.2,MODERATE
2026-07-30 22:55:50,Bhavani River,baseline_clean,7.37,3.3,8.34,23.4,253.3,203.2,0.64,13.59,1.3,178.2,1.1,LOW
2026-07-31 02:50:06,Bhavani River,industrial_effluent,4.55,71.7,3.29,34.8,1473.1,816.8,13.19,58.37,1.6,80.2,74.9,HIGH
2026-07-31 02:57:40,Bhavani River,baseline_clean,7.31,1.5,7.41,24.3,269.2,172.4,1.31,5.93,2.0,192.1,0.1,LOW
2026-07-31 06:01:05,Bhavani River,industrial_effluent,9.17,100.8,4.61,33.4,1555.6,911.6,13.75,81.67,3.3,70.1,54.0,HIGH
2026-07-31 23:39:59,Bhavani River,industrial_effluent,5.88,61.8,4.72,32.2,855.3,723.9,7.33,59.07,15.4,43.4,47.3,MODERATE
2026-08-01 10:41:06,Bhavani River,agricultural_runoff,8.2,36.7,6.0,24.9,563.9,446.0,6.95,31.23,62.8,145.2,25.8,MODERATE
2026-08-01 14:31:10,Bhavani River,urban_sewage_hypoxia,6.87,64.4,2.32,29.3,624.2,556.6,15.09,58.31,11.4,30.0,76.5,CRITICAL
2026-08-01 21:10:26,Bhavani River,industrial_effluent,5.89,85.7,2.0,30.5,1493.4,719.1,6.03,66.09,18.3,84.1,67.3,HIGH
2026-08-01 22:53:04,Bhavani River,industrial_effluent,10.04,98.7,2.25,30.1,893.3,960.1,14.83,52.9,11.2,30.4,90.0,CRITICAL
2026-08-02 06:40:13,Bhavani River,agricultural_runoff,7.52,40.6,5.52,25.6,598.5,509.0,4.53,21.08,51.8,177.7,22.1,LOW
2026-08-02 11:02:04,Bhavani River,urban_sewage_hypoxia,7.08,45.0,3.45,27.8,656.4,609.2,11.9,32.65,6.5,34.3,62.1,HIGH
2026-08-02 18:40:14,Bhavani River,industrial_effluent,5.66,99.8,3.3,33.5,1212.0,970.5,10.73,95.69,14.5,51.4,66.5,HIGH
2026-08-03 01:49:38,Bhavani River,baseline_clean,6.91,2.1,7.83,23.0,282.9,206.9,1.41,5.47,9.2,136.6,0.3,LOW
2026-08-03 12:29:32,Bhavani River,industrial_effluent,9.4,45.1,2.66,28.6,919.3,1185.0,7.93,115.11,10.3,57.6,64.9,HIGH
2026-08-04 04:13:05,Bhavani River,baseline_clean,7.25,2.8,7.7,26.0,233.1,137.4,0.85,3.73,0.5,187.5,0.1,LOW
2026-08-04 06:17:51,Bhavani River,urban_sewage_hypoxia,7.06,43.8,3.64,29.2,630.0,707.2,9.5,62.66,1.4,50.2,53.5,HIGH
2026-08-04 08:07:09,Bhavani River,agricultural_runoff,8.29,46.9,6.24,26.4,447.3,519.7,7.12,32.71,45.5,229.2,25.8,MODERATE
2026-08-04 12:12:21,Bhavani River,industrial_effluent,5.11,81.4,4.39,31.7,1576.1,1259.3,14.58,99.86,17.6,79.9,61.4,HIGH
2026-08-04 14:42:45,Bhavani River,baseline_clean,7.43,4.0,6.54,27.0,288.8,154.0,1.17,7.36,1.4,187.0,0.2,LOW
2026-08-04 22:11:51,Bhavani River,industrial_effluent,9.37,60.9,4.77,28.5,1482.7,948.8,9.77,107.4,1.8,51.3,53.3,HIGH
2026-08-04 23:07:34,Bhavani River,baseline_clean,6.99,2.9,7.96,24.6,272.8,230.3,1.56,4.48,1.3,182.8,0.2,LOW
2026-08-05 04:52:50,Bhavani River,baseline_clean,7.79,2.3,7.13,27.9,307.9,202.2,0.66,16.44,7.4,207.9,2.4,LOW
2026-08-05 07:53:18,Bhavani River,agricultural_runoff,7.72,54.8,5.06,31.9,744.7,576.7,5.54,23.59,34.2,188.3,31.8,MODERATE
2026-08-05 09:49:51,Bhavani River,baseline_clean,7.7,1.2,7.79,24.5,258.2,203.7,4.14,7.62,1.6,189.0,5.0,LOW
2026-08-05 12:33:44,Bhavani River,agricultural_runoff,8.3,38.9,5.92,29.0,702.9,440.1,7.11,29.51,52.4,225.7,27.2,MODERATE
2026-08-05 21:33:23,Bhavani River,agricultural_runoff,7.63,29.8,4.83,29.3,800.7,591.5,7.31,20.89,74.7,173.8,33.4,MODERATE
2026-08-06 06:36:54,Bhavani River,urban_sewage_hypoxia,6.57,64.8,2.24,28.0,738.4,630.8,12.3,58.06,10.4,46.2,67.8,HIGH
2026-08-06 10:11:09,Bhavani River,baseline_clean,8.47,8.9,8.75,22.0,210.8,204.5,1.82,9.22,3.4,202.1,1.7,LOW
2026-08-06 10:21:34,Bhavani River,agricultural_runoff,8.15,27.7,5.75,25.9,745.6,405.7,7.01,30.48,76.0,313.7,28.2,MODERATE
2026-08-06 15:13:16,Bhavani River,baseline_clean,7.17,1.4,7.34,23.6,280.4,184.0,2.2,8.6,5.1,141.7,0.4,LOW
2026-08-07 08:35:14,Bhavani River,baseline_clean,7.26,3.3,8.15,24.7,265.3,198.8,1.15,11.06,0.6,172.5,0.3,LOW
2026-08-07 09:16:46,Bhavani River,baseline_clean,7.14,2.9,7.26,25.8,189.6,137.9,2.69,11.64,7.0,123.2,1.9,LOW
2026-08-07 17:29:22,Bhavani River,urban_sewage_hypoxia,6.42,44.4,3.95,26.3,782.3,473.8,8.4,36.2,1.7,32.4,55.2,HIGH
2026-08-07 20:02:34,Bhavani River,agricultural_runoff,7.8,43.1,6.36,24.3,681.2,587.6,3.91,25.43,55.8,169.8,16.0,LOW
2026-08-07 22:29:24,Bhavani River,urban_sewage_hypoxia,6.95,55.2,3.82,29.5,713.4,684.2,9.17,43.36,14.1,58.4,53.0,HIGH
2026-08-07 23:55:07,Bhavani River,baseline_clean,7.0,1.6,8.1,25.7,201.6,170.4,0.62,4.15,1.7,225.7,0.2,LOW
2026-08-08 03:56:45,Bhavani River,industrial_effluent,4.85,84.3,3.14,29.2,1440.5,840.2,8.89,49.61,14.0,46.5,71.3,HIGH
2026-08-08 11:14:49,Bhavani River,baseline_clean,7.13,1.9,6.44,21.6,286.3,108.3,4.14,19.12,5.6,174.0,7.4,LOW
2026-08-08 19:16:20,Bhavani River,baseline_clean,7.25,2.4,7.53,25.0,301.7,184.2,1.27,5.88,1.8,161.0,0.1,LOW
2026-08-09 03:57:36,Bhavani River,baseline_clean,7.18,4.1,7.61,28.4,261.2,148.6,0.69,16.28,1.2,184.0,1.9,LOW
2026-08-09 05:17:48,Bhavani River,baseline_clean,7.47,8.7,7.98,22.9,223.1,210.7,1.34,3.31,7.4,207.7,0.7,LOW
2026-08-09 07:14:45,Bhavani River,industrial_effluent,9.4,72.5,3.98,30.6,1220.5,1152.6,9.94,104.48,2.3,73.1,60.3,HIGH
2026-08-09 11:11:07,Bhavani River,agricultural_runoff,7.91,61.9,4.57,25.5,609.6,407.3,4.71,23.51,36.4,291.3,33.1,MODERATE
2026-08-09 13:26:19,Bhavani River,baseline_clean,6.89,4.8,7.57,23.0,261.9,209.0,0.67,4.72,3.5,229.4,0.3,LOW
2026-08-09 18:55:38,Bhavani River,urban_sewage_hypoxia,5.9,51.1,1.96,26.7,921.8,577.4,16.55,62.82,3.5,40.8,73.0,HIGH
2026-08-10 01:03:24,Bhavani River,agricultural_runoff,7.97,54.5,4.72,23.6,455.2,486.6,3.87,19.93,65.6,355.1,30.1,MODERATE
2026-08-10 06:40:16,Bhavani River,agricultural_runoff,7.75,56.8,5.73,27.1,576.7,537.3,6.39,23.87,46.2,176.8,27.1,MODERATE
2026-08-10 13:56:51,Bhavani River,baseline_clean,6.78,2.0,7.77,20.2,305.1,173.3,1.04,8.3,0.4,140.3,0.4,LOW
2026-08-10 17:22:42,Bhavani River,industrial_effluent,6.03,58.9,4.05,28.8,1336.7,1231.7,13.74,100.07,18.5,61.3,56.8,HIGH
2026-08-10 19:27:47,Bhavani River,urban_sewage_hypoxia,6.92,52.2,2.0,29.7,806.4,577.8,12.66,52.26,12.2,64.0,68.8,HIGH
2026-08-10 22:46:13,Bhavani River,agricultural_runoff,8.13,27.0,4.25,29.7,380.5,468.1,7.2,26.5,57.5,140.8,38.4,MODERATE
2026-08-10 22:49:05,Bhavani River,baseline_clean,7.58,1.4,7.43,21.0,214.5,184.6,1.34,3.67,0.7,139.3,0.4,LOW
2026-08-11 08:31:17,Bhavani River,industrial_effluent,5.79,99.2,2.31,34.8,1370.0,890.8,10.1,67.29,3.0,47.5,73.8,HIGH
2026-08-11 10:36:53,Bhavani River,industrial_effluent,5.04,97.1,2.55,28.5,884.3,727.1,10.4,64.15,13.8,69.2,76.0,CRITICAL
2026-08-11 11:32:02,Bhavani River,agricultural_runoff,7.91,28.7,4.16,27.9,529.2,405.5,6.0,28.0,64.0,174.1,36.8,MODERATE
2026-08-11 15:57:18,Bhavani River,baseline_clean,6.57,10.2,7.55,21.8,243.2,142.4,1.26,4.38,2.9,152.1,1.2,LOW
2026-08-11 19:20:12,Bhavani River,baseline_clean,7.41,6.6,7.62,27.6,206.8,161.9,1.96,6.9,2.7,148.2,0.5,LOW
2026-08-11 23:09:13,Bhavani River,agricultural_runoff,8.46,40.2,5.34,29.3,705.1,466.1,6.04,25.37,54.2,254.3,30.6,MODERATE
2026-08-12 01:26:51,Bhavani River,agricultural_runoff,7.64,28.5,3.54,28.8,576.7,520.5,6.21,18.97,45.2,200.0,40.3,MODERATE
2026-08-12 10:46:23,Bhavani River,urban_sewage_hypoxia,6.88,72.3,2.26,29.8,596.1,675.2,12.23,45.3,0.3,65.7,67.5,HIGH
2026-08-12 14:03:42,Bhavani River,industrial_effluent,5.48,102.9,2.17,34.3,1029.8,754.6,11.92,118.27,1.1,55.6,77.0,CRITICAL
2026-08-14 02:11:26,Bhavani River,baseline_clean,7.06,3.8,7.76,22.0,198.3,109.4,1.7,8.85,1.6,125.3,0.1,LOW
2026-08-14 17:50:00,Bhavani River,agricultural_runoff,7.75,33.1,5.29,27.8,618.7,591.2,5.38,18.8,38.7,176.8,25.0,LOW
2026-08-14 23:16:08,Bhavani River,baseline_clean,7.47,1.2,7.91,24.1,235.6,143.6,1.73,7.16,0.4,166.9,0.3,LOW
2026-08-15 10:17:07,Bhavani River,industrial_effluent,5.06,61.0,2.64,30.0,985.7,1167.4,11.22,93.63,6.9,76.2,75.5,CRITICAL
2026-08-15 14:44:17,Bhavani River,agricultural_runoff,7.45,49.0,5.95,25.4,500.2,510.4,4.37,28.33,31.7,272.4,20.8,LOW
2026-08-15 18:04:46,Bhavani River,agricultural_runoff,7.52,49.2,5.03,26.7,616.3,477.3,4.11,26.71,67.5,214.5,27.6,MODERATE
2026-08-15 20:39:01,Bhavani River,urban_sewage_hypoxia,6.65,41.0,1.94,29.1,817.9,542.5,10.75,42.49,13.3,57.8,68.1,HIGH
2026-08-16 01:19:55,Bhavani River,baseline_clean,7.33,1.8,7.5,21.8,240.3,106.8,0.55,10.1,7.7,132.8,0.2,LOW
2026-08-16 10:37:25,Bhavani River,baseline_clean,7.13,2.3,7.96,23.9,308.6,157.2,1.06,3.73,9.9,218.9,0.1,LOW
2026-08-16 12:07:48,Bhavani River,agricultural_runoff,7.74,44.6,5.47,24.8,522.8,534.9,6.43,33.93,59.3,237.0,30.4,MODERATE
2026-08-16 14:14:49,Bhavani River,urban_sewage_hypoxia,7.19,62.9,3.99,28.7,544.1,597.6,11.23,50.89,8.3,46.5,52.3,HIGH
2026-08-16 15:29:50,Bhavani River,urban_sewage_hypoxia,7.86,44.3,3.92,30.8,637.8,586.4,11.01,49.08,2.1,20.5,60.1,HIGH
2026-08-16 16:34:45,Bhavani River,urban_sewage_hypoxia,6.18,41.0,1.95,28.5,600.1,515.0,9.8,62.95,11.8,30.5,79.5,CRITICAL
2026-08-16 18:30:14,Bhavani River,urban_sewage_hypoxia,7.17,76.6,3.76,32.8,944.4,685.8,17.18,67.19,8.3,53.2,56.0,HIGH
2026-08-17 01:57:09,Bhavani River,baseline_clean,7.5,3.2,8.44,21.3,218.2,212.1,0.7,8.9,3.4,125.5,0.3,LOW
2026-08-17 03:26:15,Bhavani River,agricultural_runoff,7.98,45.2,5.39,30.0,617.8,442.7,5.35,25.12,75.1,262.0,28.5,MODERATE
2026-08-17 04:37:22,Bhavani River,industrial_effluent,5.45,78.8,3.15,34.3,1412.1,806.1,11.14,51.66,4.9,84.6,69.4,HIGH
2026-08-17 04:59:58,Bhavani River,urban_sewage_hypoxia,6.99,55.6,4.04,31.2,746.3,652.2,15.42,56.77,0.2,60.6,52.7,HIGH
2026-08-17 14:14:45,Bhavani River,agricultural_runoff,8.34,27.5,4.88,26.3,759.5,455.1,6.29,31.36,26.0,262.3,33.2,MODERATE
2026-08-17 14:26:54,Bhavani River,baseline_clean,6.87,2.9,7.79,25.3,281.5,192.8,0.61,3.09,3.2,138.1,0.3,LOW
2026-08-17 21:09:02,Bhavani River,baseline_clean,6.57,2.3,7.52,24.0,286.6,188.6,1.67,15.67,0.4,183.0,2.1,LOW
2026-08-17 23:12:56,Bhavani River,baseline_clean,6.95,2.5,8.17,24.4,218.1,208.7,1.99,6.51,1.3,139.6,0.3,LOW
2026-08-18 03:55:21,Bhavani River,urban_sewage_hypoxia,6.61,35.1,3.93,23.8,641.0,520.1,16.11,41.12,6.9,52.9,50.2,HIGH
2026-08-18 14:44:22,Bhavani River,agricultural_runoff,8.3,49.4,6.45,25.2,657.9,518.3,5.07,25.41,45.5,388.9,19.6,LOW
2026-08-18 17:06:21,Bhavani River,industrial_effluent,9.48,87.2,3.71,32.8,878.7,904.2,14.18,76.79,19.2,42.8,62.9,HIGH
2026-08-18 17:54:12,Bhavani River,agricultural_runoff,7.74,33.8,5.96,28.5,554.2,703.7,6.88,32.17,47.7,219.7,26.5,MODERATE
2026-08-18 21:42:20,Bhavani River,urban_sewage_hypoxia,6.77,45.9,2.5,29.9,773.8,519.6,9.28,57.72,3.2,56.9,62.8,HIGH
2026-08-19 06:41:32,Bhavani River,baseline_clean,7.54,2.3,7.57,24.5,239.5,152.4,0.66,4.62,1.3,145.4,0.3,LOW
2026-08-19 13:24:08,Bhavani River,baseline_clean,7.24,2.7,6.66,24.5,217.7,199.8,1.05,3.59,2.8,221.7,0.0,LOW
2026-08-19 18:36:50,Bhavani River,baseline_clean,7.1,2.8,8.0,23.3,297.2,207.8,1.06,7.08,2.6,265.4,0.1,LOW
2026-08-20 00:30:46,Bhavani River,industrial_effluent,5.92,52.2,4.0,29.0,895.7,793.0,14.56,78.03,1.0,65.0,56.8,HIGH
2026-08-20 08:46:12,Bhavani River,baseline_clean,7.26,8.6,8.28,25.5,294.7,138.4,1.87,5.4,3.0,156.1,0.5,LOW
2026-08-20 09:41:39,Bhavani River,baseline_clean,7.08,2.4,8.41,24.4,275.5,180.3,0.53,7.93,5.3,142.3,0.1,LOW
2026-08-20 16:40:17,Bhavani River,agricultural_runoff,7.12,33.9,5.11,24.8,572.8,501.5,7.19,32.13,50.1,338.0,34.4,MODERATE
2026-08-20 20:02:41,Bhavani River,baseline_clean,7.89,1.4,7.28,24.1,301.0,159.5,1.67,15.56,11.5,208.8,2.2,LOW
2026-08-21 00:07:02,Bhavani River,industrial_effluent,5.6,76.5,2.99,32.4,1427.4,1145.1,13.44,58.23,7.5,48.8,69.4,HIGH
2026-08-21 01:42:47,Bhavani River,urban_sewage_hypoxia,6.71,80.4,1.74,32.4,633.3,480.4,11.94,69.47,4.0,35.5,82.4,CRITICAL
2026-08-21 08:22:52,Bhavani River,agricultural_runoff,7.82,40.4,4.75,28.8,611.2,461.4,6.09,20.96,70.0,230.6,32.0,MODERATE
2026-08-21 23:22:55,Bhavani River,urban_sewage_hypoxia,6.29,47.9,2.13,28.8,745.8,461.1,13.62,34.9,5.6,64.5,67.0,HIGH
2026-08-22 08:55:21,Bhavani River,agricultural_runoff,7.63,48.7,5.59,25.7,592.5,474.0,6.62,19.51,44.6,283.9,27.6,MODERATE
2026-08-22 10:01:34,Bhavani River,baseline_clean,7.63,2.6,7.46,23.7,245.0,178.6,2.12,8.45,7.4,186.5,0.7,LOW
2026-08-22 14:20:51,Bhavani River,agricultural_runoff,7.89,27.6,5.16,26.3,498.8,478.6,5.84,31.98,40.5,266.8,30.6,MODERATE
2026-08-23 00:40:53,Bhavani River,urban_sewage_hypoxia,6.91,41.7,2.39,24.8,611.5,592.0,16.84,58.41,15.0,21.4,73.1,HIGH
2026-08-23 14:52:50,Bhavani River,industrial_effluent,6.02,107.6,2.88,30.5,1137.0,1275.5,13.12,118.73,9.3,74.2,66.8,HIGH
2026-08-23 18:44:50,Bhavani River,urban_sewage_hypoxia,7.25,52.4,3.21,28.6,674.2,526.1,14.31,60.49,5.7,43.1,58.0,HIGH
2026-08-24 00:35:44,Bhavani River,industrial_effluent,4.56,99.6,2.13,34.3,1254.0,817.9,10.07,119.62,6.1,46.2,84.3,CRITICAL
2026-08-24 07:31:56,Bhavani River,urban_sewage_hypoxia,6.35,43.9,2.49,28.3,682.1,605.3,10.65,38.43,5.6,20.2,73.9,HIGH
2026-08-24 09:08:36,Bhavani River,baseline_clean,7.46,2.5,6.83,26.6,220.5,137.4,3.25,3.89,5.3,199.6,2.9,LOW
2026-08-25 00:15:08,Bhavani River,baseline_clean,7.53,1.5,7.59,23.2,258.1,189.5,1.82,5.56,9.5,223.6,0.3,LOW
2026-08-25 07:08:20,Bhavani River,industrial_effluent,4.67,80.2,3.05,29.3,873.0,1096.6,11.39,55.64,12.0,87.1,74.7,HIGH
2026-08-25 11:00:20,Bhavani River,agricultural_runoff,7.61,40.4,5.93,26.0,516.9,553.8,6.42,23.25,60.2,295.6,24.4,LOW
2026-08-25 11:39:21,Bhavani River,baseline_clean,7.3,2.3,9.17,27.0,243.9,154.8,1.71,11.07,1.7,161.1,0.4,LOW
2026-05-28 13:56:44,Cauvery River,urban_sewage_hypoxia,5.93,39.7,1.99,28.1,770.2,636.2,12.93,56.28,13.7,41.8,71.2,HIGH
2026-05-28 20:36:06,Cauvery River,baseline_clean,7.4,10.2,7.53,27.8,302.6,116.2,0.94,7.47,5.6,164.4,0.9,LOW
2026-05-28 21:33:17,Cauvery River,baseline_clean,7.84,11.6,7.8,25.8,279.8,171.7,1.11,4.01,2.0,182.1,1.4,LOW
2026-05-28 23:17:13,Cauvery River,agricultural_runoff,7.99,25.2,5.41,27.4,624.9,639.3,6.37,25.73,72.8,260.3,28.7,MODERATE
2026-05-29 02:52:06,Cauvery River,agricultural_runoff,8.0,65.0,5.61,26.5,624.2,448.5,5.47,20.2,28.1,271.1,25.5,MODERATE
2026-05-29 09:47:32,Cauvery River,industrial_effluent,4.87,67.3,3.33,30.5,1336.6,1035.7,11.26,100.26,11.2,65.2,71.7,HIGH
2026-05-29 12:14:42,Cauvery River,baseline_clean,7.38,1.6,7.57,24.8,256.6,177.1,0.83,3.75,4.4,189.6,0.2,LOW
2026-05-29 13:09:39,Cauvery River,urban_sewage_hypoxia,6.48,83.4,3.42,30.2,820.5,524.8,13.06,58.29,7.1,58.4,57.7,HIGH
2026-05-29 17:18:28,Cauvery River,baseline_clean,7.55,8.3,6.49,22.2,271.5,175.0,0.95,3.6,6.3,199.9,0.8,LOW
2026-05-29 20:46:00,Cauvery River,urban_sewage_hypoxia,6.24,55.7,3.83,29.6,742.8,654.6,12.55,66.74,11.8,49.4,55.9,HIGH
2026-05-30 03:52:02,Cauvery River,baseline_clean,6.91,2.2,7.65,24.4,220.9,182.2,1.66,10.08,0.9,120.4,0.3,LOW
2026-05-30 09:54:37,Cauvery River,baseline_clean,6.98,8.9,8.13,26.3,256.8,156.0,2.44,3.15,3.6,211.0,1.6,LOW
2026-05-30 12:23:06,Cauvery River,urban_sewage_hypoxia,6.26,40.5,2.46,31.0,639.3,505.9,9.95,31.68,6.3,20.9,72.6,HIGH
2026-05-30 15:21:15,Cauvery River,agricultural_runoff,7.94,43.1,4.2,31.0,560.1,322.8,4.81,26.1,53.9,196.1,35.4,MODERATE
2026-05-31 00:28:01,Cauvery River,baseline_clean,7.16,3.9,6.39,26.0,216.3,181.2,0.54,5.62,0.4,196.8,0.9,LOW
2026-05-31 02:06:53,Cauvery River,baseline_clean,7.3,1.9,7.41,26.4,233.6,200.7,0.59,9.96,1.8,183.2,0.1,LOW
2026-05-31 08:39:17,Cauvery River,urban_sewage_hypoxia,5.92,38.7,1.96,28.3,519.5,610.3,16.2,47.24,14.5,32.4,81.5,CRITICAL
2026-05-31 13:58:23,Cauvery River,urban_sewage_hypoxia,6.16,67.6,1.79,33.1,860.6,569.8,15.72,52.68,3.2,56.9,74.2,HIGH
2026-05-31 15:21:09,Cauvery River,agricultural_runoff,7.5,32.2,3.89,23.9,565.9,491.9,6.27,28.53,63.3,205.0,39.9,MODERATE
2026-05-31 18:44:35,Cauvery River,agricultural_runoff,8.46,45.7,5.35,26.8,581.4,488.6,6.83,33.03,78.0,267.2,34.5,MODERATE
2026-05-31 20:13:42,Cauvery River,urban_sewage_hypoxia,7.07,73.5,3.0,28.4,655.7,505.3,15.19,64.05,2.6,53.6,60.5,HIGH
2026-05-31 21:05:39,Cauvery River,baseline_clean,7.97,1.8,6.98,25.3,276.6,164.4,0.53,7.11,3.7,175.5,0.8,LOW
2026-06-01 00:25:40,Cauvery River,industrial_effluent,5.43,50.8,4.69,32.4,1416.1,819.3,9.69,76.7,16.4,30.1,63.8,HIGH
2026-06-01 02:19:07,Cauvery River,urban_sewage_hypoxia,6.36,54.0,2.44,26.1,756.6,461.1,16.17,41.19,2.4,67.1,65.2,HIGH
2026-06-01 09:26:24,Cauvery River,agricultural_runoff,7.89,28.5,4.75,28.8,542.3,318.8,5.26,25.81,71.4,217.8,29.6,MODERATE
2026-06-01 12:33:52,Cauvery River,industrial_effluent,4.97,67.7,4.17,32.6,988.9,821.9,6.89,94.52,15.3,45.9,58.0,HIGH
2026-06-01 14:34:08,Cauvery River,baseline_clean,7.36,3.3,7.86,21.6,305.4,159.5,1.36,7.04,1.0,199.2,0.2,LOW
2026-06-01 17:45:58,Cauvery River,agricultural_runoff,7.32,28.4,4.63,27.9,586.4,600.9,7.08,28.08,66.9,220.0,35.4,MODERATE
2026-06-01 18:10:50,Cauvery River,urban_sewage_hypoxia,6.82,67.9,2.34,28.5,833.5,636.7,13.96,57.52,4.2,38.8,77.1,CRITICAL
2026-06-01 20:47:21,Cauvery River,baseline_clean,7.75,20.4,7.92,24.4,283.1,225.9,2.19,3.5,2.1,142.3,2.7,LOW
2026-06-01 23:10:08,Cauvery River,urban_sewage_hypoxia,6.47,54.9,3.99,28.1,714.9,588.5,10.47,31.78,0.9,21.8,58.3,HIGH
2026-06-02 05:35:54,Cauvery River,agricultural_runoff,7.69,26.0,5.04,29.0,556.3,414.0,6.18,21.33,49.3,183.8,27.9,MODERATE
2026-06-02 16:30:20,Cauvery River,baseline_clean,7.73,4.3,7.46,22.4,275.5,191.8,4.39,4.22,1.3,156.4,5.5,LOW
2026-06-02 18:04:00,Cauvery River,agricultural_runoff,7.78,56.5,4.87,27.5,865.8,506.4,5.27,19.48,25.4,231.0,31.3,MODERATE
2026-06-02 19:45:21,Cauvery River,industrial_effluent,9.82,46.9,3.89,28.3,1187.9,1350.6,7.49,74.24,14.6,82.9,57.3,HIGH
2026-06-03 01:07:33,Cauvery River,agricultural_runoff,7.74,54.8,5.49,26.2,658.8,315.5,3.82,24.56,34.1,256.7,23.0,LOW
2026-06-03 16:01:02,Cauvery River,baseline_clean,7.04,1.5,8.16,21.3,227.2,155.7,2.21,11.9,2.3,210.6,1.1,LOW
2026-06-03 17:03:46,Cauvery River,agricultural_runoff,8.2,58.3,5.48,24.8,656.9,518.5,4.48,22.73,62.1,222.0,25.6,MODERATE
2026-06-03 20:56:13,Cauvery River,industrial_effluent,9.4,95.3,4.16,31.6,1582.0,787.9,6.15,102.76,16.1,37.2,59.2,HIGH
2026-06-03 23:39:16,Cauvery River,baseline_clean,7.69,3.7,8.27,22.7,285.2,193.1,2.99,10.51,1.5,230.7,2.7,LOW
2026-06-04 11:42:59,Cauvery River,urban_sewage_hypoxia,6.1,44.0,1.77,28.5,719.8,607.6,8.81,64.02,14.6,37.2,80.6,CRITICAL
2026-06-04 18:21:17,Cauvery River,baseline_clean,7.05,3.2,7.27,22.2,219.8,176.2,1.52,3.32,0.3,182.4,0.2,LOW
2026-06-05 02:28:22,Cauvery River,urban_sewage_hypoxia,6.35,43.0,1.69,27.8,809.7,506.9,16.76,62.57,9.8,54.3,70.5,HIGH
2026-06-05 05:00:08,Cauvery River,baseline_clean,6.6,5.0,7.07,23.6,163.6,217.8,2.69,6.04,6.2,163.7,2.0,LOW
2026-06-05 09:19:23,Cauvery River,industrial_effluent,10.27,88.8,3.14,34.2,1016.4,1200.2,13.93,99.85,13.9,75.2,73.3,HIGH
2026-06-05 16:35:50,Cauvery River,agricultural_runoff,8.26,57.4,4.5,26.2,737.7,531.8,4.36,21.69,50.5,280.8,35.0,MODERATE
2026-06-05 21:54:46,Cauvery River,industrial_effluent,5.75,84.6,3.96,33.9,1452.1,1372.6,10.82,81.64,8.0,39.2,69.5,HIGH
2026-06-06 04:57:33,Cauvery River,agricultural_runoff,7.73,45.1,5.96,25.9,696.1,476.6,6.54,26.37,67.7,169.7,24.8,LOW
2026-06-06 08:45:27,Cauvery River,agricultural_runoff,7.96,61.8,5.8,27.4,742.9,540.5,6.61,26.72,41.2,315.9,30.1,MODERATE
2026-06-06 20:29:53,Cauvery River,agricultural_runoff,8.09,37.4,4.32,27.4,659.0,328.5,5.14,31.7,58.8,223.6,35.8,MODERATE
2026-06-06 21:17:33,Cauvery River,agricultural_runoff,8.18,46.3,5.23,25.9,596.1,584.6,6.69,22.69,70.9,261.8,32.5,MODERATE
2026-06-07 05:11:33,Cauvery River,baseline_clean,7.09,3.6,7.09,21.7,248.7,161.0,2.06,12.13,0.4,137.7,0.8,LOW
2026-06-07 07:20:43,Cauvery River,baseline_clean,7.09,2.1,8.12,22.1,316.5,166.4,0.57,6.07,3.3,180.6,0.1,LOW
2026-06-07 13:57:16,Cauvery River,baseline_clean,7.25,4.4,7.8,21.5,290.6,135.1,0.64,7.83,0.5,201.3,0.1,LOW
2026-06-08 06:02:24,Cauvery River,baseline_clean,7.01,4.0,6.79,23.7,316.3,182.0,1.56,4.67,8.3,162.9,0.2,LOW
2026-06-08 10:12:47,Cauvery River,baseline_clean,6.81,2.5,7.66,26.0,175.8,204.6,1.08,5.69,2.1,228.5,0.4,LOW
2026-06-08 18:19:46,Cauvery River,agricultural_runoff,7.65,35.2,4.88,30.7,739.8,614.4,4.1,19.49,39.8,178.9,26.8,MODERATE
2026-06-08 22:09:04,Cauvery River,baseline_clean,7.28,4.2,7.84,22.4,315.4,158.8,0.91,7.04,2.0,164.2,0.1,LOW
2026-06-08 23:51:34,Cauvery River,industrial_effluent,9.03,84.0,3.36,31.8,1544.7,1309.9,13.07,65.53,18.2,35.9,72.6,HIGH
2026-06-09 03:25:55,Cauvery River,agricultural_runoff,8.04,45.6,5.17,27.7,543.5,654.0,5.51,32.09,46.1,253.2,33.1,MODERATE
2026-06-09 06:10:25,Cauvery River,baseline_clean,7.67,2.3,8.0,23.1,287.2,146.1,2.68,3.45,3.2,272.7,1.9,LOW
2026-06-09 16:21:55,Cauvery River,baseline_clean,6.61,3.4,7.34,21.4,244.8,148.4,1.44,10.69,5.2,174.8,0.8,LOW
2026-06-09 21:13:39,Cauvery River,baseline_clean,7.18,1.3,8.86,22.3,249.8,99.1,1.54,9.55,1.4,204.9,0.0,LOW
2026-06-10 01:46:49,Cauvery River,agricultural_runoff,8.06,53.8,5.54,24.3,539.3,413.7,4.14,27.05,71.0,270.3,25.5,MODERATE
2026-06-10 02:44:02,Cauvery River,urban_sewage_hypoxia,6.48,47.4,2.6,29.0,674.3,556.6,15.14,62.53,4.9,32.9,72.1,HIGH
2026-06-10 08:00:35,Cauvery River,urban_sewage_hypoxia,6.34,59.1,3.55,34.4,644.0,497.6,17.21,32.25,4.3,44.3,56.2,HIGH
2026-06-10 08:06:19,Cauvery River,agricultural_runoff,7.47,44.2,4.91,27.0,582.6,496.8,5.77,32.63,28.5,260.0,33.0,MODERATE
2026-06-10 19:05:42,Cauvery River,baseline_clean,7.84,13.6,7.43,22.1,299.3,167.1,1.52,5.24,0.1,141.2,1.6,LOW
2026-06-10 21:44:41,Cauvery River,baseline_clean,7.86,5.2,7.36,28.0,351.2,134.7,4.67,10.68,2.8,168.3,6.6,LOW
2026-06-11 02:19:54,Cauvery River,agricultural_runoff,7.5,35.3,4.99,26.4,652.8,626.5,7.44,22.11,52.0,164.4,32.7,MODERATE
2026-06-11 05:06:30,Cauvery River,baseline_clean,7.39,10.5,7.57,22.7,289.3,164.1,0.84,5.82,6.0,163.7,0.8,LOW
2026-06-11 10:50:09,Cauvery River,baseline_clean,8.23,4.5,6.87,24.8,250.5,138.5,1.99,7.12,1.5,173.6,1.0,LOW
2026-06-11 13:19:01,Cauvery River,industrial_effluent,5.08,98.7,3.96,31.2,891.3,998.8,10.22,114.64,12.8,48.7,64.5,HIGH
2026-06-12 00:43:02,Cauvery River,industrial_effluent,9.66,101.9,2.76,28.0,971.9,944.7,8.84,104.35,13.6,48.0,69.4,HIGH
2026-06-12 06:50:04,Cauvery River,baseline_clean,6.93,1.3,8.24,24.7,265.6,140.8,1.32,3.89,5.6,249.5,0.3,LOW
2026-06-12 13:22:39,Cauvery River,baseline_clean,7.28,2.4,7.72,23.4,270.8,183.0,1.55,3.18,3.9,162.2,0.1,LOW
2026-06-12 16:56:54,Cauvery River,agricultural_runoff,7.6,49.7,5.54,27.4,752.0,500.3,7.26,21.51,36.7,195.0,29.2,MODERATE
2026-06-12 19:51:49,Cauvery River,industrial_effluent,5.29,82.2,2.67,33.6,1214.9,933.8,6.96,62.91,19.0,48.3,68.6,HIGH
2026-06-13 00:20:31,Cauvery River,urban_sewage_hypoxia,6.51,40.7,1.51,29.4,755.6,709.2,10.65,36.05,4.0,34.2,82.4,CRITICAL
2026-06-13 09:04:11,Cauvery River,urban_sewage_hypoxia,6.6,83.3,2.72,31.7,714.9,507.6,17.49,42.79,8.5,63.4,63.9,HIGH
2026-06-13 10:39:59,Cauvery River,baseline_clean,7.02,1.3,8.32,21.9,276.6,175.1,0.51,4.8,3.7,279.5,0.2,LOW
2026-06-13 11:17:03,Cauvery River,industrial_effluent,9.41,67.2,2.54,31.9,1085.9,759.1,12.17,98.08,7.2,34.6,83.2,CRITICAL
2026-06-13 13:02:58,Cauvery River,baseline_clean,7.01,4.3,7.18,26.1,279.5,148.0,0.85,18.65,3.6,175.0,2.5,LOW
2026-06-13 21:29:15,Cauvery River,baseline_clean,7.07,9.4,7.63,25.4,307.6,184.5,4.32,8.01,10.3,217.1,5.5,LOW
2026-06-13 23:40:54,Cauvery River,baseline_clean,7.7,1.9,7.96,27.4,270.6,154.9,4.03,7.51,9.5,259.2,4.8,LOW
2026-06-14 02:59:27,Cauvery River,baseline_clean,7.0,3.8,7.32,23.2,220.2,186.5,1.04,5.18,3.3,243.1,0.2,LOW
2026-06-14 05:58:30,Cauvery River,agricultural_runoff,6.86,33.1,6.84,25.2,672.7,493.8,4.01,29.44,36.7,201.4,14.4,LOW
2026-06-14 09:34:36,Cauvery River,baseline_clean,7.12,1.4,7.97,21.3,289.0,208.7,1.67,4.06,8.0,270.6,0.1,LOW
2026-06-14 19:16:11,Cauvery River,urban_sewage_hypoxia,6.73,81.8,3.11,27.3,809.0,634.2,17.29,60.81,7.6,57.4,60.5,HIGH
2026-06-14 21:39:43,Cauvery River,urban_sewage_hypoxia,7.57,84.6,3.2,29.2,609.3,541.5,16.66,62.58,1.6,31.7,68.1,HIGH
2026-06-15 07:40:06,Cauvery River,industrial_effluent,9.27,93.1,2.87,34.0,1375.3,981.3,6.69,99.95,12.3,30.2,72.1,HIGH
2026-06-15 10:45:26,Cauvery River,baseline_clean,7.74,1.3,7.23,23.9,202.0,172.3,3.42,5.65,2.7,216.7,3.5,LOW
2026-06-16 05:23:22,Cauvery River,urban_sewage_hypoxia,6.21,69.7,2.9,29.1,677.9,453.2,10.63,40.52,12.8,28.2,72.7,HIGH
2026-06-16 09:56:55,Cauvery River,agricultural_runoff,7.64,34.0,4.91,27.2,539.4,384.8,6.42,27.48,36.6,301.4,31.5,MODERATE
2026-06-16 12:48:38,Cauvery River,baseline_clean,7.62,6.6,7.68,25.0,294.7,140.5,0.91,3.08,3.5,136.2,0.6,LOW
2026-06-16 13:21:34,Cauvery River,agricultural_runoff,7.84,36.7,6.14,26.1,521.2,300.5,6.31,25.16,25.7,235.1,20.7,LOW
2026-06-16 17:44:41,Cauvery River,baseline_clean,7.51,4.9,7.34,23.8,284.1,156.6,1.6,5.39,0.8,251.9,0.3,LOW
2026-06-17 02:57:57,Cauvery River,agricultural_runoff,7.98,27.5,6.08,28.9,608.1,459.9,6.43,19.7,32.8,264.2,20.1,LOW
2026-06-17 18:26:18,Cauvery River,baseline_clean,7.41,1.8,7.85,25.1,285.7,119.2,0.83,3.52,2.9,215.2,0.2,LOW
2026-06-18 01:31:59,Cauvery River,agricultural_runoff,8.24,27.3,5.11,22.5,504.5,444.2,4.69,20.21,60.4,268.2,25.5,MODERATE
2026-06-18 03:11:14,Cauvery River,urban_sewage_hypoxia,7.01,64.3,2.5,25.4,532.3,578.1,8.99,38.55,12.5,25.3,72.2,HIGH
2026-06-18 05:10:10,Cauvery River,baseline_clean,7.12,10.5,8.28,21.3,247.2,214.3,0.65,9.18,0.1,215.5,0.7,LOW
2026-06-18 11:23:42,Cauvery River,agricultural_runoff,8.16,51.4,6.66,26.1,537.4,455.1,7.3,25.95,57.0,314.4,23.7,LOW
2026-06-18 18:40:03,Cauvery River,urban_sewage_hypoxia,6.65,72.2,3.17,31.8,716.7,697.7,15.75,48.5,6.6,67.0,60.8,HIGH
2026-06-18 20:38:03,Cauvery River,baseline_clean,7.38,1.4,6.7,24.7,243.6,159.0,1.16,5.91,5.8,162.4,0.2,LOW
2026-06-18 23:43:29,Cauvery River,baseline_clean,6.9,6.1,7.17,21.1,218.1,175.2,0.98,10.15,7.6,186.2,0.5,LOW
2026-06-19 07:02:09,Cauvery River,baseline_clean,7.6,2.4,8.16,23.8,292.0,165.1,1.11,3.68,2.2,221.5,0.4,LOW
2026-06-19 15:43:07,Cauvery River,agricultural_runoff,7.54,30.5,5.89,23.7,578.9,352.6,5.46,27.13,30.0,299.4,20.8,LOW
2026-06-19 18:38:12,Cauvery River,baseline_clean,7.13,2.0,7.47,23.4,207.9,132.6,0.51,5.93,3.7,209.3,0.1,LOW
2026-06-20 09:17:40,Cauvery River,industrial_effluent,5.45,55.7,2.35,34.9,1145.3,859.2,7.54,95.07,12.2,68.6,70.8,HIGH
2026-06-20 16:34:13,Cauvery River,agricultural_runoff,7.52,46.1,4.83,26.5,582.5,573.5,6.4,28.78,45.2,146.3,34.5,MODERATE
2026-06-20 16:43:58,Cauvery River,baseline_clean,7.16,2.7,7.58,25.2,263.7,210.1,1.37,3.17,1.5,182.5,0.0,LOW
2026-06-20 18:34:15,Cauvery River,agricultural_runoff,8.17,62.6,4.22,27.7,689.2,426.7,6.85,22.69,64.1,268.0,42.9,MODERATE
2026-06-20 21:13:29,Cauvery River,agricultural_runoff,8.52,44.5,5.48,25.5,521.3,459.7,4.78,29.97,69.8,99.3,25.2,MODERATE
2026-06-21 01:35:20,Cauvery River,industrial_effluent,9.18,62.6,2.8,29.9,1491.6,722.3,6.68,65.54,4.0,43.9,62.0,HIGH
2026-06-21 07:02:26,Cauvery River,baseline_clean,7.19,2.4,8.34,25.1,233.7,179.9,3.97,4.53,1.0,229.7,4.1,LOW
2026-06-21 23:18:26,Cauvery River,industrial_effluent,8.91,57.1,2.28,30.5,1226.0,730.4,9.14,58.44,12.9,57.9,69.4,HIGH
2026-06-22 02:26:53,Cauvery River,baseline_clean,7.14,2.5,7.06,19.9,244.7,169.0,3.9,3.49,11.7,161.9,4.0,LOW
2026-06-22 09:14:07,Cauvery River,industrial_effluent,5.32,107.0,3.34,32.9,1541.3,961.4,14.12,113.81,18.6,46.2,68.6,HIGH
2026-06-22 10:03:08,Cauvery River,baseline_clean,7.51,5.8,7.12,27.7,243.3,137.1,1.06,6.47,11.8,167.3,0.5,LOW
2026-06-22 16:49:18,Cauvery River,baseline_clean,7.23,4.2,7.77,25.1,233.6,139.5,1.1,9.32,2.5,162.3,0.0,LOW
2026-06-22 18:38:07,Cauvery River,urban_sewage_hypoxia,7.62,78.4,4.02,28.7,657.7,558.2,9.99,61.05,0.6,68.6,52.6,HIGH
2026-06-23 00:19:34,Cauvery River,agricultural_runoff,8.4,46.2,5.6,24.8,747.9,422.2,5.84,21.66,65.4,211.4,25.8,MODERATE
2026-06-23 06:57:16,Cauvery River,industrial_effluent,5.1,66.6,2.49,32.3,1207.5,1306.0,6.29,93.29,15.3,75.6,69.9,HIGH
2026-06-24 16:46:05,Cauvery River,agricultural_runoff,8.69,59.6,5.66,22.6,484.4,512.1,4.06,33.17,63.8,313.4,27.3,MODERATE
2026-06-24 18:04:21,Cauvery River,industrial_effluent,10.28,64.3,2.45,31.0,1151.4,1103.0,11.25,101.25,10.2,36.3,90.7,CRITICAL
2026-06-24 22:25:31,Cauvery River,urban_sewage_hypoxia,6.99,78.6,3.52,26.1,761.9,677.1,15.39,35.6,6.1,37.4,64.8,HIGH
2026-06-25 00:29:09,Cauvery River,agricultural_runoff,7.16,51.6,5.58,21.6,460.8,477.1,5.14,23.42,39.1,249.3,24.0,LOW
2026-06-25 01:13:55,Cauvery River,agricultural_runoff,8.44,41.2,3.74,24.2,848.7,628.3,4.31,18.06,76.4,173.8,37.4,MODERATE
2026-06-25 02:59:15,Cauvery River,baseline_clean,7.23,2.0,7.18,23.1,293.8,160.0,2.33,11.43,0.3,164.3,1.1,LOW
2026-06-25 05:24:05,Cauvery River,industrial_effluent,8.96,63.5,2.55,28.1,1031.7,1175.1,8.08,83.18,17.8,71.6,65.0,HIGH
2026-06-25 15:10:04,Cauvery River,baseline_clean,7.69,1.9,7.46,25.1,213.6,167.1,1.93,32.23,18.5,222.2,6.4,LOW
2026-06-25 19:02:49,Cauvery River,industrial_effluent,4.67,77.2,3.71,29.9,1387.6,1116.4,8.92,46.9,15.0,42.9,68.1,HIGH
2026-06-26 02:01:07,Cauvery River,baseline_clean,6.88,1.2,7.58,22.4,253.6,162.3,1.6,6.02,0.3,164.3,0.3,LOW
2026-06-26 02:57:24,Cauvery River,industrial_effluent,5.22,72.4,2.71,30.6,931.1,876.1,8.45,99.05,1.0,69.1,71.0,HIGH
2026-06-26 06:09:51,Cauvery River,urban_sewage_hypoxia,6.99,64.4,1.53,29.1,777.0,583.8,10.85,46.4,3.2,51.7,73.3,HIGH
2026-06-26 20:03:15,Cauvery River,urban_sewage_hypoxia,6.95,35.7,3.35,30.0,640.9,620.6,15.54,32.73,9.6,61.3,54.3,HIGH
2026-06-26 22:05:17,Cauvery River,baseline_clean,7.07,3.7,7.86,22.1,238.1,161.5,1.06,3.74,1.9,216.8,0.1,LOW
2026-06-27 08:14:46,Cauvery River,baseline_clean,7.35,7.6,6.58,22.4,248.1,169.5,1.27,6.88,0.0,202.9,0.5,LOW
2026-06-27 12:26:59,Cauvery River,agricultural_runoff,7.29,59.4,5.03,29.1,593.7,413.8,6.59,22.69,70.2,239.5,32.7,MODERATE
2026-06-27 12:29:18,Cauvery River,baseline_clean,7.15,4.3,7.81,24.5,282.7,168.7,0.82,12.0,5.0,181.2,0.6,LOW
2026-06-28 02:32:53,Cauvery River,urban_sewage_hypoxia,7.27,68.5,3.48,28.4,610.9,765.3,15.47,32.72,3.4,53.7,55.7,HIGH
2026-06-28 07:08:17,Cauvery River,baseline_clean,6.99,6.9,7.56,28.0,227.8,119.5,1.15,3.27,6.4,219.2,0.6,LOW
2026-06-28 07:16:19,Cauvery River,baseline_clean,7.31,4.2,7.52,23.9,265.6,203.3,2.42,14.04,6.5,127.5,2.1,LOW
2026-06-28 17:59:38,Cauvery River,baseline_clean,7.61,3.6,7.66,25.2,242.6,127.7,1.57,4.77,7.4,189.6,0.4,LOW
2026-06-29 07:34:21,Cauvery River,baseline_clean,7.31,5.7,7.64,24.4,320.7,182.6,0.92,6.29,3.1,225.7,0.2,LOW
2026-06-29 14:15:32,Cauvery River,urban_sewage_hypoxia,6.91,38.2,2.02,27.8,851.5,622.5,10.15,43.09,12.2,46.9,67.0,HIGH
2026-06-29 16:37:11,Cauvery River,baseline_clean,7.26,2.6,7.32,25.0,250.0,176.9,3.04,4.5,3.4,243.5,2.2,LOW
2026-06-30 13:01:04,Cauvery River,industrial_effluent,5.59,72.8,3.66,33.1,1236.2,1269.8,12.5,91.13,3.0,80.2,64.0,HIGH
2026-06-30 16:38:24,Cauvery River,baseline_clean,7.6,2.6,7.83,23.4,275.3,143.3,1.57,5.18,3.8,164.4,0.4,LOW
2026-07-01 06:12:06,Cauvery River,industrial_effluent,4.8,84.2,2.09,28.8,1083.9,1010.6,7.09,54.0,14.5,64.2,76.4,CRITICAL
2026-07-01 10:56:55,Cauvery River,urban_sewage_hypoxia,6.18,48.0,3.53,26.0,901.6,524.6,12.29,51.89,7.1,47.2,57.4,HIGH
2026-07-01 12:43:04,Cauvery River,industrial_effluent,5.53,56.5,3.57,34.9,1238.7,1349.3,9.67,119.91,11.6,32.5,74.4,HIGH
2026-07-02 00:37:15,Cauvery River,urban_sewage_hypoxia,6.53,42.4,3.4,28.4,850.7,684.9,11.03,36.79,14.4,49.0,56.5,HIGH
2026-07-02 15:09:55,Cauvery River,baseline_clean,7.09,7.2,8.5,22.4,269.1,228.9,0.8,5.3,7.8,191.7,0.4,LOW
2026-07-02 18:38:56,Cauvery River,agricultural_runoff,7.24,38.1,5.22,27.5,659.4,459.0,7.03,18.9,41.7,145.0,28.6,MODERATE
2026-07-02 20:17:18,Cauvery River,urban_sewage_hypoxia,6.56,40.6,3.4,30.8,806.6,613.7,8.05,35.67,10.8,49.9,52.4,HIGH
2026-07-02 22:51:24,Cauvery River,industrial_effluent,10.32,82.7,2.69,30.2,1514.3,908.8,12.72,119.26,20.0,62.0,77.1,CRITICAL
2026-07-03 00:05:43,Cauvery River,baseline_clean,6.73,6.8,7.52,22.0,349.2,167.7,0.55,11.93,25.5,89.0,1.2,LOW
2026-07-03 09:46:54,Cauvery River,agricultural_runoff,7.71,52.4,5.39,27.8,410.2,459.6,4.69,22.47,72.3,263.6,26.2,MODERATE
2026-07-03 14:30:20,Cauvery River,urban_sewage_hypoxia,6.83,46.1,1.58,28.0,719.5,584.3,15.14,63.24,1.7,26.3,81.9,CRITICAL
2026-07-03 16:57:15,Cauvery River,industrial_effluent,5.16,54.1,3.42,32.7,1439.5,1198.0,7.33,79.21,0.8,31.1,72.9,HIGH
2026-07-03 21:32:03,Cauvery River,baseline_clean,7.09,10.1,7.99,26.7,208.7,166.6,0.73,10.61,4.9,191.7,0.9,LOW
2026-07-03 22:56:18,Cauvery River,baseline_clean,7.64,1.3,8.17,23.4,288.6,195.4,1.66,5.01,3.7,207.9,0.4,LOW
2026-07-04 01:31:22,Cauvery River,agricultural_runoff,8.63,46.7,5.01,27.2,510.9,446.7,5.7,20.79,77.4,396.7,31.0,MODERATE
2026-07-04 03:17:10,Cauvery River,agricultural_runoff,8.47,51.2,6.18,24.8,512.2,382.6,3.88,27.56,70.8,251.3,19.5,LOW
2026-07-04 13:49:28,Cauvery River,agricultural_runoff,7.38,33.5,4.86,29.7,550.7,484.2,4.31,27.61,38.0,288.4,28.0,MODERATE
2026-07-04 16:23:39,Cauvery River,agricultural_runoff,8.14,34.9,5.43,28.3,562.2,535.1,4.15,19.89,48.6,213.6,21.9,LOW
2026-07-04 18:48:51,Cauvery River,industrial_effluent,8.96,60.3,3.05,29.3,904.7,857.6,10.8,97.18,15.5,32.6,74.0,HIGH
2026-07-04 23:07:53,Cauvery River,baseline_clean,7.18,1.3,7.58,24.8,306.4,190.5,0.71,4.19,5.7,181.3,0.0,LOW
2026-07-05 07:48:03,Cauvery River,industrial_effluent,9.91,105.7,4.12,28.7,1023.4,975.9,7.53,82.12,9.4,87.4,57.4,HIGH
2026-07-05 09:47:25,Cauvery River,baseline_clean,7.14,4.0,7.81,25.1,245.0,134.2,1.5,3.81,1.3,137.7,0.1,LOW
2026-07-05 17:33:59,Cauvery River,industrial_effluent,5.15,56.1,2.57,34.4,1493.7,839.3,13.88,60.69,12.5,34.9,87.3,CRITICAL
2026-07-05 23:46:02,Cauvery River,agricultural_runoff,7.83,41.7,4.72,24.6,631.0,488.8,5.79,25.48,48.5,169.4,32.9,MODERATE
2026-07-06 03:05:01,Cauvery River,baseline_clean,7.4,2.0,8.32,24.2,243.2,159.0,1.74,3.41,0.5,149.7,0.2,LOW
2026-07-06 05:13:40,Cauvery River,urban_sewage_hypoxia,7.04,50.8,2.08,29.8,675.1,601.8,15.0,58.13,5.9,37.7,77.8,CRITICAL
2026-07-06 06:50:40,Cauvery River,agricultural_runoff,7.76,38.5,4.49,28.2,686.7,459.8,7.24,29.67,48.1,243.2,38.6,MODERATE
2026-07-06 07:51:31,Cauvery River,industrial_effluent,5.25,72.3,4.49,31.1,906.5,1362.6,14.28,96.33,9.4,35.6,67.7,HIGH
2026-07-06 08:44:26,Cauvery River,industrial_effluent,5.13,83.1,4.57,30.8,901.9,943.6,7.71,93.88,0.6,47.5,54.8,HIGH
2026-07-06 09:24:26,Cauvery River,agricultural_runoff,8.02,53.8,4.24,23.4,757.6,499.2,5.15,30.51,28.8,221.3,38.7,MODERATE
2026-07-06 13:00:07,Cauvery River,agricultural_runoff,7.7,40.7,5.34,24.9,781.4,454.2,4.29,31.8,48.0,281.0,27.6,MODERATE
2026-07-06 15:28:31,Cauvery River,agricultural_runoff,7.99,64.9,4.43,25.4,627.4,448.5,4.37,32.66,55.2,304.4,38.1,MODERATE
2026-07-06 18:38:29,Cauvery River,baseline_clean,7.17,3.1,7.69,26.3,288.7,234.1,1.35,3.21,5.4,153.5,0.0,LOW
2026-07-07 00:46:50,Cauvery River,industrial_effluent,9.26,47.3,2.17,30.6,908.2,1117.6,11.83,73.01,14.9,59.4,72.4,HIGH
2026-07-07 16:56:30,Cauvery River,industrial_effluent,4.9,75.3,4.51,29.0,1469.5,903.9,13.28,114.02,8.5,51.9,61.5,HIGH
2026-07-07 17:53:06,Cauvery River,agricultural_runoff,7.98,30.4,5.25,26.4,626.7,416.2,4.98,23.27,59.3,289.5,26.0,MODERATE
2026-07-07 18:35:32,Cauvery River,baseline_clean,7.19,2.7,7.54,23.3,224.8,186.1,1.15,3.39,3.9,223.3,0.0,LOW
2026-07-07 20:36:07,Cauvery River,agricultural_runoff,8.26,23.5,5.77,27.0,611.5,673.1,4.42,33.2,56.9,226.4,22.4,LOW
2026-07-07 22:32:40,Cauvery River,baseline_clean,7.44,8.8,6.6,27.7,274.4,208.7,1.57,5.46,0.9,154.5,0.8,LOW
2026-07-08 01:01:04,Cauvery River,agricultural_runoff,8.01,34.4,6.75,25.3,699.1,458.3,7.15,31.43,26.9,247.4,22.0,LOW
2026-07-08 02:51:09,Cauvery River,baseline_clean,7.63,8.7,7.32,24.1,295.9,189.5,0.76,4.24,1.1,158.5,0.9,LOW
2026-07-08 09:40:55,Cauvery River,baseline_clean,8.0,4.0,8.21,21.3,293.1,156.2,2.11,10.26,0.9,176.6,1.1,LOW
2026-07-08 17:29:50,Cauvery River,agricultural_runoff,8.21,58.0,5.25,24.1,697.8,457.6,5.84,19.09,42.2,209.6,29.2,MODERATE
2026-07-08 20:10:29,Cauvery River,baseline_clean,7.17,2.6,7.35,24.0,217.7,185.4,1.16,5.28,0.5,121.7,0.0,LOW
2026-07-08 23:34:25,Cauvery River,agricultural_runoff,7.39,23.5,4.58,27.5,809.6,542.2,4.42,18.16,69.0,235.6,27.3,MODERATE
2026-07-09 01:41:10,Cauvery River,urban_sewage_hypoxia,5.96,49.3,2.44,26.9,456.7,573.4,8.9,36.54,12.0,37.1,75.0,HIGH
2026-07-09 03:06:54,Cauvery River,urban_sewage_hypoxia,7.34,49.8,2.28,23.5,743.9,441.8,9.0,35.39,4.4,32.8,72.2,HIGH
2026-07-09 09:00:20,Cauvery River,agricultural_runoff,8.57,54.0,5.79,26.2,483.3,482.5,5.21,18.76,56.4,204.1,22.0,LOW
2026-07-09 17:01:03,Cauvery River,baseline_clean,7.52,3.6,7.11,27.6,272.0,155.1,1.66,4.37,14.6,165.1,0.4,LOW
2026-07-09 19:15:39,Cauvery River,agricultural_runoff,7.38,57.9,4.1,27.1,618.7,618.1,3.99,29.11,58.5,200.2,37.1,MODERATE
2026-07-09 20:29:38,Cauvery River,baseline_clean,7.8,7.1,7.93,23.7,207.2,180.4,0.84,3.53,1.9,205.1,0.8,LOW
2026-07-09 20:59:51,Cauvery River,urban_sewage_hypoxia,6.79,84.7,2.95,30.5,723.2,599.2,14.13,60.59,0.7,58.9,62.0,HIGH
2026-07-10 14:11:27,Cauvery River,baseline_clean,7.06,4.6,8.01,25.0,224.9,131.6,1.94,4.08,1.7,177.5,0.1,LOW
2026-07-10 21:13:30,Cauvery River,baseline_clean,7.39,1.5,7.47,25.0,232.3,155.9,0.69,4.44,5.2,160.1,0.2,LOW
2026-07-10 21:45:44,Cauvery River,agricultural_runoff,7.57,42.1,5.55,28.8,601.5,583.1,7.32,34.7,70.6,306.1,33.6,MODERATE
2026-07-11 16:23:59,Cauvery River,agricultural_runoff,8.27,27.1,5.27,24.6,738.4,463.4,7.06,34.67,70.8,198.3,32.3,MODERATE
2026-07-11 17:54:52,Cauvery River,baseline_clean,7.48,3.9,7.98,19.3,311.2,171.7,0.82,4.05,3.8,195.2,0.3,LOW
2026-07-11 19:30:10,Cauvery River,industrial_effluent,5.94,47.5,4.67,32.7,1556.3,839.8,6.37,81.62,9.0,49.9,44.6,MODERATE
2026-07-12 01:40:27,Cauvery River,baseline_clean,7.41,2.4,7.66,24.6,203.0,240.6,0.97,3.02,0.1,214.2,0.2,LOW
2026-07-12 04:20:06,Cauvery River,baseline_clean,7.57,1.7,6.93,24.2,289.9,85.4,1.42,3.09,18.5,166.3,0.4,LOW
2026-07-13 05:36:11,Cauvery River,urban_sewage_hypoxia,6.52,42.0,2.88,28.4,665.6,447.2,17.82,36.27,2.2,47.0,59.4,HIGH
2026-07-13 09:14:22,Cauvery River,baseline_clean,7.36,4.6,7.25,27.9,262.2,178.6,0.67,5.05,0.3,170.6,0.3,LOW
2026-07-13 11:05:29,Cauvery River,urban_sewage_hypoxia,7.04,46.8,3.21,31.3,625.7,729.0,12.68,57.76,13.6,67.6,58.3,HIGH
2026-07-13 11:27:40,Cauvery River,baseline_clean,7.37,1.5,7.08,28.8,252.6,135.2,1.74,6.01,1.9,129.1,0.5,LOW
2026-07-13 13:22:44,Cauvery River,industrial_effluent,10.34,48.5,3.71,28.9,908.9,1013.8,6.88,99.59,19.4,64.2,60.8,HIGH
2026-07-13 15:25:09,Cauvery River,agricultural_runoff,8.35,57.0,5.06,26.0,646.0,425.8,6.7,22.17,26.6,262.5,33.2,MODERATE
2026-07-13 15:46:16,Cauvery River,baseline_clean,6.85,1.3,6.55,26.6,232.1,212.4,1.01,5.2,3.3,149.9,0.4,LOW
2026-07-13 17:32:31,Cauvery River,urban_sewage_hypoxia,7.36,48.9,2.91,28.9,667.1,566.4,17.56,64.19,6.9,23.9,69.4,HIGH
2026-07-14 01:53:56,Cauvery River,agricultural_runoff,8.21,57.7,6.0,27.0,726.4,477.1,7.32,21.24,25.6,316.1,26.8,MODERATE
2026-07-14 05:32:07,Cauvery River,agricultural_runoff,7.94,50.5,4.18,23.1,655.1,443.3,7.15,34.19,69.8,263.8,45.6,MODERATE
2026-07-14 08:18:46,Cauvery River,agricultural_runoff,7.74,28.7,5.38,27.9,687.5,523.4,6.67,23.51,25.4,227.6,27.5,MODERATE
2026-07-14 10:05:59,Cauvery River,agricultural_runoff,7.49,51.2,5.65,21.7,651.2,469.3,7.14,18.36,76.8,211.7,26.9,MODERATE
2026-07-14 11:24:35,Cauvery River,urban_sewage_hypoxia,7.23,72.7,2.9,28.2,635.3,606.3,16.33,61.48,11.7,52.8,61.5,HIGH
2026-07-14 13:38:01,Cauvery River,industrial_effluent,5.63,65.8,4.59,28.8,1088.5,721.8,8.44,61.37,1.0,59.5,52.5,HIGH
2026-07-14 14:43:48,Cauvery River,urban_sewage_hypoxia,6.82,41.8,2.83,27.4,718.6,566.0,7.55,42.83,0.7,24.5,64.0,HIGH
2026-07-14 21:48:21,Cauvery River,industrial_effluent,5.65,103.6,2.36,29.9,1539.5,1362.4,10.36,73.09,5.7,59.9,73.8,HIGH
2026-07-14 22:53:47,Cauvery River,industrial_effluent,5.12,60.6,3.04,28.8,1578.3,1101.7,7.15,71.46,10.9,62.0,66.5,HIGH
2026-07-15 04:30:30,Cauvery River,industrial_effluent,5.44,54.2,2.19,31.0,1367.4,1097.4,9.87,106.36,15.9,73.9,76.3,CRITICAL
2026-07-15 14:18:33,Cauvery River,baseline_clean,7.48,2.9,8.13,23.0,178.7,201.9,3.74,3.42,1.6,227.6,3.9,LOW
2026-07-15 15:42:13,Cauvery River,baseline_clean,7.06,2.4,7.46,21.7,210.3,183.1,1.86,7.04,11.7,215.1,0.1,LOW
2026-07-15 17:03:19,Cauvery River,baseline_clean,7.52,3.4,7.17,24.0,248.0,178.5,1.42,3.04,0.9,154.9,0.3,LOW
2026-07-16 02:32:42,Cauvery River,industrial_effluent,9.82,45.3,2.12,34.9,958.7,983.2,14.4,59.63,16.9,79.1,76.9,CRITICAL
2026-07-16 06:25:52,Cauvery River,urban_sewage_hypoxia,6.47,59.0,2.22,29.4,581.7,489.7,8.13,48.67,4.4,69.7,63.4,HIGH
2026-07-16 08:20:34,Cauvery River,agricultural_runoff,7.29,55.3,6.56,26.2,843.8,464.6,4.61,28.34,36.4,277.0,17.9,LOW
2026-07-16 11:38:21,Cauvery River,urban_sewage_hypoxia,7.26,71.9,2.52,28.5,719.2,631.7,17.65,60.69,11.4,69.5,65.0,HIGH
2026-07-16 15:18:04,Cauvery River,baseline_clean,7.05,1.2,8.01,24.4,289.8,221.0,0.95,15.29,0.3,165.5,1.6,LOW
2026-07-16 17:46:38,Cauvery River,industrial_effluent,5.87,79.0,4.16,28.9,1530.2,1113.4,12.64,47.35,6.3,46.0,57.2,HIGH
2026-07-17 14:50:15,Cauvery River,baseline_clean,7.78,1.9,7.62,22.4,271.1,174.6,2.03,3.15,6.4,187.3,0.6,LOW
2026-07-17 19:27:58,Cauvery River,agricultural_runoff,8.52,35.8,5.94,27.0,790.4,546.0,4.48,28.43,55.2,264.2,21.3,LOW
2026-07-18 04:16:05,Cauvery River,agricultural_runoff,7.64,64.1,5.91,24.4,580.3,605.0,4.11,28.78,74.7,239.8,22.6,LOW
2026-07-18 07:03:27,Cauvery River,baseline_clean,7.27,1.4,6.48,25.9,213.0,143.5,1.27,9.8,1.9,208.4,0.2,LOW
2026-07-18 10:33:24,Cauvery River,baseline_clean,7.67,1.2,7.71,24.2,268.2,135.1,2.67,12.33,8.9,139.4,2.5,LOW
2026-07-18 15:09:27,Cauvery River,industrial_effluent,5.66,66.9,3.91,32.3,1227.3,1297.1,12.38,111.72,5.6,50.9,61.3,HIGH
2026-07-18 18:20:35,Cauvery River,industrial_effluent,9.99,99.9,2.03,29.5,1349.2,1326.6,12.17,76.01,7.2,74.3,80.2,CRITICAL
2026-07-19 11:20:20,Cauvery River,urban_sewage_hypoxia,5.68,66.1,1.75,29.5,591.2,652.3,7.69,52.11,5.8,48.9,72.9,HIGH
2026-07-19 12:48:22,Cauvery River,urban_sewage_hypoxia,6.4,42.8,2.92,30.2,937.9,689.5,15.33,41.8,6.8,51.1,61.3,HIGH
2026-07-20 11:49:04,Cauvery River,industrial_effluent,5.12,108.3,4.41,28.1,1584.9,958.0,12.26,98.45,18.2,83.1,60.5,HIGH
2026-07-20 14:16:49,Cauvery River,baseline_clean,7.17,7.0,6.89,22.5,291.3,238.6,3.05,7.04,3.1,256.1,2.4,LOW
2026-07-20 15:27:53,Cauvery River,urban_sewage_hypoxia,6.41,37.4,2.15,27.4,860.9,552.6,11.35,60.18,9.0,42.0,65.9,HIGH
2026-07-20 17:43:51,Cauvery River,industrial_effluent,9.43,73.6,3.72,28.5,1561.2,1101.5,10.57,107.95,17.3,61.3,62.3,HIGH
2026-07-21 00:33:33,Cauvery River,industrial_effluent,10.4,78.3,2.01,30.6,933.7,991.3,13.11,77.9,8.6,63.4,82.8,CRITICAL
2026-07-21 05:50:17,Cauvery River,baseline_clean,6.98,3.7,6.81,19.3,244.0,198.1,1.27,4.56,0.9,126.8,0.2,LOW
2026-07-21 07:38:11,Cauvery River,baseline_clean,7.7,3.8,7.46,21.5,278.0,198.8,0.6,10.81,2.6,164.8,0.7,LOW
2026-07-21 09:27:18,Cauvery River,agricultural_runoff,8.58,49.8,4.99,25.4,569.2,429.6,6.23,34.91,51.7,212.1,34.5,MODERATE
2026-07-21 11:35:29,Cauvery River,agricultural_runoff,7.51,52.5,4.45,24.9,418.3,580.8,7.09,22.91,32.0,284.6,37.9,MODERATE
2026-07-21 14:46:07,Cauvery River,baseline_clean,7.85,4.7,8.93,23.9,236.2,120.7,4.8,3.6,4.7,100.0,6.5,LOW
2026-07-21 15:26:12,Cauvery River,baseline_clean,7.2,2.6,8.0,24.1,305.7,203.9,1.24,7.58,0.4,183.9,0.0,LOW
2026-07-21 21:45:53,Cauvery River,agricultural_runoff,7.95,47.0,5.64,27.3,711.6,444.9,6.51,30.55,61.7,194.7,28.9,MODERATE
2026-07-22 06:21:46,Cauvery River,urban_sewage_hypoxia,7.3,80.2,3.95,32.7,647.9,729.4,14.68,39.15,13.7,69.9,53.9,HIGH
2026-07-22 19:13:04,Cauvery River,urban_sewage_hypoxia,7.22,41.4,2.22,27.9,818.3,643.2,11.1,56.45,0.8,25.7,75.3,CRITICAL
2026-07-23 02:21:04,Cauvery River,urban_sewage_hypoxia,6.16,61.8,3.02,30.8,767.8,567.5,8.93,54.9,10.3,36.2,71.0,HIGH
2026-07-23 15:18:21,Cauvery River,urban_sewage_hypoxia,6.42,45.3,4.12,26.9,753.8,579.3,12.93,42.93,2.2,64.4,50.3,HIGH
2026-07-23 23:57:49,Cauvery River,industrial_effluent,8.98,93.2,2.31,32.7,1434.5,1208.1,14.57,100.36,13.9,45.7,71.6,HIGH
2026-07-24 05:15:12,Cauvery River,agricultural_runoff,7.65,40.5,7.05,24.8,633.6,493.0,4.48,27.56,34.6,271.8,15.7,LOW
2026-07-24 11:39:04,Cauvery River,industrial_effluent,5.85,79.8,3.98,29.5,1384.0,1340.0,8.41,62.5,2.1,46.0,56.1,HIGH
2026-07-24 16:29:51,Cauvery River,baseline_clean,7.07,2.6,7.91,24.9,254.8,187.4,0.98,6.63,15.3,96.6,0.1,LOW
2026-07-24 17:59:25,Cauvery River,baseline_clean,7.93,3.5,8.27,22.7,327.0,146.3,0.84,10.23,9.4,192.4,0.8,LOW
2026-07-24 20:46:58,Cauvery River,baseline_clean,7.53,1.4,7.78,25.2,189.7,150.4,1.7,6.0,7.0,186.3,0.3,LOW
2026-07-24 22:32:28,Cauvery River,industrial_effluent,9.35,56.8,2.06,29.6,1303.3,1332.9,7.2,113.85,6.9,55.6,70.0,HIGH
2026-07-25 05:12:15,Cauvery River,urban_sewage_hypoxia,6.79,68.0,4.1,25.9,912.6,555.2,8.72,65.58,2.6,51.7,50.0,MODERATE
2026-07-25 06:11:00,Cauvery River,industrial_effluent,5.47,108.0,4.77,32.5,1515.2,840.2,8.21,116.47,2.7,41.5,52.4,HIGH
2026-07-25 13:52:43,Cauvery River,baseline_clean,7.38,7.0,7.78,22.8,288.3,107.8,1.18,3.67,1.5,217.2,0.4,LOW
2026-07-25 15:05:39,Cauvery River,baseline_clean,6.94,1.8,7.71,20.4,181.5,150.4,3.69,3.56,1.7,166.0,3.8,LOW
2026-07-25 18:32:28,Cauvery River,agricultural_runoff,7.45,45.0,5.19,26.3,444.5,523.2,5.06,18.81,36.1,301.1,25.4,MODERATE
2026-07-25 19:50:26,Cauvery River,baseline_clean,7.21,6.8,7.99,25.1,271.2,173.4,0.57,9.31,2.3,177.7,0.2,LOW
2026-07-25 22:28:05,Cauvery River,baseline_clean,7.55,1.4,7.17,21.1,310.8,185.3,1.0,5.98,0.5,193.2,0.4,LOW
2026-07-25 23:17:09,Cauvery River,urban_sewage_hypoxia,6.84,36.4,4.04,29.6,763.1,551.9,14.78,34.29,8.7,22.4,56.5,HIGH
2026-07-26 03:10:49,Cauvery River,industrial_effluent,9.68,92.6,3.07,30.4,1481.0,724.7,14.77,93.61,8.6,67.7,69.7,HIGH
2026-07-26 08:38:17,Cauvery River,baseline_clean,7.63,7.0,7.58,25.0,245.9,167.1,1.14,3.77,13.8,212.7,0.7,LOW
2026-07-26 13:12:46,Cauvery River,baseline_clean,7.82,4.8,6.66,20.9,297.3,163.4,1.43,4.28,3.8,185.9,0.6,LOW
2026-07-26 20:09:15,Cauvery River,baseline_clean,7.0,16.3,7.5,26.6,167.1,172.2,1.37,4.32,2.5,217.7,1.5,LOW
2026-07-27 00:45:52,Cauvery River,agricultural_runoff,8.27,51.8,4.39,25.8,612.9,488.9,4.48,21.89,50.3,209.2,33.5,MODERATE
2026-07-27 01:38:40,Cauvery River,baseline_clean,7.25,2.7,7.88,22.8,275.8,148.2,1.17,6.21,0.9,167.6,0.1,LOW
2026-07-27 01:48:00,Cauvery River,agricultural_runoff,7.98,64.3,7.17,25.8,667.5,394.9,7.45,20.6,64.5,206.1,22.3,LOW
2026-07-27 04:36:37,Cauvery River,baseline_clean,7.59,4.7,7.89,25.2,262.2,158.3,1.4,5.11,6.3,189.7,0.4,LOW
2026-07-27 22:30:04,Cauvery River,baseline_clean,7.71,1.3,7.81,21.6,278.9,198.4,2.54,3.25,3.6,98.4,1.6,LOW
2026-07-28 00:57:38,Cauvery River,agricultural_runoff,7.66,33.9,5.66,25.4,503.2,534.9,6.25,18.11,60.8,288.4,24.1,LOW
2026-07-28 03:43:16,Cauvery River,urban_sewage_hypoxia,6.58,60.6,2.58,24.0,761.7,605.0,10.03,53.42,8.1,54.4,64.8,HIGH
2026-07-28 08:15:20,Cauvery River,baseline_clean,7.32,4.3,7.2,25.9,314.2,150.5,0.72,3.92,0.0,223.7,0.1,LOW
2026-07-28 18:20:33,Cauvery River,agricultural_runoff,8.03,31.6,4.69,27.0,626.2,496.1,5.97,29.26,36.2,177.7,33.5,MODERATE
2026-07-28 19:03:12,Cauvery River,agricultural_runoff,8.37,61.6,5.57,31.0,599.5,445.8,4.83,23.46,39.1,226.7,26.3,MODERATE
2026-07-28 20:39:02,Cauvery River,industrial_effluent,5.81,96.8,3.26,28.8,1237.1,976.4,10.67,77.99,11.4,73.6,65.0,HIGH
2026-07-28 21:35:54,Cauvery River,urban_sewage_hypoxia,6.33,64.0,2.48,26.3,542.5,738.9,10.51,33.82,5.4,64.6,65.0,HIGH
2026-07-29 03:51:53,Cauvery River,agricultural_runoff,7.26,26.4,4.38,27.6,679.3,424.2,4.77,25.8,26.1,253.0,31.2,MODERATE
2026-07-29 07:50:07,Cauvery River,agricultural_runoff,8.01,57.1,6.66,29.5,609.0,490.0,6.67,19.14,36.9,253.2,20.7,LOW
2026-07-29 17:29:44,Cauvery River,industrial_effluent,5.75,53.2,3.79,34.7,971.5,1220.8,8.89,106.28,13.9,85.6,58.9,HIGH
2026-07-30 03:38:00,Cauvery River,baseline_clean,7.31,3.9,7.22,22.3,309.6,216.5,2.08,4.44,0.3,201.0,0.3,LOW
2026-07-30 10:57:08,Cauvery River,industrial_effluent,5.62,91.5,4.13,33.8,1024.2,746.5,9.42,109.13,1.6,64.6,59.0,HIGH
2026-07-30 13:29:56,Cauvery River,urban_sewage_hypoxia,6.29,56.4,3.19,23.8,843.8,646.0,14.32,47.51,6.5,67.5,60.6,HIGH
2026-07-30 17:52:10,Cauvery River,agricultural_runoff,8.25,63.0,3.73,26.1,594.8,458.9,5.36,18.85,59.0,226.3,40.7,MODERATE
2026-07-30 21:05:42,Cauvery River,baseline_clean,7.36,13.6,7.32,24.5,298.9,102.5,0.95,3.0,8.9,130.0,1.2,LOW
2026-07-30 23:10:14,Cauvery River,urban_sewage_hypoxia,6.28,58.2,4.11,31.1,640.7,532.0,9.71,52.35,8.3,67.5,53.0,HIGH
2026-07-31 08:21:12,Cauvery River,agricultural_runoff,8.21,41.7,5.55,26.6,634.9,452.6,6.45,18.86,48.6,218.6,25.9,MODERATE
2026-07-31 09:24:29,Cauvery River,baseline_clean,7.22,1.7,8.41,22.6,206.5,174.2,1.53,3.26,2.1,155.1,0.0,LOW
2026-07-31 09:44:17,Cauvery River,baseline_clean,7.07,2.8,8.11,20.0,300.6,181.6,0.57,7.04,1.5,189.6,0.1,LOW
2026-07-31 12:42:49,Cauvery River,urban_sewage_hypoxia,7.4,74.6,2.28,32.4,713.5,710.1,14.54,48.23,6.7,67.4,67.8,HIGH
2026-07-31 15:39:41,Cauvery River,industrial_effluent,10.06,104.9,2.91,28.7,1172.8,1250.1,10.05,64.65,0.6,48.8,73.3,HIGH
2026-07-31 18:56:57,Cauvery River,agricultural_runoff,9.04,62.6,5.65,26.8,611.6,523.8,6.71,28.29,40.2,281.3,34.7,MODERATE
2026-07-31 21:23:59,Cauvery River,baseline_clean,7.66,4.2,8.09,24.8,176.3,216.1,1.46,3.34,4.1,149.8,0.5,LOW
2026-08-01 03:03:05,Cauvery River,baseline_clean,7.81,9.4,7.1,25.3,309.1,168.5,0.55,3.85,2.2,114.3,1.1,LOW
2026-08-01 05:58:01,Cauvery River,agricultural_runoff,7.34,34.6,5.16,23.3,604.7,526.8,5.83,32.56,26.9,214.5,30.0,MODERATE
2026-08-01 08:32:27,Cauvery River,baseline_clean,7.17,4.1,7.39,21.5,269.9,169.2,0.61,3.51,3.5,185.9,0.0,LOW
2026-08-01 12:40:25,Cauvery River,industrial_effluent,8.94,74.8,2.19,34.8,1579.2,1127.6,9.53,83.4,15.2,43.4,71.9,HIGH
2026-08-01 13:36:23,Cauvery River,agricultural_runoff,7.92,41.3,5.02,27.9,503.6,444.2,6.69,25.83,52.9,200.2,32.1,MODERATE
2026-08-01 20:31:33,Cauvery River,baseline_clean,7.86,2.5,7.42,23.0,301.6,135.0,1.77,3.32,1.8,156.8,0.7,LOW
2026-08-02 01:56:28,Cauvery River,agricultural_runoff,7.71,52.2,6.22,24.3,532.4,453.4,4.64,28.86,32.4,241.3,19.8,LOW
2026-08-02 03:17:33,Cauvery River,agricultural_runoff,7.32,57.3,4.89,27.8,655.1,513.5,5.12,34.29,39.7,241.7,34.0,MODERATE
2026-08-02 05:36:43,Cauvery River,agricultural_runoff,7.23,50.5,5.81,22.3,622.8,518.2,5.26,32.41,52.0,279.2,26.4,MODERATE
2026-08-02 08:06:27,Cauvery River,urban_sewage_hypoxia,6.32,37.2,3.94,26.0,976.5,605.0,8.21,32.16,7.5,49.3,47.4,MODERATE
2026-08-02 14:35:51,Cauvery River,baseline_clean,7.4,1.5,7.82,23.2,287.0,143.0,1.74,3.15,3.7,194.8,0.2,LOW
2026-08-02 16:27:04,Cauvery River,agricultural_runoff,7.92,62.0,5.85,24.6,701.4,494.7,5.33,29.56,71.4,266.9,27.3,MODERATE
2026-08-02 19:05:49,Cauvery River,baseline_clean,7.28,10.2,6.72,22.6,234.0,206.2,2.02,8.14,1.3,185.5,0.7,LOW
2026-08-02 22:05:15,Cauvery River,agricultural_runoff,8.3,34.2,5.53,24.3,656.0,512.8,6.57,27.28,44.9,232.3,28.0,MODERATE
2026-08-02 23:05:36,Cauvery River,agricultural_runoff,8.05,25.5,5.08,27.7,533.9,448.2,4.86,32.8,44.4,266.4,29.4,MODERATE
2026-08-03 01:55:36,Cauvery River,baseline_clean,7.03,4.1,7.31,22.4,240.4,178.4,0.81,4.79,5.4,200.4,0.2,LOW
2026-08-03 15:56:34,Cauvery River,industrial_effluent,5.78,79.1,2.68,29.4,1147.6,1301.9,6.55,61.39,17.9,37.3,72.9,HIGH
2026-08-03 23:18:52,Cauvery River,urban_sewage_hypoxia,5.25,56.2,2.96,30.3,705.6,458.3,14.24,50.03,2.9,65.2,69.7,HIGH
2026-08-04 10:54:52,Cauvery River,baseline_clean,6.85,5.4,7.71,21.8,221.9,230.1,3.41,3.61,2.0,168.5,3.3,LOW
2026-08-04 15:05:10,Cauvery River,baseline_clean,7.8,1.2,7.71,23.5,293.0,157.0,0.97,10.53,0.0,149.8,0.7,LOW
2026-08-04 19:19:27,Cauvery River,urban_sewage_hypoxia,6.42,71.2,3.31,29.3,617.4,447.9,17.14,30.53,0.7,48.2,56.3,HIGH
2026-08-05 03:37:28,Cauvery River,urban_sewage_hypoxia,6.89,54.0,3.5,28.9,731.4,640.0,7.72,31.12,1.5,64.6,50.6,HIGH
2026-08-05 14:06:22,Cauvery River,agricultural_runoff,7.75,59.8,5.57,25.4,623.9,498.8,4.62,31.0,56.4,350.7,28.2,MODERATE
2026-08-05 19:37:50,Cauvery River,baseline_clean,7.63,6.8,7.0,23.6,209.3,135.2,2.67,5.19,1.7,146.1,2.0,LOW
2026-08-06 02:13:51,Cauvery River,urban_sewage_hypoxia,6.76,47.4,4.02,28.7,831.7,524.3,8.15,55.19,14.3,30.9,55.3,HIGH
2026-08-06 02:35:45,Cauvery River,industrial_effluent,5.63,107.3,4.75,32.5,995.2,783.4,14.51,77.54,3.9,86.0,54.3,HIGH
2026-08-06 07:57:56,Cauvery River,baseline_clean,7.82,11.3,8.14,25.9,315.2,126.4,2.51,4.92,4.8,237.0,2.4,LOW
2026-08-06 11:27:54,Cauvery River,industrial_effluent,9.32,73.0,4.36,30.3,1503.4,954.2,9.27,68.18,10.9,37.7,63.9,HIGH
2026-08-06 16:51:48,Cauvery River,agricultural_runoff,8.2,57.4,5.04,28.4,536.7,458.1,4.55,33.11,77.8,341.5,33.4,MODERATE
2026-08-06 17:57:03,Cauvery River,agricultural_runoff,7.92,23.9,5.32,25.4,736.1,490.4,4.84,29.21,25.4,196.0,25.2,MODERATE
2026-08-07 01:22:10,Cauvery River,industrial_effluent,9.58,83.8,4.21,28.3,1465.9,797.1,9.23,80.46,17.9,31.3,66.9,HIGH
2026-08-07 13:09:55,Cauvery River,industrial_effluent,4.98,92.5,4.14,33.7,873.3,706.8,9.21,56.44,16.1,62.0,62.9,HIGH
2026-08-07 14:32:06,Cauvery River,baseline_clean,7.23,5.0,7.63,24.8,295.2,147.7,0.94,5.61,8.1,229.8,0.0,LOW
2026-08-08 02:16:48,Cauvery River,baseline_clean,7.1,5.7,7.66,24.1,228.6,183.0,1.16,12.15,1.4,171.9,0.8,LOW
2026-08-08 09:53:21,Cauvery River,agricultural_runoff,8.35,22.2,5.39,25.8,449.0,479.9,4.72,22.66,79.2,202.6,22.2,LOW
2026-08-08 14:25:56,Cauvery River,industrial_effluent,10.08,66.2,3.41,34.3,1509.8,1224.5,12.86,112.33,14.7,50.4,70.1,HIGH
2026-08-08 15:56:13,Cauvery River,baseline_clean,7.6,4.2,7.67,25.3,270.6,187.3,1.09,11.02,4.2,193.7,0.7,LOW
2026-08-08 21:03:59,Cauvery River,agricultural_runoff,7.38,54.3,5.15,26.3,627.6,472.6,6.12,31.49,64.2,225.4,32.5,MODERATE
2026-08-09 03:31:57,Cauvery River,baseline_clean,7.39,3.4,7.35,27.6,236.1,201.7,1.03,4.2,2.9,192.4,0.3,LOW
2026-08-09 08:01:39,Cauvery River,agricultural_runoff,7.62,27.5,5.09,26.3,659.1,600.7,3.98,22.1,25.5,250.0,23.8,LOW
2026-08-09 15:22:09,Cauvery River,baseline_clean,7.37,7.2,7.47,22.1,262.7,177.8,3.41,3.89,0.0,169.5,3.4,LOW
2026-08-09 18:20:03,Cauvery River,baseline_clean,7.09,3.1,7.57,24.2,246.8,209.8,1.46,13.41,6.1,193.5,1.0,LOW
2026-08-09 20:43:23,Cauvery River,baseline_clean,7.24,3.0,7.43,26.6,215.2,178.1,3.21,4.75,4.9,168.4,2.6,LOW
2026-08-10 18:21:45,Cauvery River,agricultural_runoff,8.21,28.4,5.04,27.5,631.2,421.1,7.31,34.76,40.3,218.8,34.5,MODERATE
2026-08-10 21:04:59,Cauvery River,baseline_clean,7.09,1.6,7.44,23.9,259.3,125.3,1.31,3.61,2.2,182.1,0.1,LOW
2026-08-10 22:02:53,Cauvery River,baseline_clean,7.48,3.1,7.48,22.2,284.5,155.0,0.54,9.87,2.5,205.2,0.3,LOW
2026-08-11 08:07:35,Cauvery River,baseline_clean,7.34,13.1,7.96,25.1,257.3,130.8,1.79,3.92,1.7,197.3,1.1,LOW
2026-08-11 11:23:48,Cauvery River,agricultural_runoff,7.82,59.5,4.43,23.3,711.9,355.7,4.12,18.06,57.3,162.7,31.5,MODERATE
2026-08-12 00:14:58,Cauvery River,industrial_effluent,9.95,61.1,4.32,32.4,1469.7,1160.5,8.69,59.21,1.5,65.2,59.2,HIGH
2026-08-12 05:49:19,Cauvery River,industrial_effluent,4.52,101.6,3.5,34.8,1386.0,756.3,11.29,46.28,11.2,51.0,73.4,HIGH
2026-08-12 10:04:57,Cauvery River,baseline_clean,6.78,4.0,8.29,23.0,231.8,126.9,1.1,6.4,14.5,191.6,0.4,LOW
2026-08-12 17:32:56,Cauvery River,baseline_clean,7.42,1.4,7.84,23.0,220.1,191.5,0.74,6.04,3.4,162.5,0.2,LOW
2026-08-12 18:17:21,Cauvery River,agricultural_runoff,8.64,22.4,4.49,27.4,774.5,292.9,5.72,20.75,76.3,213.3,31.1,MODERATE
2026-08-12 19:10:15,Cauvery River,urban_sewage_hypoxia,6.86,62.3,3.87,25.9,871.0,628.6,7.84,56.84,2.8,31.7,57.7,HIGH
2026-08-13 00:08:57,Cauvery River,agricultural_runoff,8.73,30.2,4.85,28.6,840.0,449.6,6.61,23.48,45.1,222.4,33.1,MODERATE
2026-08-13 01:54:24,Cauvery River,industrial_effluent,5.71,69.0,3.61,29.9,979.7,907.3,8.22,78.62,14.9,63.2,59.5,HIGH
2026-08-13 04:34:06,Cauvery River,agricultural_runoff,7.99,50.9,5.67,24.8,623.7,457.3,4.58,34.19,51.0,208.4,25.9,MODERATE
2026-08-13 08:32:11,Cauvery River,industrial_effluent,9.96,98.7,2.58,30.7,1330.6,1312.3,11.94,107.93,9.5,73.0,75.6,CRITICAL
2026-08-13 08:46:35,Cauvery River,baseline_clean,6.9,4.7,7.19,20.6,290.7,158.2,1.03,4.92,1.8,152.2,0.3,LOW
2026-08-13 09:44:50,Cauvery River,baseline_clean,7.52,2.2,8.43,22.5,250.5,150.2,1.71,4.77,2.5,217.6,0.3,LOW
2026-08-13 10:37:36,Cauvery River,industrial_effluent,4.86,47.2,4.36,29.9,1119.2,1266.5,7.08,79.59,2.4,56.5,56.1,HIGH
2026-08-13 16:33:06,Cauvery River,agricultural_runoff,7.32,22.2,5.49,28.2,497.6,518.4,6.92,19.32,60.6,320.6,25.7,MODERATE
2026-08-13 20:24:11,Cauvery River,urban_sewage_hypoxia,7.19,61.0,3.29,29.5,613.0,463.2,10.5,58.23,3.7,38.0,66.6,HIGH
2026-08-14 04:29:44,Cauvery River,urban_sewage_hypoxia,7.59,51.0,1.83,29.4,691.9,646.3,12.88,57.65,2.4,35.9,80.6,CRITICAL
2026-08-14 07:10:53,Cauvery River,baseline_clean,7.3,1.7,6.78,21.6,225.3,93.4,0.94,3.45,2.7,152.6,0.1,LOW
2026-08-14 08:52:44,Cauvery River,baseline_clean,7.33,5.4,7.88,20.3,264.4,178.9,1.45,7.31,7.8,217.8,0.2,LOW
2026-08-15 10:58:17,Cauvery River,agricultural_runoff,8.32,60.3,4.95,25.0,669.5,507.4,5.42,34.0,54.0,229.5,35.2,MODERATE
2026-08-15 17:05:08,Cauvery River,baseline_clean,7.12,9.6,6.87,21.7,293.1,174.6,1.58,7.51,1.2,167.2,0.6,LOW
2026-08-16 05:30:26,Cauvery River,baseline_clean,7.09,3.2,7.56,24.9,216.6,132.3,1.08,4.06,4.2,172.7,0.1,LOW
2026-08-16 05:36:32,Cauvery River,baseline_clean,7.04,5.3,7.19,27.0,276.5,169.2,0.93,10.59,4.9,152.9,0.4,LOW
2026-08-16 07:41:19,Cauvery River,industrial_effluent,4.7,77.1,2.69,28.6,1040.9,742.8,10.77,81.77,0.1,59.0,77.7,CRITICAL
2026-08-16 08:43:56,Cauvery River,industrial_effluent,5.85,50.5,3.49,32.8,1273.5,861.5,6.56,74.0,13.0,89.5,55.7,HIGH
2026-08-16 16:09:56,Cauvery River,baseline_clean,7.52,3.7,7.45,25.6,303.3,220.4,1.37,4.95,2.3,184.9,0.3,LOW
2026-08-16 20:10:59,Cauvery River,urban_sewage_hypoxia,6.77,82.5,3.39,28.4,744.1,690.5,10.85,57.05,12.0,44.6,58.4,HIGH
2026-08-17 07:12:30,Cauvery River,urban_sewage_hypoxia,7.23,68.2,2.65,30.1,650.2,531.0,16.07,69.25,1.0,53.0,63.6,HIGH
2026-08-17 07:35:20,Cauvery River,baseline_clean,7.41,1.7,6.95,23.7,266.5,219.5,1.52,4.59,8.3,286.3,0.2,LOW
2026-08-17 11:40:25,Cauvery River,baseline_clean,7.45,8.5,8.06,23.5,249.5,144.9,0.91,6.43,0.1,151.5,0.7,LOW
2026-08-17 16:55:27,Cauvery River,baseline_clean,7.16,3.7,6.54,25.7,260.6,144.4,3.92,3.02,6.0,178.3,4.0,LOW
2026-08-17 17:52:31,Cauvery River,industrial_effluent,5.72,56.9,2.12,32.3,1029.8,820.3,14.83,66.89,18.1,40.7,75.1,CRITICAL
2026-08-17 23:21:14,Cauvery River,urban_sewage_hypoxia,6.1,55.0,2.85,32.8,725.0,465.4,14.71,48.28,2.3,22.1,74.4,HIGH
2026-08-18 06:24:08,Cauvery River,urban_sewage_hypoxia,7.22,37.8,1.8,31.8,686.8,643.8,11.23,35.81,13.1,29.8,78.5,CRITICAL
2026-08-18 23:16:25,Cauvery River,baseline_clean,7.52,2.7,7.84,26.0,174.2,191.0,0.94,4.7,5.8,224.8,0.3,LOW
2026-08-19 07:30:24,Cauvery River,industrial_effluent,5.62,57.0,4.12,33.6,1027.5,760.7,10.51,111.77,16.9,37.0,68.5,HIGH
2026-08-19 10:24:28,Cauvery River,industrial_effluent,9.25,45.7,4.43,31.7,1587.7,969.5,14.61,91.13,10.2,48.2,54.2,HIGH
2026-08-19 17:11:39,Cauvery River,baseline_clean,7.18,1.6,7.6,23.9,315.0,166.6,0.82,4.01,12.7,139.3,0.0,LOW
2026-08-19 18:42:12,Cauvery River,agricultural_runoff,8.01,51.4,4.8,29.1,680.0,382.0,4.95,27.99,28.9,219.8,32.5,MODERATE
2026-08-19 23:05:16,Cauvery River,agricultural_runoff,8.46,53.1,5.5,24.0,784.2,481.6,7.0,29.1,50.2,233.8,32.2,MODERATE
2026-08-20 05:53:00,Cauvery River,baseline_clean,7.43,2.1,7.4,20.9,226.9,147.1,1.22,4.63,8.6,189.6,0.2,LOW
2026-08-20 12:57:59,Cauvery River,industrial_effluent,10.05,56.2,2.74,31.8,943.7,1249.8,13.12,67.57,1.4,89.3,74.3,HIGH
2026-08-20 16:07:33,Cauvery River,baseline_clean,7.16,1.2,7.5,23.6,187.8,138.3,0.83,6.01,1.0,124.0,0.0,LOW
2026-08-20 16:51:42,Cauvery River,baseline_clean,7.7,6.4,7.56,24.3,271.0,179.7,0.52,3.11,3.0,158.0,0.7,LOW
2026-08-21 05:02:13,Cauvery River,baseline_clean,7.7,1.6,6.99,24.4,197.1,94.7,3.0,3.3,3.3,169.0,2.6,LOW
2026-08-21 08:15:06,Cauvery River,baseline_clean,7.07,6.8,6.38,23.6,228.9,166.7,0.62,3.43,2.2,90.5,1.3,LOW
2026-08-21 11:14:43,Cauvery River,urban_sewage_hypoxia,7.08,82.6,2.85,22.7,842.2,526.1,11.04,62.65,8.5,22.8,71.2,HIGH
2026-08-21 12:12:36,Cauvery River,agricultural_runoff,8.03,47.5,6.45,24.9,587.2,402.8,5.24,23.29,54.0,206.5,17.4,LOW
2026-08-21 14:31:41,Cauvery River,agricultural_runoff,8.34,27.3,5.31,23.0,558.6,590.3,4.12,34.97,30.6,199.1,26.1,MODERATE
2026-08-21 20:08:58,Cauvery River,agricultural_runoff,8.46,52.3,5.46,26.9,474.6,353.0,4.46,21.8,65.3,344.1,25.3,MODERATE
2026-08-21 22:12:02,Cauvery River,baseline_clean,7.26,2.2,7.57,25.6,297.3,160.7,0.73,3.09,0.8,154.9,0.1,LOW
2026-08-22 00:28:45,Cauvery River,industrial_effluent,5.33,72.6,3.27,32.3,1311.3,974.6,13.77,93.86,17.8,84.8,69.0,HIGH
2026-08-22 01:40:26,Cauvery River,urban_sewage_hypoxia,6.79,57.7,3.72,27.9,817.4,637.3,8.49,62.89,14.7,30.7,60.6,HIGH
2026-08-22 05:55:57,Cauvery River,urban_sewage_hypoxia,6.07,75.9,1.95,27.4,871.1,456.3,11.75,32.62,3.7,67.4,70.9,HIGH
2026-08-22 08:03:37,Cauvery River,urban_sewage_hypoxia,6.87,61.5,2.45,29.6,768.6,557.4,10.42,32.2,7.6,53.3,64.3,HIGH
2026-08-22 11:08:03,Cauvery River,baseline_clean,6.86,4.8,7.65,23.3,261.3,147.1,2.42,4.75,1.7,200.9,1.2,LOW
2026-08-22 15:32:27,Cauvery River,baseline_clean,7.46,4.5,7.82,23.1,235.1,162.3,2.38,4.35,11.2,197.4,1.1,LOW
2026-08-22 17:35:11,Cauvery River,industrial_effluent,9.03,97.0,3.79,32.1,1022.6,953.3,14.19,79.93,11.9,86.2,59.4,HIGH
2026-08-23 01:21:19,Cauvery River,agricultural_runoff,8.1,26.4,5.68,26.9,680.7,507.4,4.55,28.36,44.0,279.2,22.9,LOW
2026-08-23 01:54:29,Cauvery River,urban_sewage_hypoxia,6.62,42.7,1.72,29.2,678.0,442.6,12.79,64.06,13.6,20.9,79.9,CRITICAL
2026-08-23 03:32:57,Cauvery River,urban_sewage_hypoxia,6.94,58.2,3.23,28.9,910.0,481.7,15.06,54.99,8.3,45.7,59.1,HIGH
2026-08-23 04:27:47,Cauvery River,urban_sewage_hypoxia,7.64,69.3,2.4,33.9,956.5,461.8,11.93,47.77,11.0,33.6,77.1,CRITICAL
2026-08-23 14:15:58,Cauvery River,agricultural_runoff,8.9,48.2,5.42,27.7,666.5,528.7,6.44,18.7,53.3,289.3,31.3,MODERATE
2026-08-23 17:12:23,Cauvery River,urban_sewage_hypoxia,6.83,56.2,1.84,27.4,632.9,640.8,12.84,42.25,3.1,66.6,70.2,HIGH
2026-08-24 01:10:45,Cauvery River,baseline_clean,6.84,2.2,8.16,22.3,255.2,170.8,1.92,4.06,2.8,215.0,0.4,LOW
2026-08-24 03:06:59,Cauvery River,baseline_clean,7.5,2.0,7.37,25.1,314.6,177.4,1.39,9.46,3.3,214.5,0.3,LOW
2026-08-24 14:44:56,Cauvery River,agricultural_runoff,7.68,28.0,5.44,27.2,620.8,455.5,5.81,27.4,55.8,281.2,26.9,MODERATE
2026-08-24 15:33:07,Cauvery River,agricultural_runoff,8.03,39.5,4.91,23.8,655.9,591.6,4.06,32.01,69.8,290.3,31.3,MODERATE
2026-08-24 18:43:28,Cauvery River,baseline_clean,7.59,5.1,8.1,23.0,223.2,159.8,0.94,4.7,2.1,214.7,0.4,LOW
2026-08-25 03:11:52,Cauvery River,baseline_clean,7.11,2.8,7.76,25.5,332.5,203.7,2.26,4.55,4.9,249.5,0.6,LOW
2026-08-25 04:26:41,Cauvery River,agricultural_runoff,8.32,32.6,6.94,26.0,634.0,524.5,4.83,26.39,55.9,200.0,16.0,LOW
2026-08-25 14:08:38,Cauvery River,agricultural_runoff,8.17,44.7,6.34,28.8,563.1,424.4,7.14,31.1,68.5,262.1,25.6,MODERATE
2026-05-28 01:40:44,Noyyal River,urban_sewage_hypoxia,6.39,57.8,2.09,28.2,855.9,573.2,10.91,34.88,9.4,37.8,78.5,CRITICAL
2026-05-28 08:04:07,Noyyal River,agricultural_runoff,7.51,42.9,4.63,26.8,618.6,386.9,5.16,30.65,78.6,238.7,33.1,MODERATE
2026-05-28 08:24:39,Noyyal River,urban_sewage_hypoxia,6.02,47.2,4.13,27.1,846.7,570.8,14.13,61.79,1.4,45.1,53.6,HIGH
2026-05-28 14:02:51,Noyyal River,urban_sewage_hypoxia,5.69,74.8,2.23,29.5,662.8,580.8,7.77,68.51,14.6,61.8,68.9,HIGH
2026-05-28 18:54:59,Noyyal River,agricultural_runoff,8.12,58.9,5.26,29.6,580.4,451.4,7.14,26.59,67.7,253.1,35.7,MODERATE
2026-05-28 21:10:49,Noyyal River,urban_sewage_hypoxia,7.28,82.4,4.16,27.8,676.9,698.8,8.38,61.09,1.3,47.9,48.5,MODERATE
2026-05-28 22:27:13,Noyyal River,baseline_clean,6.82,2.8,7.39,27.2,278.9,189.4,2.0,7.57,1.1,198.8,0.4,LOW
2026-05-29 03:40:09,Noyyal River,baseline_clean,7.4,1.3,7.85,17.0,249.3,154.5,2.36,16.76,0.4,211.2,2.7,LOW
2026-05-29 04:27:34,Noyyal River,agricultural_runoff,8.16,52.3,6.36,25.6,589.2,358.8,5.42,33.37,26.6,312.2,21.7,LOW
2026-05-29 09:03:27,Noyyal River,baseline_clean,7.09,7.4,7.71,25.7,235.2,147.9,0.76,4.85,2.7,200.3,0.4,LOW
2026-05-29 15:33:09,Noyyal River,baseline_clean,7.41,9.6,7.3,25.0,323.2,166.4,2.24,3.9,0.7,184.0,1.2,LOW
2026-05-29 21:34:11,Noyyal River,agricultural_runoff,6.82,61.3,5.36,28.7,454.0,408.8,7.36,20.53,34.7,265.8,31.0,MODERATE
2026-05-30 00:19:18,Noyyal River,baseline_clean,7.72,2.9,6.27,26.5,177.1,159.7,2.68,14.68,1.9,167.0,5.1,LOW
2026-05-30 10:40:48,Noyyal River,agricultural_runoff,6.89,39.4,6.31,29.2,648.6,623.0,6.53,26.84,73.7,264.3,23.1,LOW
2026-05-30 16:39:05,Noyyal River,industrial_effluent,9.95,80.8,2.24,30.9,1129.5,881.8,12.51,82.19,1.6,43.2,78.4,CRITICAL
2026-05-31 00:09:05,Noyyal River,baseline_clean,6.87,3.7,7.9,22.9,241.4,130.2,1.48,5.27,16.6,220.4,0.3,LOW
2026-05-31 04:50:54,Noyyal River,urban_sewage_hypoxia,7.88,51.5,2.77,27.9,812.8,620.0,12.05,31.75,9.8,28.1,70.2,HIGH
2026-05-31 09:44:14,Noyyal River,industrial_effluent,5.11,84.4,3.0,31.7,1436.3,1193.8,10.02,109.82,11.2,62.4,72.8,HIGH
2026-05-31 21:38:41,Noyyal River,baseline_clean,7.27,14.4,8.89,24.8,229.1,126.9,1.89,7.72,19.0,113.0,1.2,LOW
2026-06-01 04:28:40,Noyyal River,agricultural_runoff,8.1,40.6,5.44,26.6,442.2,414.2,6.17,21.67,45.2,232.8,26.2,MODERATE
2026-06-01 10:53:56,Noyyal River,agricultural_runoff,8.3,26.5,5.31,26.4,643.3,535.5,6.77,19.79,73.9,301.4,28.8,MODERATE
2026-06-01 14:09:40,Noyyal River,industrial_effluent,5.7,97.8,3.84,28.9,1103.7,1349.7,8.02,72.91,8.6,56.4,57.3,HIGH
2026-06-01 16:28:19,Noyyal River,baseline_clean,7.74,5.3,7.35,22.3,269.8,200.1,1.13,3.7,3.3,187.2,0.6,LOW
2026-06-01 22:38:50,Noyyal River,industrial_effluent,5.9,99.7,2.52,33.6,1193.6,1038.1,7.2,51.05,14.6,59.8,65.8,HIGH
2026-06-02 01:14:20,Noyyal River,baseline_clean,7.28,2.9,7.72,23.0,288.6,175.2,0.55,6.87,3.3,174.1,0.1,LOW
2026-06-02 03:16:44,Noyyal River,baseline_clean,7.05,4.7,7.52,24.7,261.4,155.2,1.36,9.28,3.2,131.1,0.2,LOW
2026-06-02 08:10:38,Noyyal River,baseline_clean,7.66,5.0,8.89,22.4,283.9,178.1,1.36,7.95,1.5,190.6,0.5,LOW
2026-06-02 08:27:22,Noyyal River,baseline_clean,7.4,2.4,7.33,24.0,272.1,181.0,0.93,26.34,15.6,158.4,4.5,LOW
2026-06-02 10:02:09,Noyyal River,industrial_effluent,4.91,98.3,4.46,31.7,1033.3,779.1,6.78,98.93,8.4,84.3,55.8,HIGH
2026-06-02 11:04:54,Noyyal River,agricultural_runoff,7.29,58.2,6.27,27.3,617.8,416.7,6.3,23.53,60.8,256.2,22.9,LOW
2026-06-02 13:43:38,Noyyal River,industrial_effluent,9.77,51.3,2.68,28.1,1201.6,910.9,11.39,67.29,6.0,74.6,72.2,HIGH
2026-06-02 13:51:43,Noyyal River,agricultural_runoff,7.88,23.2,5.19,27.6,699.6,550.2,6.12,27.06,51.3,342.8,29.9,MODERATE
2026-06-02 17:55:04,Noyyal River,urban_sewage_hypoxia,6.65,53.1,2.78,28.5,725.8,424.6,9.56,54.43,9.5,34.0,70.6,HIGH
2026-06-02 22:41:06,Noyyal River,agricultural_runoff,7.83,57.1,4.36,26.2,561.7,459.3,4.09,27.22,47.0,294.2,36.0,MODERATE
2026-06-03 01:43:31,Noyyal River,agricultural_runoff,7.25,31.4,6.29,26.4,645.2,423.3,5.6,18.47,62.2,261.2,16.5,LOW
2026-06-03 02:21:43,Noyyal River,agricultural_runoff,7.19,35.5,4.38,26.4,513.9,483.2,5.17,24.37,30.5,237.5,32.5,MODERATE
2026-06-03 03:57:46,Noyyal River,industrial_effluent,10.47,63.7,4.69,30.7,1139.1,938.3,10.87,56.56,11.1,62.5,61.7,HIGH
2026-06-03 06:38:52,Noyyal River,baseline_clean,6.79,3.0,8.17,22.6,263.0,159.2,0.54,16.97,11.9,248.9,2.3,LOW
2026-06-03 10:22:25,Noyyal River,industrial_effluent,9.37,45.9,4.07,33.8,1405.4,800.0,12.78,102.67,13.2,76.0,58.3,HIGH
2026-06-03 17:36:44,Noyyal River,industrial_effluent,4.67,95.8,3.8,28.3,1120.0,1369.8,10.5,77.45,9.2,42.5,68.9,HIGH
2026-06-03 22:52:03,Noyyal River,industrial_effluent,4.83,54.9,4.52,33.0,1553.0,1122.3,10.26,49.48,13.4,64.9,62.0,HIGH
2026-06-04 00:58:30,Noyyal River,baseline_clean,6.91,4.6,8.39,22.4,209.7,163.0,1.2,11.83,4.9,196.3,0.8,LOW
2026-06-04 07:35:58,Noyyal River,agricultural_runoff,7.83,40.5,5.52,29.3,571.9,380.7,4.74,23.03,42.9,250.7,24.3,LOW
2026-06-04 14:20:10,Noyyal River,agricultural_runoff,8.07,56.8,5.19,28.6,754.4,547.7,5.66,19.21,77.9,212.0,29.8,MODERATE
2026-06-05 00:27:42,Noyyal River,agricultural_runoff,8.02,55.9,5.91,30.8,552.4,538.1,5.38,25.52,45.3,189.1,24.7,LOW
2026-06-05 02:46:13,Noyyal River,industrial_effluent,9.61,81.0,2.71,33.2,907.5,1310.8,13.45,61.2,16.2,77.2,72.1,HIGH
2026-06-05 07:28:57,Noyyal River,baseline_clean,7.38,2.8,7.62,25.1,274.7,144.6,2.04,3.91,1.6,240.2,0.3,LOW
2026-06-05 10:16:13,Noyyal River,baseline_clean,7.29,1.8,7.31,25.3,278.5,180.8,1.16,5.88,18.1,181.2,0.1,LOW
2026-06-05 13:01:19,Noyyal River,industrial_effluent,5.51,51.2,2.29,28.3,1285.8,998.2,10.93,84.08,7.0,70.6,74.2,HIGH
2026-06-05 14:34:26,Noyyal River,baseline_clean,7.03,6.4,8.36,26.2,283.9,197.8,0.84,14.19,4.0,141.6,1.4,LOW
2026-06-05 21:30:32,Noyyal River,baseline_clean,7.63,4.3,8.14,22.5,240.6,206.9,0.72,7.89,2.4,239.0,0.4,LOW
2026-06-06 00:45:10,Noyyal River,baseline_clean,7.25,5.2,7.71,25.8,234.7,177.6,4.49,5.5,7.5,208.7,5.3,LOW
2026-06-06 11:44:47,Noyyal River,industrial_effluent,9.1,95.2,2.66,32.7,1274.3,1350.4,9.49,49.96,0.4,79.6,68.9,HIGH
2026-06-06 15:27:53,Noyyal River,baseline_clean,7.66,5.4,7.99,25.7,266.7,187.0,0.56,3.03,1.0,204.5,0.5,LOW
2026-06-06 22:58:38,Noyyal River,baseline_clean,7.26,4.0,7.22,23.6,276.3,192.9,1.56,4.61,10.5,136.6,0.1,LOW
2026-06-07 17:20:49,Noyyal River,industrial_effluent,5.21,47.8,3.92,34.3,1477.9,789.2,7.14,106.01,18.5,57.6,58.0,HIGH
2026-06-07 20:38:16,Noyyal River,urban_sewage_hypoxia,7.09,56.3,4.19,27.4,763.0,576.3,14.57,60.7,8.6,35.4,58.2,HIGH
2026-06-08 00:39:11,Noyyal River,industrial_effluent,10.13,66.9,4.64,31.7,1399.3,1346.9,14.78,107.49,6.1,88.0,60.0,HIGH
2026-06-08 04:33:07,Noyyal River,agricultural_runoff,8.38,25.4,5.62,31.0,583.6,514.4,4.83,33.99,29.4,268.5,25.0,LOW
2026-06-08 15:20:31,Noyyal River,urban_sewage_hypoxia,6.08,67.8,2.04,27.2,633.0,532.9,8.23,63.1,14.1,32.7,78.2,CRITICAL
2026-06-09 03:12:59,Noyyal River,urban_sewage_hypoxia,7.31,53.1,3.87,31.6,687.1,616.6,11.78,65.46,12.6,22.4,61.5,HIGH
2026-06-09 16:51:42,Noyyal River,baseline_clean,6.87,3.6,7.71,25.1,242.6,126.9,2.34,4.68,0.5,159.7,1.0,LOW
2026-06-10 01:03:46,Noyyal River,baseline_clean,7.33,6.8,7.53,23.4,208.8,185.5,1.34,7.03,0.9,150.8,0.3,LOW
2026-06-11 01:02:23,Noyyal River,urban_sewage_hypoxia,6.55,81.3,3.28,25.0,642.3,566.4,10.26,53.25,13.1,55.9,58.7,HIGH
2026-06-11 01:19:47,Noyyal River,industrial_effluent,5.93,107.8,3.24,30.2,1244.6,1181.4,8.46,100.24,1.0,33.0,71.1,HIGH
2026-06-11 04:40:27,Noyyal River,industrial_effluent,4.61,76.4,2.62,29.8,1508.3,762.7,12.44,65.34,15.2,73.3,79.3,CRITICAL
2026-06-11 06:47:57,Noyyal River,industrial_effluent,5.66,90.0,4.76,29.6,1346.7,1126.8,14.24,56.73,15.0,64.1,53.9,HIGH
2026-06-11 22:04:35,Noyyal River,baseline_clean,7.45,2.0,6.97,27.8,279.0,172.8,1.2,3.29,6.8,131.8,0.4,LOW
2026-06-11 23:37:08,Noyyal River,urban_sewage_hypoxia,6.59,66.5,2.66,30.9,549.7,542.2,15.5,67.45,11.7,67.0,64.0,HIGH
2026-06-12 11:44:07,Noyyal River,baseline_clean,6.93,3.8,8.08,25.0,217.8,194.7,2.15,7.48,3.8,146.3,0.6,LOW
2026-06-12 15:45:26,Noyyal River,industrial_effluent,8.92,80.2,3.29,31.5,904.2,1179.1,10.53,102.39,9.7,39.0,71.8,HIGH
2026-06-13 03:34:13,Noyyal River,urban_sewage_hypoxia,6.73,48.1,3.57,31.4,746.7,653.5,10.81,61.56,13.8,54.1,56.0,HIGH
2026-06-13 07:03:25,Noyyal River,agricultural_runoff,8.19,43.5,4.78,24.1,592.4,488.5,7.1,22.88,36.9,196.6,34.9,MODERATE
2026-06-13 07:33:32,Noyyal River,baseline_clean,7.94,4.5,8.05,23.1,281.7,170.1,4.88,3.41,1.4,223.0,6.7,LOW
2026-06-13 19:46:28,Noyyal River,baseline_clean,6.79,4.0,7.32,24.0,239.1,150.8,1.91,4.05,4.6,185.1,0.4,LOW
2026-06-14 07:28:24,Noyyal River,baseline_clean,7.69,3.6,7.47,23.8,229.8,126.7,1.07,7.53,1.0,202.7,0.5,LOW
2026-06-14 08:36:02,Noyyal River,agricultural_runoff,8.25,60.5,5.26,28.1,658.2,412.4,4.69,25.11,39.7,213.1,28.5,MODERATE
2026-06-14 10:45:10,Noyyal River,agricultural_runoff,8.32,30.9,4.59,27.6,670.7,365.9,4.85,26.2,47.0,208.1,31.1,MODERATE
2026-06-15 02:13:56,Noyyal River,agricultural_runoff,8.45,35.1,4.96,28.4,831.4,525.4,4.34,30.09,56.3,222.2,29.7,MODERATE
2026-06-15 05:25:37,Noyyal River,baseline_clean,7.03,4.5,7.42,27.6,262.8,129.4,1.2,11.4,0.2,140.0,0.6,LOW
2026-06-15 07:12:41,Noyyal River,agricultural_runoff,7.27,57.9,4.59,27.1,558.9,505.5,6.42,18.36,63.0,183.1,34.6,MODERATE
2026-06-15 08:53:05,Noyyal River,urban_sewage_hypoxia,6.03,76.8,2.22,34.3,936.8,404.8,14.47,61.36,8.8,39.7,82.0,CRITICAL
2026-06-15 17:59:34,Noyyal River,industrial_effluent,6.04,87.4,3.28,30.8,1093.5,1387.0,7.21,68.61,9.7,58.7,58.0,HIGH
2026-06-15 18:55:42,Noyyal River,agricultural_runoff,8.37,42.9,6.85,23.9,621.8,492.6,4.28,31.02,52.6,307.3,18.1,LOW
2026-06-16 01:26:58,Noyyal River,industrial_effluent,10.27,105.3,4.66,31.9,1105.8,1373.3,10.93,49.82,12.9,65.3,60.7,HIGH
2026-06-16 02:17:22,Noyyal River,baseline_clean,7.72,1.6,6.92,20.7,239.5,199.0,0.53,16.63,3.0,156.3,2.3,LOW
2026-06-16 02:33:29,Noyyal River,agricultural_runoff,7.94,41.0,5.18,23.4,875.0,452.7,4.52,21.65,79.4,249.2,25.8,MODERATE
2026-06-16 09:18:52,Noyyal River,urban_sewage_hypoxia,5.97,57.3,2.19,33.7,743.5,694.7,13.21,42.19,2.6,29.1,83.2,CRITICAL
2026-06-16 21:19:43,Noyyal River,baseline_clean,7.21,4.5,7.92,24.9,213.2,136.6,0.91,3.79,9.3,157.9,0.0,LOW
2026-06-16 23:09:47,Noyyal River,agricultural_runoff,7.86,48.8,5.2,22.6,567.2,365.6,4.41,29.72,42.9,218.8,27.4,MODERATE
2026-06-17 03:52:18,Noyyal River,urban_sewage_hypoxia,6.64,43.9,1.8,27.5,832.1,599.3,8.08,46.86,9.6,55.4,66.0,HIGH
2026-06-17 05:20:58,Noyyal River,agricultural_runoff,7.99,61.3,4.9,27.7,520.9,492.6,4.41,30.51,32.8,203.4,32.0,MODERATE
2026-06-17 06:21:27,Noyyal River,agricultural_runoff,7.55,50.5,6.14,27.5,541.4,465.5,4.71,30.72,34.4,188.4,20.9,LOW
2026-06-17 14:03:05,Noyyal River,urban_sewage_hypoxia,5.97,54.4,2.62,28.1,707.6,608.7,12.88,52.57,9.2,44.7,67.2,HIGH
2026-06-17 15:02:58,Noyyal River,baseline_clean,7.03,1.7,6.78,26.8,260.7,156.1,2.58,7.9,2.7,79.0,1.4,LOW
2026-06-17 17:16:40,Noyyal River,agricultural_runoff,7.78,42.3,6.46,24.9,646.3,510.6,3.94,23.37,58.5,237.0,14.3,LOW
2026-06-17 19:51:46,Noyyal River,baseline_clean,7.91,6.5,7.78,23.3,289.7,167.2,1.5,3.13,1.3,142.1,0.9,LOW
2026-06-18 06:50:19,Noyyal River,baseline_clean,7.59,2.6,8.28,25.0,250.8,135.9,1.34,9.94,0.4,151.2,0.4,LOW
2026-06-18 08:37:35,Noyyal River,baseline_clean,6.87,5.8,6.77,22.7,155.3,125.6,0.56,7.63,2.3,133.1,0.4,LOW
2026-06-18 09:26:05,Noyyal River,urban_sewage_hypoxia,7.07,80.5,4.15,26.0,711.1,566.7,8.09,64.73,3.0,34.7,54.7,HIGH
2026-06-18 10:51:07,Noyyal River,baseline_clean,7.07,2.0,7.37,24.1,289.4,197.1,1.05,4.63,0.9,168.6,0.1,LOW
2026-06-18 13:06:39,Noyyal River,industrial_effluent,4.51,66.3,3.85,33.1,1189.9,1179.0,9.24,95.09,0.8,53.4,69.3,HIGH
2026-06-18 20:10:13,Noyyal River,baseline_clean,6.94,1.6,7.73,25.2,275.4,165.7,4.11,10.19,2.7,148.6,4.7,LOW
2026-06-18 22:12:52,Noyyal River,agricultural_runoff,7.72,43.1,5.86,24.9,636.9,424.9,7.35,30.17,61.5,250.2,29.2,MODERATE
2026-06-19 01:39:58,Noyyal River,urban_sewage_hypoxia,6.73,48.0,3.09,27.4,632.0,526.7,10.42,65.86,11.2,51.8,58.6,HIGH
2026-06-19 03:52:33,Noyyal River,agricultural_runoff,7.39,63.1,6.48,27.0,612.3,460.6,6.77,34.93,32.8,264.2,24.4,LOW
2026-06-19 11:32:50,Noyyal River,baseline_clean,7.01,1.7,7.25,22.7,247.3,181.1,2.26,6.09,1.5,163.0,0.7,LOW
2026-06-19 20:01:43,Noyyal River,baseline_clean,6.96,2.5,6.43,26.5,282.5,208.1,3.1,10.97,4.5,206.6,3.4,LOW
2026-06-19 20:46:02,Noyyal River,urban_sewage_hypoxia,6.29,79.5,3.78,33.6,962.7,610.5,16.78,49.83,4.3,35.7,65.9,HIGH
2026-06-19 23:19:13,Noyyal River,industrial_effluent,9.22,95.5,4.33,30.5,1010.0,969.5,12.66,76.32,14.7,36.8,64.3,HIGH
2026-06-20 03:41:57,Noyyal River,baseline_clean,7.08,2.8,7.81,25.4,168.3,178.4,0.57,7.26,0.0,220.3,0.1,LOW
2026-06-20 06:35:21,Noyyal River,agricultural_runoff,7.07,22.3,5.87,26.3,559.2,394.3,5.26,20.97,68.6,220.5,17.9,LOW
2026-06-20 06:44:59,Noyyal River,industrial_effluent,8.92,90.2,3.17,32.0,1336.8,945.2,14.25,55.05,13.4,30.3,73.6,HIGH
2026-06-20 23:09:56,Noyyal River,urban_sewage_hypoxia,6.71,71.7,2.61,30.4,627.4,450.9,11.8,51.77,3.0,47.2,64.1,HIGH
2026-06-21 01:16:16,Noyyal River,industrial_effluent,4.81,55.9,2.51,32.7,1194.6,1394.2,8.04,68.31,19.7,79.9,75.2,CRITICAL
2026-06-21 12:34:18,Noyyal River,baseline_clean,7.07,2.4,7.93,25.2,297.7,159.9,1.89,4.95,0.9,233.3,0.1,LOW
2026-06-21 14:16:23,Noyyal River,baseline_clean,7.46,1.7,7.83,24.9,293.3,208.5,1.1,3.86,1.3,182.7,0.3,LOW
2026-06-21 15:04:19,Noyyal River,industrial_effluent,5.48,73.8,3.77,34.0,909.9,1244.6,10.44,87.31,13.1,85.4,63.5,HIGH
2026-06-21 18:47:39,Noyyal River,urban_sewage_hypoxia,7.22,46.5,1.5,26.6,659.7,633.0,8.6,39.5,4.5,39.0,79.3,CRITICAL
2026-06-22 01:12:12,Noyyal River,baseline_clean,7.42,1.8,7.59,26.7,226.9,148.4,0.52,6.71,4.4,155.0,0.2,LOW
2026-06-22 19:58:13,Noyyal River,agricultural_runoff,8.17,42.4,5.69,26.9,708.3,363.7,3.84,22.24,60.7,177.5,20.1,LOW
2026-06-22 21:25:25,Noyyal River,baseline_clean,7.32,5.2,8.06,23.9,303.9,141.9,1.06,4.83,3.3,164.5,0.1,LOW
2026-06-23 05:23:00,Noyyal River,agricultural_runoff,8.58,26.7,5.76,25.3,655.9,387.6,5.6,32.11,52.0,228.1,23.5,LOW
2026-06-23 06:21:48,Noyyal River,agricultural_runoff,7.14,34.6,5.84,22.6,570.6,573.1,4.26,32.58,42.2,234.0,21.1,LOW
2026-06-23 08:09:19,Noyyal River,urban_sewage_hypoxia,6.75,55.8,3.01,28.1,802.8,584.2,13.84,59.97,7.3,66.8,60.8,HIGH
2026-06-23 13:48:35,Noyyal River,baseline_clean,7.28,1.5,8.54,22.4,268.9,183.8,1.89,3.3,6.9,169.7,0.1,LOW
2026-06-23 22:04:16,Noyyal River,baseline_clean,7.4,3.1,8.07,26.0,324.5,115.6,1.03,6.56,4.2,135.6,0.2,LOW
2026-06-23 22:31:45,Noyyal River,urban_sewage_hypoxia,7.19,48.7,2.97,27.8,736.0,471.2,10.84,40.67,11.6,68.3,59.3,HIGH
2026-06-23 23:54:53,Noyyal River,baseline_clean,7.85,9.0,7.66,26.2,240.0,209.7,1.9,5.75,0.2,198.5,1.1,LOW
2026-06-24 01:36:13,Noyyal River,urban_sewage_hypoxia,5.74,53.7,4.0,25.3,731.0,515.0,8.54,54.76,5.4,27.2,62.6,HIGH
2026-06-24 02:34:59,Noyyal River,urban_sewage_hypoxia,7.24,74.1,2.97,27.8,698.5,538.0,15.25,62.24,8.7,34.0,69.8,HIGH
2026-06-24 07:25:41,Noyyal River,baseline_clean,7.47,5.9,7.92,22.0,294.3,160.6,4.58,11.11,8.9,170.9,6.0,LOW
2026-06-24 08:51:44,Noyyal River,baseline_clean,7.82,1.7,8.31,25.2,285.7,146.4,3.56,9.99,4.8,145.8,3.9,LOW
2026-06-24 22:33:15,Noyyal River,industrial_effluent,5.96,105.7,3.39,28.0,932.3,1101.1,6.21,74.77,6.1,72.9,54.8,HIGH
2026-06-25 09:57:09,Noyyal River,urban_sewage_hypoxia,7.19,55.5,2.92,32.4,763.7,636.8,14.41,32.56,10.1,28.3,69.6,HIGH
2026-06-25 17:44:29,Noyyal River,agricultural_runoff,8.35,39.7,6.53,21.5,550.8,447.9,3.82,29.07,68.4,269.1,15.8,LOW
2026-06-25 19:51:57,Noyyal River,industrial_effluent,4.91,47.1,2.83,32.1,1165.6,1378.5,6.5,89.36,17.2,58.8,67.5,HIGH
2026-06-25 21:04:12,Noyyal River,baseline_clean,7.45,2.7,8.1,24.9,271.1,164.3,0.71,12.76,0.4,203.4,1.0,LOW
2026-06-26 07:18:38,Noyyal River,urban_sewage_hypoxia,7.38,80.1,2.87,32.3,863.6,569.8,15.3,67.96,13.3,67.0,62.9,HIGH
2026-06-26 10:20:23,Noyyal River,industrial_effluent,5.48,68.9,3.16,33.8,1082.4,1360.1,7.62,94.7,13.4,45.1,64.4,HIGH
2026-06-26 14:30:18,Noyyal River,agricultural_runoff,8.8,50.9,4.07,26.5,584.3,356.7,6.27,21.88,50.4,289.7,42.1,MODERATE
2026-06-26 17:04:38,Noyyal River,industrial_effluent,4.9,83.6,2.58,30.3,1327.4,1317.1,10.8,101.93,15.3,69.9,77.6,CRITICAL
2026-06-26 17:34:51,Noyyal River,baseline_clean,7.66,5.5,7.8,22.2,227.2,163.3,3.74,4.68,2.3,189.9,4.1,LOW
2026-06-26 23:41:06,Noyyal River,industrial_effluent,5.73,72.9,4.12,30.6,1033.1,1210.3,9.78,118.6,7.0,85.3,58.6,HIGH
2026-06-27 01:55:52,Noyyal River,baseline_clean,7.66,1.4,7.47,24.8,301.0,199.9,2.55,4.41,6.3,179.0,1.6,LOW
2026-06-27 13:19:29,Noyyal River,agricultural_runoff,7.93,44.7,6.19,26.4,636.8,575.8,6.61,22.52,43.4,235.5,22.5,LOW
2026-06-28 13:02:16,Noyyal River,agricultural_runoff,7.79,54.3,5.09,25.9,562.7,588.0,4.39,32.63,73.3,169.0,30.4,MODERATE
2026-06-28 17:19:54,Noyyal River,industrial_effluent,5.63,88.9,4.26,30.1,1232.6,1167.4,6.24,73.26,13.9,45.2,51.0,HIGH
2026-06-28 18:40:26,Noyyal River,baseline_clean,6.97,1.5,7.97,24.7,348.4,178.7,1.28,5.07,2.1,197.8,0.2,LOW
2026-06-28 20:38:39,Noyyal River,industrial_effluent,9.61,88.6,2.09,32.1,1265.3,942.6,7.81,105.57,1.1,34.2,84.5,CRITICAL
2026-06-29 11:22:30,Noyyal River,agricultural_runoff,7.8,43.7,5.71,28.0,753.8,402.0,4.96,29.63,59.4,307.3,25.6,MODERATE
2026-06-29 19:31:38,Noyyal River,industrial_effluent,10.31,58.9,4.72,29.0,925.8,778.5,11.16,103.57,7.3,88.7,59.6,HIGH
2026-06-29 22:49:30,Noyyal River,industrial_effluent,4.89,59.1,2.38,31.9,1304.1,1193.9,12.12,66.92,6.6,70.9,79.5,CRITICAL
2026-06-30 05:06:04,Noyyal River,agricultural_runoff,7.96,26.1,4.78,28.6,586.5,580.1,5.77,29.34,45.3,292.2,33.8,MODERATE
2026-06-30 15:42:11,Noyyal River,baseline_clean,7.76,2.6,7.78,26.1,375.1,161.6,0.52,3.47,6.7,157.7,0.6,LOW
2026-07-01 16:10:43,Noyyal River,industrial_effluent,10.36,77.6,3.01,29.2,1500.1,976.0,14.32,108.58,7.5,64.4,74.5,HIGH
2026-07-02 00:31:54,Noyyal River,agricultural_runoff,8.32,60.5,5.26,26.3,578.6,443.8,4.86,22.22,79.5,215.0,27.9,MODERATE
2026-07-02 02:03:59,Noyyal River,baseline_clean,7.15,1.8,7.12,27.1,289.9,182.6,1.79,5.19,7.7,112.2,0.1,LOW
2026-07-02 02:25:18,Noyyal River,agricultural_runoff,8.14,52.9,5.81,26.6,586.1,454.8,7.3,32.0,49.6,320.4,31.7,MODERATE
2026-07-02 18:37:08,Noyyal River,industrial_effluent,6.01,109.8,4.64,32.7,1375.9,785.6,13.87,49.47,6.4,89.5,52.8,HIGH
2026-07-02 20:37:50,Noyyal River,baseline_clean,7.25,4.0,7.32,19.8,309.8,126.1,1.17,15.25,7.6,166.7,1.4,LOW
2026-07-03 01:32:10,Noyyal River,agricultural_runoff,7.9,51.0,3.92,25.7,680.1,560.2,5.86,30.3,44.5,352.0,44.5,MODERATE
2026-07-03 14:58:05,Noyyal River,baseline_clean,7.37,1.5,7.62,25.4,244.1,95.2,0.91,4.41,1.5,203.1,0.2,LOW
2026-07-03 16:39:46,Noyyal River,urban_sewage_hypoxia,7.04,58.0,3.61,25.5,863.6,479.9,16.76,46.09,12.0,23.3,63.7,HIGH
2026-07-03 22:14:20,Noyyal River,industrial_effluent,10.03,50.2,3.13,32.5,1113.0,891.4,11.2,115.01,0.7,76.2,70.7,HIGH
2026-07-04 09:32:22,Noyyal River,agricultural_runoff,8.21,22.4,5.36,25.7,595.8,428.8,6.91,32.15,57.5,294.8,31.0,MODERATE
2026-07-04 17:02:12,Noyyal River,agricultural_runoff,8.03,37.4,5.17,25.6,616.1,574.1,6.84,29.88,37.4,211.6,32.5,MODERATE
2026-07-04 18:47:04,Noyyal River,urban_sewage_hypoxia,7.77,42.3,2.0,28.2,679.1,531.6,9.88,45.81,2.7,52.7,67.3,HIGH
2026-07-05 15:00:44,Noyyal River,baseline_clean,7.27,3.4,8.1,21.6,223.4,145.4,2.83,9.04,0.8,191.8,1.8,LOW
2026-07-06 17:30:39,Noyyal River,industrial_effluent,10.02,69.1,2.51,34.5,927.7,1080.1,8.83,65.36,12.9,43.9,74.6,HIGH
2026-07-07 13:54:22,Noyyal River,baseline_clean,6.89,2.4,6.99,24.1,270.3,145.8,1.72,3.59,4.4,176.7,0.3,LOW
2026-07-07 18:45:42,Noyyal River,urban_sewage_hypoxia,7.1,84.0,3.11,25.3,704.3,726.5,8.13,61.9,13.0,21.7,65.1,HIGH
2026-07-08 05:27:49,Noyyal River,agricultural_runoff,7.49,34.7,5.26,30.3,695.6,577.3,4.22,19.44,58.8,231.4,23.4,LOW
2026-07-08 11:26:46,Noyyal River,industrial_effluent,5.54,79.3,3.05,34.9,1076.6,894.3,13.78,45.25,4.0,65.4,69.4,HIGH
2026-07-08 12:40:34,Noyyal River,agricultural_runoff,7.72,62.4,5.54,27.9,614.0,473.3,7.27,21.96,52.6,191.1,30.3,MODERATE
2026-07-08 12:54:02,Noyyal River,urban_sewage_hypoxia,6.85,43.9,3.34,28.5,657.1,594.9,10.5,50.81,11.8,62.6,56.4,HIGH
2026-07-08 15:10:38,Noyyal River,baseline_clean,7.08,1.9,8.36,25.5,287.6,164.0,1.28,4.8,1.2,203.9,0.1,LOW
2026-07-09 02:32:24,Noyyal River,agricultural_runoff,7.62,51.3,4.33,26.1,573.7,426.1,4.62,21.33,57.3,196.2,33.1,MODERATE
2026-07-09 23:05:11,Noyyal River,industrial_effluent,5.65,63.2,4.0,31.9,931.6,1352.5,10.07,100.08,10.0,66.3,60.1,HIGH
2026-07-10 06:21:12,Noyyal River,industrial_effluent,4.96,108.9,3.05,33.5,1185.1,1304.9,12.33,46.72,5.9,63.5,73.8,HIGH
2026-07-10 09:23:19,Noyyal River,agricultural_runoff,7.72,42.7,5.12,27.8,623.8,491.6,5.75,26.78,29.9,204.7,30.0,MODERATE
2026-07-10 17:32:58,Noyyal River,industrial_effluent,5.95,80.4,4.59,32.0,902.2,1087.0,11.18,61.08,9.4,57.6,53.0,HIGH
2026-07-10 23:14:11,Noyyal River,agricultural_runoff,8.08,49.6,4.6,25.5,744.9,546.1,7.36,21.66,27.9,297.1,37.7,MODERATE
2026-07-10 23:28:31,Noyyal River,urban_sewage_hypoxia,7.2,58.4,2.62,28.8,578.2,630.2,11.21,38.55,2.8,48.6,63.7,HIGH
2026-07-11 05:09:25,Noyyal River,baseline_clean,7.49,2.9,8.3,20.9,306.1,167.6,3.43,6.94,0.4,167.2,3.3,LOW
2026-07-11 11:17:43,Noyyal River,agricultural_runoff,7.97,58.9,4.54,30.5,633.9,473.4,4.15,28.19,58.1,200.8,34.3,MODERATE
2026-07-11 11:18:01,Noyyal River,industrial_effluent,10.06,80.7,3.08,32.5,1531.2,991.7,8.83,74.13,8.7,34.4,81.1,CRITICAL
2026-07-11 20:51:02,Noyyal River,industrial_effluent,5.67,92.3,3.19,34.5,975.2,887.1,6.57,104.66,12.4,48.9,60.4,HIGH
2026-07-11 23:47:57,Noyyal River,urban_sewage_hypoxia,5.91,72.2,2.78,29.5,852.0,539.6,14.82,67.49,10.3,28.3,77.3,CRITICAL
2026-07-12 00:12:01,Noyyal River,industrial_effluent,5.01,101.0,2.55,29.1,1009.9,1137.5,13.3,69.82,3.5,42.6,76.5,CRITICAL
2026-07-12 07:07:57,Noyyal River,urban_sewage_hypoxia,6.31,80.2,3.04,29.7,822.5,640.2,10.19,51.17,6.9,68.0,62.5,HIGH
2026-07-12 07:17:40,Noyyal River,industrial_effluent,5.35,97.1,3.33,32.5,1224.9,1141.9,7.24,47.9,2.7,47.2,63.2,HIGH
2026-07-12 14:48:16,Noyyal River,agricultural_runoff,7.97,63.8,5.91,26.9,522.9,488.6,4.14,27.91,54.6,311.4,23.4,LOW
2026-07-12 17:17:44,Noyyal River,urban_sewage_hypoxia,6.56,39.8,2.4,25.2,942.2,594.1,9.58,38.72,13.3,51.6,63.9,HIGH
2026-07-12 18:35:56,Noyyal River,urban_sewage_hypoxia,6.38,79.9,1.98,32.5,798.7,446.9,10.85,46.97,5.8,44.6,70.3,HIGH
2026-07-12 19:14:17,Noyyal River,industrial_effluent,4.63,68.5,2.51,34.7,1386.3,1224.6,9.92,53.25,5.3,45.6,80.7,CRITICAL
2026-07-13 03:01:52,Noyyal River,agricultural_runoff,7.49,64.2,5.7,28.5,694.0,528.9,4.88,26.32,45.9,295.8,26.6,MODERATE
2026-07-13 06:32:48,Noyyal River,industrial_effluent,9.23,51.7,2.88,34.2,1241.4,795.0,7.82,68.34,11.8,49.9,63.7,HIGH
2026-07-14 04:34:28,Noyyal River,agricultural_runoff,7.32,52.4,5.26,24.5,537.5,472.2,6.05,20.09,42.5,229.5,28.0,MODERATE
2026-07-14 16:39:53,Noyyal River,baseline_clean,7.31,5.1,7.42,26.7,285.2,198.1,2.4,7.15,2.1,218.6,1.0,LOW
2026-07-15 05:16:27,Noyyal River,baseline_clean,7.1,1.6,7.14,26.9,215.1,148.2,1.44,6.29,5.9,153.1,0.1,LOW
2026-07-16 03:33:18,Noyyal River,baseline_clean,8.03,2.4,7.58,23.2,338.8,203.7,0.56,11.55,7.6,173.1,1.2,LOW
2026-07-16 03:53:03,Noyyal River,baseline_clean,7.34,2.1,8.03,24.5,279.2,195.7,1.28,9.74,7.2,207.2,0.1,LOW
2026-07-16 10:52:52,Noyyal River,baseline_clean,7.18,4.9,7.84,22.4,282.3,229.7,0.53,5.07,0.7,141.6,0.0,LOW
2026-07-16 11:09:38,Noyyal River,industrial_effluent,4.7,80.1,3.71,35.0,1581.4,1376.5,9.14,119.34,9.1,81.1,69.0,HIGH
2026-07-16 20:22:22,Noyyal River,baseline_clean,7.28,1.6,7.16,22.3,222.2,155.4,0.59,3.84,8.2,185.6,0.1,LOW
2026-07-17 09:43:32,Noyyal River,urban_sewage_hypoxia,6.3,42.1,3.54,30.0,662.3,705.8,8.31,30.48,10.9,34.4,59.0,HIGH
2026-07-17 11:58:57,Noyyal River,agricultural_runoff,7.64,53.9,5.37,24.0,564.2,505.3,7.43,34.09,60.5,296.3,36.1,MODERATE
2026-07-18 02:45:11,Noyyal River,baseline_clean,7.54,3.7,7.55,23.8,238.6,183.9,1.51,7.04,5.0,177.1,0.3,LOW
2026-07-18 05:13:03,Noyyal River,baseline_clean,7.54,18.8,8.07,25.8,224.0,113.7,0.69,12.05,3.6,198.1,2.5,LOW
2026-07-18 08:48:40,Noyyal River,industrial_effluent,5.73,59.9,2.81,34.4,1533.3,818.0,6.58,66.98,11.6,82.6,63.4,HIGH
2026-07-18 12:11:13,Noyyal River,industrial_effluent,5.21,74.6,4.17,31.1,870.4,1197.1,13.96,83.54,11.6,39.8,71.0,HIGH
2026-07-18 12:27:31,Noyyal River,agricultural_runoff,7.9,44.8,5.8,27.5,656.2,518.4,4.82,25.92,39.4,263.3,22.7,LOW
2026-07-18 22:30:47,Noyyal River,urban_sewage_hypoxia,7.03,49.5,3.35,26.8,615.3,661.4,9.96,34.16,12.9,22.5,64.1,HIGH
2026-07-19 00:47:33,Noyyal River,agricultural_runoff,7.88,54.1,5.28,27.3,515.2,544.2,6.75,31.18,57.9,207.4,33.2,MODERATE
2026-07-19 17:46:52,Noyyal River,baseline_clean,7.11,1.6,7.75,22.3,296.9,191.1,0.92,3.98,0.5,187.6,0.1,LOW
2026-07-19 22:00:43,Noyyal River,industrial_effluent,4.95,55.6,3.35,31.2,1241.4,1367.0,11.44,90.43,2.6,89.8,70.6,HIGH
2026-07-20 05:40:28,Noyyal River,agricultural_runoff,7.69,61.3,5.12,25.1,790.8,589.7,6.66,33.64,78.1,263.4,38.0,MODERATE
2026-07-20 09:40:21,Noyyal River,agricultural_runoff,8.36,44.7,3.95,27.7,633.7,440.4,5.6,33.39,74.9,187.6,41.7,MODERATE
2026-07-20 12:20:56,Noyyal River,urban_sewage_hypoxia,5.63,58.2,2.06,31.8,904.5,636.7,12.01,69.11,7.9,22.9,87.3,CRITICAL
2026-07-20 13:57:52,Noyyal River,baseline_clean,7.49,12.0,7.73,20.8,259.3,152.4,1.86,3.17,0.2,157.3,1.1,LOW
2026-07-20 21:13:32,Noyyal River,agricultural_runoff,8.09,45.2,4.84,25.5,692.4,457.0,6.06,30.19,42.9,245.5,34.4,MODERATE
2026-07-21 00:42:08,Noyyal River,industrial_effluent,5.46,60.1,2.74,34.1,935.7,1121.0,9.61,59.31,9.0,86.4,71.9,HIGH
2026-07-21 12:05:32,Noyyal River,industrial_effluent,5.74,96.2,2.1,34.3,1538.8,1093.0,10.34,48.37,11.2,54.6,75.9,CRITICAL
2026-07-21 17:45:58,Noyyal River,baseline_clean,7.24,8.6,7.25,26.6,222.2,166.2,1.27,8.67,1.4,147.8,0.5,LOW
2026-07-21 19:53:02,Noyyal River,agricultural_runoff,8.19,41.8,5.87,28.2,694.2,488.5,7.41,28.02,69.7,172.7,28.1,MODERATE
2026-07-21 23:29:57,Noyyal River,baseline_clean,6.79,3.5,7.93,23.8,270.0,164.7,1.3,3.01,3.8,111.7,0.4,LOW
2026-07-22 13:50:52,Noyyal River,agricultural_runoff,6.93,47.5,5.67,26.9,620.6,568.2,6.81,19.21,67.4,238.2,26.1,MODERATE
2026-07-22 16:58:14,Noyyal River,industrial_effluent,4.75,86.7,3.12,33.8,903.9,837.5,8.7,92.0,13.7,37.5,82.8,CRITICAL
2026-07-22 22:27:39,Noyyal River,baseline_clean,7.38,1.7,8.64,25.7,263.0,162.5,2.28,4.32,3.9,140.4,0.8,LOW
2026-07-23 00:46:44,Noyyal River,baseline_clean,7.2,6.1,8.16,23.2,243.1,80.5,1.88,3.21,2.8,197.7,0.1,LOW
2026-07-23 05:38:28,Noyyal River,urban_sewage_hypoxia,6.66,64.1,3.41,28.0,797.8,687.5,8.66,57.3,2.6,69.2,56.0,HIGH
2026-07-23 06:18:50,Noyyal River,agricultural_runoff,8.2,23.2,4.98,28.1,769.3,465.1,6.24,23.31,49.9,228.6,29.7,MODERATE
2026-07-23 07:30:29,Noyyal River,baseline_clean,7.32,3.1,7.64,20.8,268.5,182.2,2.26,9.01,2.5,165.6,0.7,LOW
2026-07-23 08:40:55,Noyyal River,agricultural_runoff,7.71,29.0,5.07,26.7,523.8,455.6,5.13,22.66,76.8,229.2,25.9,MODERATE
2026-07-23 12:40:40,Noyyal River,urban_sewage_hypoxia,6.39,73.0,2.43,27.8,705.4,526.1,11.27,68.61,11.3,54.9,65.9,HIGH
2026-07-23 14:23:12,Noyyal River,urban_sewage_hypoxia,7.19,76.5,4.19,25.5,772.6,686.7,9.53,57.26,8.8,66.9,50.7,HIGH
2026-07-23 18:31:41,Noyyal River,agricultural_runoff,7.34,40.6,6.1,27.0,630.2,517.4,7.1,20.19,26.2,243.6,22.3,LOW
2026-07-23 19:10:59,Noyyal River,baseline_clean,7.38,6.9,8.1,24.5,300.6,174.8,1.87,5.15,9.8,207.4,0.4,LOW
2026-07-23 22:46:39,Noyyal River,baseline_clean,7.67,8.3,7.21,24.1,259.2,131.9,6.13,3.6,3.3,190.2,9.4,LOW
2026-07-24 02:27:21,Noyyal River,urban_sewage_hypoxia,5.39,66.1,3.47,35.8,757.9,411.5,13.64,69.54,13.1,49.4,65.4,HIGH
2026-07-24 13:32:55,Noyyal River,urban_sewage_hypoxia,6.37,59.7,2.71,26.7,1054.3,691.7,10.98,37.01,12.7,58.4,64.7,HIGH
2026-07-24 19:35:18,Noyyal River,baseline_clean,7.26,4.0,7.58,22.2,266.0,152.8,0.57,4.4,1.6,220.5,0.1,LOW
2026-07-25 01:08:31,Noyyal River,agricultural_runoff,7.82,50.2,4.61,28.0,657.6,508.2,6.52,19.24,59.5,285.0,36.6,MODERATE
2026-07-25 09:32:19,Noyyal River,baseline_clean,7.73,11.6,7.67,24.3,235.7,173.5,1.31,3.7,1.9,188.5,1.3,LOW
2026-07-25 23:19:55,Noyyal River,baseline_clean,7.11,1.8,7.85,25.2,236.3,195.7,1.36,8.83,3.2,156.9,0.1,LOW
2026-07-26 02:35:24,Noyyal River,industrial_effluent,10.29,70.4,2.04,29.8,1536.2,1181.3,12.63,69.4,14.0,68.8,82.2,CRITICAL
2026-07-26 08:44:21,Noyyal River,industrial_effluent,5.47,93.2,2.37,33.6,1006.4,1044.2,13.71,59.51,4.8,33.8,86.6,CRITICAL
2026-07-26 15:00:16,Noyyal River,baseline_clean,7.28,4.3,7.72,27.1,274.6,178.5,2.36,4.5,1.0,215.2,0.8,LOW
2026-07-26 18:13:50,Noyyal River,baseline_clean,7.67,1.4,7.86,23.0,243.5,231.1,2.54,5.16,3.0,227.4,1.6,LOW
2026-07-26 21:48:23,Noyyal River,baseline_clean,7.86,3.9,6.22,23.5,266.3,180.0,1.72,4.59,2.1,231.3,3.0,LOW
2026-07-27 03:48:13,Noyyal River,urban_sewage_hypoxia,7.43,48.5,3.3,30.1,854.9,439.1,11.54,42.15,0.7,62.8,57.3,HIGH
2026-07-27 06:59:23,Noyyal River,agricultural_runoff,7.92,29.3,5.09,25.1,646.2,555.7,5.55,25.13,65.6,319.5,29.6,MODERATE
2026-07-27 14:09:02,Noyyal River,industrial_effluent,5.39,91.4,2.08,30.0,1306.4,950.2,12.98,93.87,4.7,38.8,89.7,CRITICAL
2026-07-27 15:00:42,Noyyal River,agricultural_runoff,7.64,45.5,5.17,27.4,754.1,469.6,5.41,28.36,43.0,246.5,29.6,MODERATE
2026-07-27 16:43:21,Noyyal River,agricultural_runoff,7.5,60.1,5.96,27.4,632.2,488.9,7.34,34.9,73.6,188.7,30.2,MODERATE
2026-07-27 23:27:37,Noyyal River,baseline_clean,7.24,4.5,7.68,22.7,250.6,145.9,1.31,3.81,1.3,207.9,0.0,LOW
2026-07-28 04:43:00,Noyyal River,agricultural_runoff,7.75,44.3,5.2,22.5,671.4,436.8,4.34,27.29,56.2,249.3,26.5,MODERATE
2026-07-28 05:16:09,Noyyal River,baseline_clean,6.85,5.5,6.79,27.6,259.8,247.7,2.07,6.74,3.8,185.1,0.7,LOW
2026-07-28 05:17:58,Noyyal River,agricultural_runoff,7.4,49.8,5.81,27.7,728.2,428.4,4.15,27.08,40.5,196.6,21.5,LOW
2026-07-28 06:44:54,Noyyal River,agricultural_runoff,8.24,28.6,4.82,29.8,521.0,513.5,6.47,24.1,61.8,266.9,33.9,MODERATE
2026-07-28 08:20:26,Noyyal River,baseline_clean,7.55,6.7,7.73,22.8,244.2,130.6,2.52,5.01,9.2,187.2,1.6,LOW
2026-07-28 15:41:20,Noyyal River,agricultural_runoff,7.75,48.0,5.08,22.7,621.5,424.2,4.35,26.24,28.2,215.9,27.5,MODERATE
2026-07-28 19:20:23,Noyyal River,urban_sewage_hypoxia,6.06,59.1,3.42,31.6,825.0,523.9,13.25,33.84,13.1,47.9,60.0,HIGH
2026-07-28 23:44:53,Noyyal River,baseline_clean,7.14,4.3,8.1,25.2,255.7,210.6,1.67,3.79,3.1,165.6,0.1,LOW
2026-07-29 05:07:25,Noyyal River,baseline_clean,7.03,4.8,8.2,22.9,288.3,190.3,0.82,3.17,0.9,201.1,0.2,LOW
2026-07-29 10:38:02,Noyyal River,urban_sewage_hypoxia,6.51,38.4,3.11,25.9,878.0,644.0,9.74,40.92,10.1,30.1,67.1,HIGH
2026-07-29 12:26:17,Noyyal River,industrial_effluent,10.36,61.5,3.13,32.5,1238.5,767.2,14.94,101.45,8.8,67.1,74.1,HIGH
2026-07-29 18:24:13,Noyyal River,agricultural_runoff,8.4,44.7,5.03,25.7,612.7,550.7,5.71,21.94,37.7,257.0,30.3,MODERATE
2026-07-29 19:29:27,Noyyal River,agricultural_runoff,8.45,32.0,4.92,30.0,630.7,410.2,6.13,27.74,39.8,260.8,32.2,MODERATE
2026-07-29 21:25:28,Noyyal River,baseline_clean,7.3,3.6,7.71,22.6,287.8,152.1,1.64,3.8,1.2,169.8,0.1,LOW
2026-07-29 22:11:22,Noyyal River,baseline_clean,7.25,1.9,7.11,24.5,302.0,236.0,1.02,3.55,5.8,116.0,0.1,LOW
2026-07-30 00:31:17,Noyyal River,baseline_clean,8.13,3.1,7.67,29.4,234.2,156.4,2.0,14.87,1.5,223.8,2.6,LOW
2026-07-30 14:16:17,Noyyal River,baseline_clean,6.84,1.3,7.57,21.8,286.5,170.6,0.88,7.29,1.3,189.5,0.4,LOW
2026-07-30 14:31:25,Noyyal River,baseline_clean,6.96,8.4,7.29,23.8,299.4,153.8,1.53,6.75,9.2,177.5,0.6,LOW
2026-07-30 16:27:44,Noyyal River,baseline_clean,7.82,3.9,7.32,21.8,306.5,189.9,0.6,4.04,0.9,158.7,0.6,LOW
2026-07-30 18:53:35,Noyyal River,baseline_clean,7.0,1.9,7.98,23.4,274.1,177.5,1.53,37.54,6.5,161.0,7.5,LOW
2026-07-31 02:09:09,Noyyal River,baseline_clean,7.59,2.4,7.51,26.3,263.3,215.4,0.79,3.68,1.0,204.9,0.4,LOW
2026-07-31 04:37:12,Noyyal River,urban_sewage_hypoxia,7.56,56.5,1.75,30.4,741.7,631.2,14.49,51.25,9.7,22.7,82.3,CRITICAL
2026-07-31 07:45:01,Noyyal River,agricultural_runoff,8.44,46.9,4.78,26.3,658.8,578.2,4.11,34.15,66.9,302.5,34.4,MODERATE
2026-07-31 23:15:54,Noyyal River,agricultural_runoff,7.42,51.6,4.86,31.5,600.5,500.7,6.04,34.42,63.1,223.1,36.0,MODERATE
2026-08-01 01:31:56,Noyyal River,industrial_effluent,9.98,61.7,4.57,31.9,1116.5,815.1,10.26,99.76,12.5,73.6,59.5,HIGH
2026-08-01 05:54:30,Noyyal River,urban_sewage_hypoxia,7.01,60.1,3.51,27.0,630.4,588.7,13.48,49.69,11.8,45.9,56.4,HIGH
2026-08-01 12:15:31,Noyyal River,baseline_clean,7.51,4.2,7.68,27.6,186.3,154.8,3.95,5.51,12.5,213.6,4.5,LOW
2026-08-01 15:37:38,Noyyal River,industrial_effluent,5.37,85.4,4.26,30.9,1250.7,1375.8,8.68,63.61,14.2,76.3,58.1,HIGH
2026-08-01 19:31:01,Noyyal River,agricultural_runoff,7.29,42.4,5.87,23.0,521.5,487.2,4.92,29.23,46.3,192.9,21.9,LOW
2026-08-01 23:40:51,Noyyal River,agricultural_runoff,8.14,40.8,5.03,25.2,638.4,364.1,4.15,33.44,33.6,272.9,28.8,MODERATE
2026-08-02 01:11:48,Noyyal River,agricultural_runoff,7.74,27.5,5.55,27.0,652.9,368.2,6.1,19.96,31.5,236.3,23.1,LOW
2026-08-02 03:22:14,Noyyal River,industrial_effluent,5.2,104.9,4.49,33.8,1132.5,703.1,12.13,75.82,15.1,77.7,60.1,HIGH
2026-08-02 05:13:06,Noyyal River,urban_sewage_hypoxia,7.41,59.7,1.61,30.0,770.5,679.0,11.52,46.39,13.9,43.2,73.1,HIGH
2026-08-02 22:28:26,Noyyal River,agricultural_runoff,8.44,27.7,6.43,29.6,546.6,420.9,4.7,24.4,52.5,230.7,15.2,LOW
2026-08-03 03:51:47,Noyyal River,baseline_clean,7.44,1.7,7.79,23.1,228.0,183.2,0.53,3.35,11.5,154.1,0.2,LOW
2026-08-03 04:19:20,Noyyal River,agricultural_runoff,7.85,62.5,6.04,30.2,553.2,533.2,5.79,28.32,77.7,173.1,25.3,MODERATE
2026-08-03 05:31:46,Noyyal River,urban_sewage_hypoxia,5.83,61.2,2.53,27.9,832.2,527.1,15.87,62.01,10.7,39.1,79.9,CRITICAL
2026-08-03 06:33:08,Noyyal River,industrial_effluent,10.21,94.9,3.09,34.6,1345.1,1103.0,12.28,48.35,7.8,82.9,73.6,HIGH
2026-08-03 11:41:35,Noyyal River,industrial_effluent,9.55,81.1,2.71,28.2,1477.0,1327.5,7.46,104.03,14.8,40.7,66.6,HIGH
2026-08-03 13:54:53,Noyyal River,baseline_clean,7.92,2.4,7.17,23.6,258.6,175.6,0.77,3.62,1.6,144.6,0.7,LOW
2026-08-03 17:03:19,Noyyal River,agricultural_runoff,8.1,36.5,4.62,26.7,572.0,366.6,4.78,18.1,65.9,176.3,28.7,MODERATE
2026-08-03 17:10:27,Noyyal River,baseline_clean,7.4,5.5,7.51,20.8,273.7,162.5,0.93,8.37,3.8,228.9,0.3,LOW
2026-08-03 18:57:24,Noyyal River,industrial_effluent,9.18,100.1,4.44,32.5,1229.8,1370.1,14.75,93.13,7.2,79.0,55.4,HIGH
2026-08-04 02:06:09,Noyyal River,baseline_clean,7.05,6.9,7.08,24.3,259.0,166.2,1.95,3.02,0.7,138.4,0.4,LOW
2026-08-04 02:16:05,Noyyal River,urban_sewage_hypoxia,7.2,59.9,4.1,28.1,553.0,592.3,9.53,57.78,0.8,46.8,50.8,HIGH
2026-08-04 02:46:58,Noyyal River,industrial_effluent,9.9,89.5,3.6,28.3,962.2,1345.6,8.1,119.47,13.6,56.7,62.6,HIGH
2026-08-04 21:05:00,Noyyal River,agricultural_runoff,8.21,64.9,4.26,28.0,622.7,524.4,5.41,24.57,40.5,270.7,40.3,MODERATE
2026-08-05 05:25:55,Noyyal River,industrial_effluent,5.66,106.3,2.45,32.5,1460.1,1333.5,8.49,54.66,5.0,64.7,70.7,HIGH
2026-08-05 11:36:05,Noyyal River,urban_sewage_hypoxia,6.73,65.9,3.15,28.8,734.4,609.0,10.02,50.53,11.0,57.5,60.2,HIGH
2026-08-05 23:20:59,Noyyal River,agricultural_runoff,7.68,29.6,4.23,29.7,574.5,403.7,5.05,26.72,36.3,272.6,34.1,MODERATE
2026-08-06 01:10:08,Noyyal River,urban_sewage_hypoxia,7.23,37.3,3.46,25.0,798.9,582.1,13.47,60.85,5.8,63.1,54.4,HIGH
2026-08-06 03:24:37,Noyyal River,baseline_clean,7.27,4.9,7.71,28.2,263.7,171.5,1.05,5.4,13.6,145.1,0.3,LOW
2026-08-06 12:55:48,Noyyal River,baseline_clean,7.64,3.0,7.22,22.6,279.2,155.3,2.7,4.41,4.7,170.1,1.9,LOW
2026-08-06 15:10:15,Noyyal River,industrial_effluent,6.07,60.8,3.71,33.9,1451.5,763.2,12.28,64.34,7.1,59.3,60.2,HIGH
2026-08-06 21:23:03,Noyyal River,urban_sewage_hypoxia,6.89,46.2,2.15,31.7,787.3,668.1,11.69,37.48,5.4,50.5,67.4,HIGH
2026-08-07 05:38:42,Noyyal River,baseline_clean,7.84,3.6,7.57,22.2,309.5,186.2,2.29,3.6,3.7,134.3,1.2,LOW
2026-08-07 05:39:38,Noyyal River,baseline_clean,7.22,1.4,7.88,20.2,252.7,223.5,0.76,4.77,6.1,148.6,0.0,LOW
2026-08-07 14:59:27,Noyyal River,agricultural_runoff,7.98,36.0,6.43,28.9,552.3,470.2,4.37,34.06,53.9,226.5,17.7,LOW
2026-08-08 02:18:15,Noyyal River,urban_sewage_hypoxia,6.07,83.5,2.19,29.2,604.7,562.2,8.91,54.04,0.6,44.7,68.6,HIGH
2026-08-08 05:20:17,Noyyal River,urban_sewage_hypoxia,7.48,38.5,1.56,30.6,909.4,575.7,9.19,63.47,1.7,52.8,69.9,HIGH
2026-08-08 08:26:55,Noyyal River,baseline_clean,7.09,1.3,8.12,25.3,218.0,158.6,0.92,5.08,10.1,174.1,0.1,LOW
2026-08-08 14:03:36,Noyyal River,urban_sewage_hypoxia,7.1,35.6,1.66,31.9,614.2,714.2,9.03,31.78,2.5,28.0,76.7,CRITICAL
2026-08-08 15:19:31,Noyyal River,industrial_effluent,9.95,78.1,2.66,34.5,890.7,1182.2,11.59,78.08,4.8,55.8,74.8,HIGH
2026-08-08 20:17:58,Noyyal River,baseline_clean,7.62,4.4,7.1,23.8,256.9,208.1,1.0,10.4,15.3,220.6,0.5,LOW
2026-08-09 02:47:03,Noyyal River,baseline_clean,7.37,3.2,6.86,24.2,292.2,117.1,4.01,6.79,0.0,207.3,4.4,LOW
2026-08-09 08:11:39,Noyyal River,urban_sewage_hypoxia,6.57,61.6,1.53,25.8,755.4,691.9,9.15,32.69,3.3,23.2,81.7,CRITICAL
2026-08-09 09:49:18,Noyyal River,agricultural_runoff,7.83,30.4,5.01,26.8,681.9,550.5,5.19,20.25,28.2,187.7,26.9,MODERATE
2026-08-09 14:39:34,Noyyal River,agricultural_runoff,7.53,58.5,4.87,26.9,661.5,592.3,5.42,18.7,42.0,249.9,31.1,MODERATE
2026-08-09 17:08:03,Noyyal River,baseline_clean,7.27,2.8,7.2,26.4,276.2,223.9,4.35,4.71,2.8,178.9,5.0,LOW
2026-08-10 03:00:11,Noyyal River,urban_sewage_hypoxia,5.88,64.6,3.01,29.5,805.6,481.3,15.87,62.24,11.1,23.0,75.0,HIGH
2026-08-10 05:26:09,Noyyal River,baseline_clean,7.82,10.3,7.08,26.9,265.9,176.6,0.76,10.03,9.4,184.6,1.2,LOW
2026-08-10 14:10:03,Noyyal River,agricultural_runoff,8.38,62.7,4.6,22.5,734.3,495.7,6.32,29.31,37.8,234.0,38.8,MODERATE
2026-08-11 17:09:06,Noyyal River,industrial_effluent,10.28,109.5,4.54,32.8,975.1,809.4,6.44,75.89,16.2,59.4,54.7,HIGH
2026-08-12 00:33:16,Noyyal River,industrial_effluent,9.03,83.4,3.54,32.3,1371.7,1342.7,13.07,61.47,16.5,37.3,71.0,HIGH
2026-08-12 04:41:03,Noyyal River,baseline_clean,7.46,9.6,8.53,24.3,293.7,166.2,1.92,15.12,1.8,140.7,2.1,LOW
2026-08-12 16:46:47,Noyyal River,baseline_clean,7.77,7.6,7.98,24.8,292.8,157.6,0.63,14.46,4.5,165.1,2.1,LOW
2026-08-12 20:26:06,Noyyal River,urban_sewage_hypoxia,6.53,41.9,1.74,30.7,856.7,673.8,14.85,66.63,0.8,37.4,81.4,CRITICAL
2026-08-13 00:48:04,Noyyal River,baseline_clean,7.0,3.0,6.79,25.2,321.1,167.2,1.36,9.71,1.9,189.1,0.2,LOW
2026-08-13 06:41:14,Noyyal River,industrial_effluent,10.0,80.6,2.97,33.9,1494.1,734.7,9.59,47.0,16.8,40.6,72.8,HIGH
2026-08-13 12:33:07,Noyyal River,baseline_clean,7.56,8.1,7.42,22.7,249.1,166.1,0.87,5.42,5.7,128.7,0.7,LOW
2026-08-13 16:58:46,Noyyal River,agricultural_runoff,8.86,52.5,5.93,30.4,643.9,515.0,4.04,27.27,49.5,230.7,23.4,LOW
2026-08-13 19:48:19,Noyyal River,urban_sewage_hypoxia,6.58,53.5,2.94,29.2,750.7,557.2,14.37,60.37,5.5,25.7,70.5,HIGH
2026-08-14 05:36:01,Noyyal River,baseline_clean,7.42,5.1,7.78,25.7,221.9,146.7,1.37,7.54,0.2,155.8,0.2,LOW
2026-08-14 06:54:43,Noyyal River,agricultural_runoff,7.87,54.1,4.58,22.0,598.2,563.5,7.46,28.73,69.3,235.7,40.0,MODERATE
2026-08-14 09:28:07,Noyyal River,baseline_clean,7.61,1.3,7.61,23.3,346.5,184.2,1.08,6.03,13.7,156.5,0.4,LOW
2026-08-14 11:26:00,Noyyal River,agricultural_runoff,7.88,43.8,5.24,24.8,484.0,451.6,4.69,23.12,39.7,206.6,25.5,MODERATE
2026-08-14 13:58:12,Noyyal River,agricultural_runoff,7.8,48.3,6.14,29.1,686.4,589.7,6.14,29.95,72.1,396.8,25.9,MODERATE
2026-08-14 16:42:32,Noyyal River,agricultural_runoff,8.12,39.3,5.73,28.4,653.4,442.0,6.49,23.53,28.1,279.4,25.6,MODERATE
2026-08-14 19:10:45,Noyyal River,industrial_effluent,5.15,87.8,3.08,35.0,1154.0,1082.4,8.03,56.41,12.9,65.3,68.5,HIGH
2026-08-14 20:50:12,Noyyal River,agricultural_runoff,7.83,44.2,5.25,27.1,618.1,359.2,7.13,23.31,67.6,284.7,32.0,MODERATE
2026-08-15 01:00:07,Noyyal River,baseline_clean,7.67,3.4,8.23,26.4,277.4,186.3,1.12,3.78,2.6,183.1,0.5,LOW
2026-08-15 09:10:46,Noyyal River,industrial_effluent,9.54,107.6,3.92,33.8,1225.7,812.4,13.98,81.48,19.4,45.3,62.2,HIGH
2026-08-15 15:58:48,Noyyal River,urban_sewage_hypoxia,7.01,62.6,2.38,28.8,725.9,531.5,13.47,58.13,12.4,63.8,65.9,HIGH
2026-08-15 16:38:50,Noyyal River,urban_sewage_hypoxia,6.92,70.0,3.73,25.5,934.1,523.4,10.68,47.42,14.5,64.8,55.0,HIGH
2026-08-15 19:53:22,Noyyal River,agricultural_runoff,8.11,51.2,5.87,28.7,488.7,259.9,7.46,26.57,47.7,267.8,29.0,MODERATE
2026-08-15 20:39:12,Noyyal River,agricultural_runoff,7.83,50.1,5.11,25.5,449.3,475.6,7.27,33.34,56.4,349.1,37.1,MODERATE
2026-08-16 08:51:09,Noyyal River,agricultural_runoff,7.83,50.2,4.62,23.1,572.8,412.3,5.07,32.82,77.5,201.4,34.7,MODERATE
2026-08-16 09:26:55,Noyyal River,baseline_clean,7.18,1.3,6.63,23.2,263.4,105.4,0.81,4.6,4.9,250.1,0.0,LOW
2026-08-16 21:56:02,Noyyal River,agricultural_runoff,8.07,28.8,6.63,26.1,567.5,483.6,6.77,27.79,51.6,277.6,20.4,LOW
2026-08-17 00:28:22,Noyyal River,baseline_clean,7.59,4.1,6.86,23.2,191.6,105.3,1.36,14.71,0.6,188.4,1.6,LOW
2026-08-17 02:13:55,Noyyal River,agricultural_runoff,9.06,25.4,4.75,26.9,656.0,505.8,6.26,24.59,26.5,306.0,34.7,MODERATE
2026-08-17 12:38:10,Noyyal River,urban_sewage_hypoxia,5.75,74.2,1.69,26.3,739.9,631.1,10.79,68.96,7.8,66.8,77.1,CRITICAL
2026-08-18 02:55:02,Noyyal River,agricultural_runoff,7.64,53.4,5.85,27.4,537.1,573.6,5.84,19.01,75.1,266.6,24.5,LOW
2026-08-18 05:44:48,Noyyal River,agricultural_runoff,8.08,31.3,4.34,26.4,634.6,516.4,7.25,28.63,46.2,294.8,41.0,MODERATE
2026-08-18 09:41:53,Noyyal River,baseline_clean,7.25,1.9,7.07,26.6,202.6,183.5,3.06,4.49,9.7,199.2,2.3,LOW
2026-08-18 10:49:08,Noyyal River,urban_sewage_hypoxia,7.99,44.4,2.44,32.3,740.3,604.6,9.13,69.7,1.0,35.1,73.4,HIGH
2026-08-19 20:07:35,Noyyal River,industrial_effluent,9.14,51.2,3.83,30.7,1248.1,1156.8,6.48,66.97,9.2,46.0,52.0,HIGH
2026-08-20 18:24:15,Noyyal River,agricultural_runoff,7.78,38.9,5.21,26.3,571.3,514.7,4.09,27.3,49.6,195.7,25.4,MODERATE
2026-08-21 02:33:32,Noyyal River,baseline_clean,7.5,2.8,8.14,23.6,295.6,185.4,2.52,5.86,4.6,189.2,1.4,LOW
2026-08-21 03:24:30,Noyyal River,urban_sewage_hypoxia,7.02,64.6,3.07,30.4,791.0,608.3,11.92,34.59,1.7,61.9,60.1,HIGH
2026-08-21 18:16:52,Noyyal River,agricultural_runoff,8.12,43.4,4.57,26.7,551.6,481.2,7.37,23.22,29.7,206.2,37.1,MODERATE
2026-08-21 23:17:15,Noyyal River,baseline_clean,7.05,1.7,7.58,22.4,307.0,217.5,2.03,3.73,0.4,181.6,0.2,LOW
2026-08-22 05:50:42,Noyyal River,agricultural_runoff,8.08,25.2,5.8,26.2,535.4,574.2,6.31,20.61,37.5,234.9,22.2,LOW
2026-08-22 10:07:46,Noyyal River,agricultural_runoff,8.36,49.1,5.81,22.8,498.3,499.9,6.62,22.19,59.5,220.7,25.9,MODERATE
2026-08-22 18:06:09,Noyyal River,agricultural_runoff,7.67,30.2,6.57,27.0,568.1,404.3,5.21,28.08,79.4,203.4,15.8,LOW
2026-08-22 21:16:08,Noyyal River,urban_sewage_hypoxia,6.92,63.2,3.44,26.0,766.8,668.9,9.08,53.93,4.5,38.7,64.6,HIGH
2026-08-22 23:09:06,Noyyal River,industrial_effluent,8.94,90.0,2.2,29.0,1375.1,902.8,7.89,105.11,18.9,43.9,67.7,HIGH
2026-08-23 06:43:05,Noyyal River,industrial_effluent,5.89,94.1,2.75,33.6,1507.9,1188.8,6.9,118.82,1.5,69.3,63.4,HIGH
2026-08-23 08:41:07,Noyyal River,baseline_clean,7.44,5.3,7.12,23.6,289.6,112.8,0.85,4.59,7.5,96.6,0.3,LOW
2026-08-23 09:40:45,Noyyal River,urban_sewage_hypoxia,6.89,41.0,3.05,31.3,570.7,501.4,10.84,67.18,10.0,57.1,58.4,HIGH
2026-08-23 21:48:14,Noyyal River,baseline_clean,7.55,17.5,7.56,25.9,276.2,195.8,1.12,6.75,7.5,191.8,1.8,LOW
2026-08-23 23:59:17,Noyyal River,agricultural_runoff,7.81,27.1,5.67,22.1,577.5,590.0,4.09,34.24,63.0,231.4,22.4,LOW
2026-08-24 07:28:58,Noyyal River,urban_sewage_hypoxia,6.08,39.5,3.42,28.4,833.4,573.2,13.17,43.94,11.2,37.4,67.0,HIGH
2026-08-24 12:00:58,Noyyal River,baseline_clean,7.5,1.3,8.43,24.9,311.3,164.0,1.24,5.08,5.1,213.1,0.3,LOW
2026-08-24 17:16:06,Noyyal River,industrial_effluent,4.63,67.9,4.77,30.8,1352.3,784.5,14.3,107.08,7.7,50.9,61.6,HIGH
2026-08-24 17:23:48,Noyyal River,baseline_clean,7.34,5.2,6.87,24.5,298.5,173.6,1.35,6.31,22.4,222.1,0.2,LOW
2026-08-24 21:43:46,Noyyal River,industrial_effluent,9.17,57.9,2.31,34.0,931.2,796.7,8.21,87.95,17.6,55.1,69.1,HIGH
2026-08-24 23:51:18,Noyyal River,agricultural_runoff,8.36,49.2,5.45,27.4,606.7,495.2,3.92,24.16,49.2,218.3,24.1,LOW
2026-08-25 02:03:48,Noyyal River,agricultural_runoff,7.63,63.7,7.63,27.6,701.3,515.7,6.57,34.86,64.4,215.7,24.5,LOW
2026-08-25 09:38:18,Noyyal River,baseline_clean,8.06,1.9,6.65,20.6,263.9,150.4,0.5,6.38,2.0,149.7,0.9,LOW
2026-08-25 14:43:39,Noyyal River,baseline_clean,7.3,7.1,7.34,24.1,225.3,181.1,0.72,4.44,2.7,200.5,0.3,LOW
2026-05-27 21:20:29,Sample River,baseline_clean,7.53,2.5,7.33,24.7,189.5,179.7,0.59,20.34,5.9,166.5,3.1,LOW
2026-05-27 23:39:10,Sample River,baseline_clean,7.55,3.1,7.75,24.7,234.2,180.8,2.12,5.72,3.0,233.8,0.6,LOW
2026-05-28 01:36:01,Sample River,baseline_clean,7.68,7.1,7.45,24.0,250.6,127.5,0.64,4.65,11.5,165.3,0.7,LOW
2026-05-28 02:59:44,Sample River,baseline_clean,7.1,2.1,7.53,25.6,217.8,147.3,7.2,4.24,15.0,196.0,10.9,LOW
2026-05-28 11:10:51,Sample River,baseline_clean,7.62,5.3,7.63,26.2,302.2,128.7,2.32,9.65,8.1,147.2,1.1,LOW
2026-05-28 12:56:40,Sample River,baseline_clean,7.16,1.6,8.14,27.1,265.1,186.5,0.6,3.21,3.0,135.5,0.1,LOW
2026-05-29 06:33:05,Sample River,agricultural_runoff,7.85,27.5,5.35,27.2,535.4,444.0,7.12,26.06,59.8,187.0,28.6,MODERATE
2026-05-29 13:29:24,Sample River,agricultural_runoff,7.64,36.5,5.43,25.3,688.4,557.4,6.0,26.02,51.5,278.6,28.5,MODERATE
2026-05-29 19:17:37,Sample River,baseline_clean,7.54,8.5,6.85,25.7,222.5,143.7,3.26,9.24,0.1,187.2,3.4,LOW
2026-05-29 23:03:39,Sample River,industrial_effluent,4.98,65.1,3.11,31.0,1449.8,944.6,10.21,91.87,7.6,80.2,72.7,HIGH
2026-05-30 04:03:00,Sample River,agricultural_runoff,7.97,64.4,4.72,23.8,609.1,639.5,6.54,29.88,37.1,100.8,38.3,MODERATE
2026-05-30 07:05:02,Sample River,baseline_clean,7.39,1.7,6.74,24.5,269.3,155.6,0.96,4.73,2.1,260.4,0.2,LOW
2026-05-30 12:49:21,Sample River,baseline_clean,7.01,10.6,7.46,22.7,292.1,178.2,2.87,6.67,9.4,181.8,2.6,LOW
2026-05-30 20:34:07,Sample River,urban_sewage_hypoxia,7.71,64.7,2.54,27.2,875.0,553.4,10.15,30.04,0.9,27.9,72.5,HIGH
2026-05-31 05:12:04,Sample River,urban_sewage_hypoxia,6.72,45.0,3.34,29.3,721.7,456.5,16.62,59.09,14.9,57.1,56.4,HIGH
2026-05-31 16:28:19,Sample River,agricultural_runoff,7.94,32.6,4.57,21.7,572.0,593.7,6.45,26.86,77.3,256.3,36.9,MODERATE
2026-06-01 05:42:20,Sample River,urban_sewage_hypoxia,6.03,45.6,2.81,29.7,821.1,699.9,10.62,47.21,5.8,28.5,74.7,HIGH
2026-06-01 08:43:54,Sample River,urban_sewage_hypoxia,6.93,51.2,3.75,26.0,618.6,631.0,8.18,31.71,10.2,38.6,56.0,HIGH
2026-06-01 13:07:49,Sample River,baseline_clean,7.35,2.0,7.72,23.6,255.3,169.2,2.99,4.56,0.5,200.1,2.2,LOW
2026-06-01 16:09:04,Sample River,industrial_effluent,9.95,56.5,3.53,34.9,1553.0,730.2,7.48,54.88,14.5,79.1,63.1,HIGH
2026-06-01 20:27:27,Sample River,agricultural_runoff,7.5,51.9,5.67,27.6,575.6,318.7,4.25,30.5,58.1,258.5,24.5,LOW
2026-06-01 22:28:06,Sample River,urban_sewage_hypoxia,6.85,84.0,1.95,25.6,829.0,724.0,13.66,57.91,14.3,66.5,70.1,HIGH
2026-06-02 04:20:50,Sample River,industrial_effluent,5.76,58.1,2.72,29.2,1097.7,1229.7,10.67,60.37,17.6,82.8,69.6,HIGH
2026-06-02 06:35:43,Sample River,agricultural_runoff,7.64,58.9,6.12,26.0,663.5,441.7,7.11,29.12,63.3,214.2,26.7,MODERATE
2026-06-02 23:01:42,Sample River,urban_sewage_hypoxia,6.89,41.0,3.94,30.6,756.4,530.4,8.99,30.47,9.2,41.1,47.8,MODERATE
2026-06-03 00:07:41,Sample River,urban_sewage_hypoxia,6.84,80.8,2.66,29.7,837.3,450.1,11.4,54.04,12.0,55.3,63.9,HIGH
2026-06-03 05:12:58,Sample River,baseline_clean,7.62,4.9,7.37,24.1,207.1,136.6,2.45,6.15,0.7,206.1,1.4,LOW
2026-06-03 08:13:25,Sample River,agricultural_runoff,8.41,42.5,5.67,24.5,548.5,402.8,3.91,34.52,58.1,197.5,23.7,LOW
2026-06-03 12:27:27,Sample River,baseline_clean,7.32,6.7,7.43,21.0,270.3,214.4,0.73,8.09,8.1,163.2,0.3,LOW
2026-06-03 17:27:46,Sample River,urban_sewage_hypoxia,6.81,55.8,3.44,25.7,852.7,564.0,15.17,55.91,12.9,59.8,57.1,HIGH
2026-06-03 21:33:23,Sample River,agricultural_runoff,7.56,49.6,5.91,30.0,785.4,521.4,7.05,29.48,43.8,339.6,29.7,MODERATE
2026-06-04 02:51:15,Sample River,agricultural_runoff,8.02,27.9,5.88,26.5,636.6,593.2,4.2,28.82,51.5,185.1,19.9,LOW
2026-06-04 07:57:54,Sample River,baseline_clean,6.52,6.2,7.7,23.0,298.3,201.1,1.67,3.66,8.3,205.9,0.8,LOW
2026-06-04 15:54:57,Sample River,urban_sewage_hypoxia,6.52,62.4,2.28,29.4,636.8,481.8,14.02,43.36,12.5,56.6,67.0,HIGH
2026-06-04 16:19:44,Sample River,urban_sewage_hypoxia,6.58,68.9,1.69,27.5,694.7,490.0,17.81,61.39,5.3,56.7,71.6,HIGH
2026-06-04 18:02:10,Sample River,urban_sewage_hypoxia,6.69,83.9,1.78,28.3,792.7,593.1,13.33,37.59,9.0,49.1,71.4,HIGH
2026-06-04 19:18:14,Sample River,baseline_clean,7.18,1.5,8.54,28.1,290.8,142.9,1.41,5.4,4.5,230.9,0.2,LOW
2026-06-04 19:57:54,Sample River,baseline_clean,7.61,10.0,7.74,23.6,271.1,219.9,1.75,5.1,0.1,205.4,1.0,LOW
2026-06-05 04:25:00,Sample River,agricultural_runoff,8.33,43.6,3.9,27.2,591.8,544.5,6.98,30.72,76.8,264.1,46.6,MODERATE
2026-06-05 05:35:01,Sample River,baseline_clean,7.22,2.5,7.81,23.6,247.7,242.8,0.81,3.24,2.0,195.2,0.0,LOW
2026-06-06 00:52:46,Sample River,baseline_clean,6.7,4.5,6.97,23.4,286.3,213.0,1.09,3.74,2.6,189.0,0.5,LOW
2026-06-06 10:30:45,Sample River,industrial_effluent,5.82,56.1,2.09,29.4,1105.3,1057.4,11.54,113.3,10.2,60.1,74.2,HIGH
2026-06-06 12:28:57,Sample River,baseline_clean,6.8,2.4,7.27,26.4,328.1,137.1,0.89,6.87,3.7,199.1,0.4,LOW
2026-06-06 23:29:05,Sample River,baseline_clean,7.38,9.6,7.15,22.8,269.0,191.4,1.07,10.17,6.7,108.3,0.8,LOW
2026-06-07 00:59:18,Sample River,baseline_clean,7.86,1.5,7.68,22.2,215.4,102.3,0.92,4.35,0.4,156.8,0.7,LOW
2026-06-07 02:34:28,Sample River,agricultural_runoff,8.21,28.3,5.79,26.8,732.9,463.8,5.2,33.56,48.6,298.2,25.1,MODERATE
2026-06-07 07:05:53,Sample River,baseline_clean,6.95,2.0,7.45,21.7,225.7,126.7,0.86,4.61,4.3,210.0,0.3,LOW
2026-06-07 10:40:01,Sample River,baseline_clean,7.45,6.4,8.09,21.8,246.8,146.6,1.72,4.26,0.3,226.6,0.4,LOW
2026-06-07 12:06:10,Sample River,baseline_clean,7.1,1.5,7.4,25.1,357.2,164.1,1.25,3.87,4.2,121.8,0.1,LOW
2026-06-07 16:03:15,Sample River,baseline_clean,7.36,3.7,8.07,22.5,260.0,175.9,0.96,12.97,2.1,152.1,0.9,LOW
2026-06-07 16:23:54,Sample River,urban_sewage_hypoxia,7.0,74.6,3.33,29.7,790.4,601.8,10.61,30.04,7.9,33.6,65.1,HIGH
2026-06-07 20:21:22,Sample River,agricultural_runoff,7.68,35.1,6.11,29.9,534.9,399.3,4.29,28.75,73.0,296.9,19.1,LOW
2026-06-07 22:42:07,Sample River,baseline_clean,7.31,2.2,7.98,27.1,195.6,141.0,4.65,6.15,0.6,194.9,5.6,LOW
2026-06-08 02:09:17,Sample River,baseline_clean,7.13,3.4,7.22,22.3,239.9,163.9,1.56,7.79,1.0,182.7,0.1,LOW
2026-06-08 02:54:22,Sample River,agricultural_runoff,7.56,44.8,4.68,28.3,772.4,461.1,7.05,27.49,31.4,225.5,36.8,MODERATE
2026-06-08 13:52:26,Sample River,baseline_clean,7.58,2.6,7.14,22.5,261.5,179.2,1.18,7.51,3.9,207.5,0.4,LOW
2026-06-09 00:51:21,Sample River,urban_sewage_hypoxia,6.78,41.0,2.34,34.5,791.1,615.0,8.94,68.1,7.5,36.4,73.4,HIGH
2026-06-09 02:33:55,Sample River,industrial_effluent,5.75,97.2,4.76,32.2,911.5,1152.8,11.62,92.88,6.1,81.6,53.2,HIGH
2026-06-09 05:15:07,Sample River,baseline_clean,7.53,4.2,7.08,24.1,273.9,175.7,0.71,3.73,2.5,121.4,0.3,LOW
2026-06-09 07:46:18,Sample River,industrial_effluent,4.69,49.4,4.03,34.5,1172.9,783.4,10.61,71.16,7.5,67.3,66.6,HIGH
2026-06-09 12:17:53,Sample River,agricultural_runoff,7.7,43.6,4.77,27.8,693.0,410.4,5.82,19.49,63.0,261.0,32.5,MODERATE
2026-06-09 21:21:57,Sample River,urban_sewage_hypoxia,6.42,55.1,3.32,28.7,927.6,564.2,11.25,55.39,12.7,29.3,67.4,HIGH
2026-06-10 15:36:38,Sample River,baseline_clean,7.28,3.3,7.77,24.5,279.3,210.1,2.7,5.44,2.6,192.9,1.5,LOW
2026-06-10 20:14:15,Sample River,agricultural_runoff,7.24,34.0,5.82,26.7,563.6,514.6,4.76,23.38,40.3,97.3,19.6,LOW
2026-06-11 04:02:00,Sample River,baseline_clean,7.28,1.2,6.4,24.7,259.8,148.4,1.78,9.75,2.2,126.6,0.9,LOW
2026-06-11 14:03:56,Sample River,industrial_effluent,10.47,88.0,4.29,33.2,1374.7,914.9,6.51,70.73,13.3,36.2,67.4,HIGH
2026-06-11 16:29:54,Sample River,industrial_effluent,5.85,73.5,2.96,31.8,918.5,1229.7,11.24,58.99,3.8,41.1,67.2,HIGH
2026-06-11 16:51:12,Sample River,industrial_effluent,5.34,52.1,2.57,35.0,1256.0,898.8,14.95,117.49,8.8,45.6,74.1,HIGH
2026-06-11 20:43:09,Sample River,industrial_effluent,5.83,77.1,4.55,34.5,974.1,701.6,14.86,112.96,1.1,80.0,54.7,HIGH
2026-06-12 02:30:49,Sample River,urban_sewage_hypoxia,7.01,84.4,2.43,32.2,758.1,579.0,12.98,38.53,1.3,59.1,66.3,HIGH
2026-06-12 04:03:11,Sample River,agricultural_runoff,7.9,27.5,6.56,23.1,682.6,486.9,6.98,23.86,58.6,223.1,18.8,LOW
2026-06-12 10:02:35,Sample River,industrial_effluent,5.99,74.8,2.51,30.1,888.1,1027.8,13.68,115.02,18.7,37.5,80.0,CRITICAL
2026-06-12 17:20:23,Sample River,industrial_effluent,10.2,61.9,2.83,28.0,1572.3,1342.3,12.88,50.93,9.0,36.1,86.0,CRITICAL
2026-06-12 22:11:51,Sample River,agricultural_runoff,8.47,36.6,5.11,23.7,647.0,455.1,7.04,23.99,36.3,260.7,31.8,MODERATE
2026-06-13 02:42:52,Sample River,agricultural_runoff,8.25,31.0,4.22,25.1,707.1,549.6,6.7,33.94,35.9,308.7,40.7,MODERATE
2026-06-13 04:51:35,Sample River,baseline_clean,7.66,6.1,7.27,23.2,219.3,139.2,2.26,7.91,0.8,166.9,1.1,LOW
2026-06-13 05:13:45,Sample River,agricultural_runoff,7.92,43.2,3.84,26.5,604.0,502.8,4.39,24.02,34.7,236.0,37.1,MODERATE
2026-06-13 12:27:41,Sample River,agricultural_runoff,8.21,32.2,5.67,26.4,641.9,442.3,4.15,20.14,42.3,160.1,19.4,LOW
2026-06-13 16:34:44,Sample River,baseline_clean,7.55,15.2,8.14,24.0,187.9,150.1,2.64,7.61,8.6,113.3,2.9,LOW
2026-06-13 19:44:26,Sample River,agricultural_runoff,7.92,55.3,6.13,30.0,804.9,358.7,3.88,30.29,76.8,251.1,21.6,LOW
2026-06-14 13:33:09,Sample River,agricultural_runoff,7.64,63.3,5.22,26.1,743.4,411.1,5.88,34.04,29.9,217.4,33.0,MODERATE
2026-06-14 22:57:24,Sample River,urban_sewage_hypoxia,6.38,58.3,4.05,26.4,642.2,558.3,12.85,48.42,11.5,65.0,52.4,HIGH
2026-06-15 01:33:40,Sample River,baseline_clean,7.28,2.8,8.19,22.6,221.8,157.5,3.16,6.82,2.1,140.6,2.5,LOW
2026-06-15 07:10:43,Sample River,baseline_clean,7.06,1.5,7.21,24.3,289.1,189.1,0.97,6.89,0.2,189.1,0.1,LOW
2026-06-15 14:24:36,Sample River,baseline_clean,7.26,4.5,6.61,25.0,261.2,143.4,0.62,7.66,0.7,204.1,0.1,LOW
2026-06-15 15:46:27,Sample River,agricultural_runoff,7.41,34.1,5.91,27.2,731.6,339.3,6.5,22.89,41.8,244.7,22.3,LOW
2026-06-15 15:53:13,Sample River,baseline_clean,7.33,3.4,8.03,25.3,307.2,246.3,0.55,6.91,3.9,144.8,0.1,LOW
2026-06-15 19:48:43,Sample River,industrial_effluent,5.33,52.3,4.62,29.3,1039.6,984.6,9.45,104.6,9.1,40.2,55.7,HIGH
2026-06-16 00:19:53,Sample River,baseline_clean,7.1,6.3,8.14,20.6,223.9,161.4,0.55,5.38,2.4,185.8,0.3,LOW
2026-06-16 06:56:30,Sample River,agricultural_runoff,7.4,64.4,5.21,30.2,673.9,434.5,7.41,22.87,29.9,226.0,33.5,MODERATE
2026-06-16 19:06:19,Sample River,urban_sewage_hypoxia,7.85,71.7,2.5,28.5,854.0,684.6,14.91,49.57,6.2,39.1,76.1,CRITICAL
2026-06-16 21:25:01,Sample River,agricultural_runoff,7.65,53.4,5.59,29.1,519.7,409.8,5.3,19.92,60.1,222.0,24.2,LOW
2026-06-16 23:38:16,Sample River,baseline_clean,7.09,1.7,7.68,25.6,292.7,198.6,1.21,7.11,0.2,222.6,0.1,LOW
2026-06-17 03:17:29,Sample River,urban_sewage_hypoxia,6.73,73.1,2.95,27.8,607.3,537.4,12.2,32.9,0.7,67.7,59.8,HIGH
2026-06-17 07:15:44,Sample River,industrial_effluent,4.52,50.3,3.62,34.6,1500.0,1387.8,10.75,104.09,16.8,68.9,71.3,HIGH
2026-06-17 08:32:43,Sample River,agricultural_runoff,8.18,54.2,6.34,28.0,610.5,381.1,6.16,22.88,41.4,284.2,22.2,LOW
2026-06-17 09:26:13,Sample River,agricultural_runoff,7.51,33.3,6.52,26.7,666.4,411.1,4.8,31.61,52.5,268.4,17.1,LOW
2026-06-17 12:51:12,Sample River,baseline_clean,7.42,6.7,7.2,25.0,245.6,179.6,0.82,10.25,2.9,150.6,0.5,LOW
2026-06-17 21:04:29,Sample River,baseline_clean,6.99,2.9,7.95,25.3,286.6,212.9,2.51,7.25,1.0,172.0,1.3,LOW
2026-06-17 21:15:43,Sample River,urban_sewage_hypoxia,6.6,35.9,1.6,28.1,723.7,643.7,11.81,30.73,3.5,33.5,78.7,CRITICAL
2026-06-18 05:16:44,Sample River,agricultural_runoff,7.63,44.8,5.03,28.3,491.0,503.1,4.85,18.0,65.2,199.3,26.5,MODERATE
2026-06-18 17:57:54,Sample River,baseline_clean,7.38,3.1,6.26,20.9,322.7,192.2,2.01,10.8,2.7,165.8,2.4,LOW
2026-06-18 22:21:10,Sample River,industrial_effluent,4.6,75.9,3.93,32.3,1253.6,1028.2,8.64,65.8,10.0,39.6,76.6,CRITICAL
2026-06-19 02:01:12,Sample River,urban_sewage_hypoxia,6.35,69.9,1.5,31.2,747.7,450.5,11.91,37.67,6.3,36.7,85.3,CRITICAL
2026-06-19 03:49:18,Sample River,baseline_clean,7.43,1.5,7.65,25.9,307.1,215.1,0.69,4.99,2.7,184.2,0.2,LOW
2026-06-19 08:33:52,Sample River,industrial_effluent,9.84,88.8,4.25,32.6,1148.5,1059.5,13.23,73.02,7.8,35.7,70.6,HIGH
2026-06-19 14:58:20,Sample River,industrial_effluent,10.2,81.1,4.65,31.5,1515.3,950.7,9.41,76.36,10.9,63.2,59.6,HIGH
2026-06-20 00:30:23,Sample River,agricultural_runoff,8.13,27.5,5.82,24.2,587.8,419.8,5.86,24.99,34.0,195.5,22.1,LOW
2026-06-20 01:31:08,Sample River,baseline_clean,7.52,2.4,7.24,26.1,208.6,137.3,1.25,8.27,0.4,269.6,0.3,LOW
2026-06-20 08:19:32,Sample River,urban_sewage_hypoxia,6.03,36.4,3.67,28.2,914.2,642.8,8.66,64.48,2.2,62.0,54.3,HIGH
2026-06-20 11:20:32,Sample River,baseline_clean,7.59,4.0,7.8,23.1,286.9,86.4,0.51,6.26,4.3,218.4,0.4,LOW
2026-06-20 19:27:16,Sample River,agricultural_runoff,7.56,39.2,5.12,24.1,799.0,478.5,6.4,26.72,66.5,200.9,30.9,MODERATE
2026-06-21 06:29:32,Sample River,industrial_effluent,4.82,65.0,2.12,32.4,1036.4,912.9,12.94,69.54,4.8,40.1,82.1,CRITICAL
2026-06-21 11:05:27,Sample River,urban_sewage_hypoxia,6.61,74.3,4.06,35.3,608.7,530.8,13.97,49.95,13.6,69.5,53.0,HIGH
2026-06-21 18:50:41,Sample River,agricultural_runoff,7.19,62.8,6.45,25.0,704.8,463.9,6.87,31.99,55.2,298.4,25.3,MODERATE
2026-06-21 21:14:23,Sample River,urban_sewage_hypoxia,7.13,67.3,2.57,24.8,727.6,535.5,14.73,56.84,2.5,28.0,73.6,HIGH
2026-06-22 00:17:32,Sample River,agricultural_runoff,8.59,45.9,5.49,26.1,678.5,419.1,6.05,22.9,36.8,236.2,26.7,MODERATE
2026-06-22 11:16:23,Sample River,agricultural_runoff,7.76,61.3,5.53,21.8,528.2,441.0,6.24,23.42,42.9,223.9,28.2,MODERATE
2026-06-22 12:17:11,Sample River,agricultural_runoff,7.99,56.8,6.57,25.2,679.7,542.5,5.08,20.93,37.7,272.1,17.7,LOW
2026-06-22 13:39:21,Sample River,industrial_effluent,4.73,59.2,3.81,31.0,960.1,1035.3,6.16,100.04,1.5,67.7,60.9,HIGH
2026-06-22 17:27:25,Sample River,industrial_effluent,9.48,70.5,3.95,34.6,1256.8,1237.9,6.8,60.84,10.0,31.2,63.7,HIGH
2026-06-22 23:17:52,Sample River,industrial_effluent,5.18,57.8,4.55,29.2,1064.5,1061.8,8.37,60.74,12.0,35.3,64.2,HIGH
2026-06-23 02:19:25,Sample River,industrial_effluent,9.83,69.1,2.05,28.9,1415.7,1030.1,7.35,64.8,19.0,52.0,73.8,HIGH
2026-06-23 13:16:58,Sample River,industrial_effluent,4.98,62.5,3.49,32.2,1216.6,985.6,7.9,81.19,6.8,62.5,65.9,HIGH
2026-06-23 17:11:24,Sample River,agricultural_runoff,6.87,59.0,4.82,30.3,658.0,303.5,5.45,24.99,37.5,175.9,32.8,MODERATE
2026-06-24 02:32:46,Sample River,industrial_effluent,10.35,60.3,4.54,30.2,1582.3,896.9,14.58,49.02,14.2,61.9,62.0,HIGH
2026-06-24 07:04:43,Sample River,urban_sewage_hypoxia,6.46,65.1,3.14,31.8,833.3,569.8,12.78,48.59,13.3,69.9,60.6,HIGH
2026-06-24 11:33:30,Sample River,industrial_effluent,9.53,89.0,3.33,35.0,1396.7,1366.7,13.51,112.72,16.3,57.5,67.0,HIGH
2026-06-24 13:24:01,Sample River,agricultural_runoff,7.01,32.8,5.26,28.6,687.3,492.0,4.99,22.19,27.8,269.4,24.8,LOW
2026-06-24 21:28:30,Sample River,baseline_clean,8.12,3.9,7.21,23.9,350.3,186.7,0.56,6.32,0.9,145.7,0.9,LOW
2026-06-24 23:38:43,Sample River,baseline_clean,7.79,1.9,7.79,21.2,205.1,168.0,2.05,8.56,1.2,199.3,0.7,LOW
2026-06-25 01:42:26,Sample River,urban_sewage_hypoxia,6.38,44.1,1.54,27.5,799.3,616.0,13.95,37.53,13.6,34.3,82.7,CRITICAL
2026-06-25 07:26:25,Sample River,urban_sewage_hypoxia,7.19,36.5,2.26,26.9,682.4,589.9,9.45,67.38,10.9,68.8,63.2,HIGH
2026-06-25 09:30:43,Sample River,industrial_effluent,10.03,92.0,2.24,29.5,856.6,1201.3,9.1,104.0,6.8,79.2,76.7,CRITICAL
2026-06-25 11:43:24,Sample River,agricultural_runoff,7.38,32.9,4.86,26.8,663.7,513.9,6.47,29.33,42.7,202.5,32.8,MODERATE
2026-06-25 13:12:31,Sample River,baseline_clean,7.71,1.3,7.34,26.6,243.0,251.2,0.61,3.57,4.5,223.0,0.5,LOW
2026-06-26 02:54:06,Sample River,agricultural_runoff,7.55,52.7,6.39,26.3,579.3,398.2,3.89,20.27,75.8,223.6,14.3,LOW
2026-06-26 04:39:00,Sample River,baseline_clean,7.24,3.3,7.01,21.9,177.9,216.7,0.62,8.86,4.7,174.0,0.0,LOW
2026-06-26 11:06:04,Sample River,industrial_effluent,5.35,49.0,2.58,31.4,914.5,1290.3,12.46,115.77,13.9,86.4,72.7,HIGH
2026-06-26 13:39:24,Sample River,agricultural_runoff,7.98,39.8,5.49,29.9,561.9,577.4,6.06,19.88,47.1,225.9,26.2,MODERATE
2026-06-26 15:53:06,Sample River,agricultural_runoff,7.97,52.9,6.21,27.2,608.4,475.2,7.11,22.67,44.9,226.8,24.0,LOW
2026-06-26 19:24:55,Sample River,baseline_clean,6.84,7.0,7.53,22.3,216.9,154.8,1.08,4.71,0.5,211.0,0.6,LOW
2026-06-27 00:46:55,Sample River,urban_sewage_hypoxia,6.69,35.5,1.96,29.3,878.4,717.1,15.77,40.16,7.2,58.2,67.9,HIGH
2026-06-27 02:18:23,Sample River,baseline_clean,6.79,9.0,7.23,26.7,234.1,225.8,0.83,14.38,3.0,189.7,2.0,LOW
2026-06-27 17:53:12,Sample River,agricultural_runoff,7.87,44.6,5.21,24.1,708.2,433.2,5.65,34.17,73.8,170.2,31.2,MODERATE
2026-06-27 21:38:03,Sample River,agricultural_runoff,7.54,44.3,5.66,25.3,663.8,536.7,4.02,18.32,39.8,279.3,19.8,LOW
2026-06-28 00:00:40,Sample River,agricultural_runoff,8.04,23.6,5.83,29.6,581.5,527.5,7.01,23.66,57.5,246.5,24.4,LOW
2026-06-28 00:32:03,Sample River,industrial_effluent,5.81,101.5,3.79,31.1,1346.6,1194.7,14.04,116.69,10.3,77.9,61.0,HIGH
2026-06-28 04:43:21,Sample River,agricultural_runoff,7.77,32.4,5.58,27.5,589.5,521.5,5.51,34.98,35.4,208.9,26.7,MODERATE
2026-06-28 10:02:35,Sample River,agricultural_runoff,8.01,27.6,6.03,23.4,656.1,542.4,4.98,21.01,64.7,296.1,18.9,LOW
2026-06-28 10:57:53,Sample River,baseline_clean,6.82,4.7,7.5,22.4,264.9,159.0,0.73,9.29,2.2,141.2,0.4,LOW
2026-06-28 14:18:04,Sample River,baseline_clean,7.47,1.7,8.13,24.3,223.5,128.3,4.28,8.15,2.1,112.4,5.0,LOW
2026-06-28 23:45:06,Sample River,industrial_effluent,5.26,97.1,4.21,33.3,1111.7,1017.7,11.35,118.05,6.6,85.4,61.9,HIGH
2026-06-29 00:01:35,Sample River,agricultural_runoff,8.11,35.7,6.24,27.4,591.5,446.2,3.93,31.68,36.4,270.0,17.5,LOW
2026-06-29 01:24:00,Sample River,agricultural_runoff,7.83,28.6,4.9,29.4,493.2,372.7,5.07,28.44,25.8,253.5,28.8,MODERATE
2026-06-29 02:41:18,Sample River,urban_sewage_hypoxia,7.14,37.0,4.17,28.2,887.8,680.9,7.9,54.22,5.4,44.2,45.3,MODERATE
2026-06-29 05:34:06,Sample River,baseline_clean,7.28,5.8,6.9,19.8,252.6,173.0,0.85,6.82,15.1,151.1,0.2,LOW
2026-06-30 00:41:44,Sample River,industrial_effluent,4.9,50.2,3.13,30.6,1052.8,907.9,9.24,119.16,15.7,34.3,81.3,CRITICAL
2026-06-30 04:31:55,Sample River,urban_sewage_hypoxia,7.25,68.3,3.93,30.7,809.8,566.7,8.87,56.38,6.2,47.4,51.7,HIGH
2026-06-30 12:27:12,Sample River,agricultural_runoff,7.61,60.0,5.73,25.5,567.6,468.2,7.08,22.29,61.3,187.5,28.0,MODERATE
2026-06-30 14:30:48,Sample River,urban_sewage_hypoxia,6.72,39.2,3.76,27.3,624.1,621.6,7.72,31.26,1.4,45.4,46.4,MODERATE
2026-06-30 19:30:07,Sample River,industrial_effluent,9.69,57.6,4.1,29.9,1136.3,962.4,8.2,77.3,9.5,74.7,57.6,HIGH
2026-07-01 02:32:54,Sample River,urban_sewage_hypoxia,6.28,59.7,3.86,28.3,713.2,635.3,7.91,63.91,7.8,63.2,51.6,HIGH
2026-07-01 04:39:53,Sample River,agricultural_runoff,8.17,40.4,5.32,24.8,439.7,639.2,6.76,25.69,36.7,256.8,30.3,MODERATE
2026-07-01 06:03:49,Sample River,industrial_effluent,5.82,58.0,2.17,29.7,1169.6,1211.4,11.62,62.82,10.1,85.6,73.9,HIGH
2026-07-01 07:54:28,Sample River,baseline_clean,7.07,4.2,7.85,23.8,251.4,167.2,2.59,3.32,1.8,154.8,1.4,LOW
2026-07-01 10:28:06,Sample River,industrial_effluent,6.06,82.8,4.43,34.7,1356.5,1084.3,6.03,48.0,4.0,41.2,46.5,MODERATE
2026-07-01 19:37:38,Sample River,baseline_clean,7.28,3.3,7.56,23.1,283.2,151.2,1.43,6.27,7.6,173.0,0.1,LOW
2026-07-02 11:56:52,Sample River,baseline_clean,7.87,3.1,7.65,21.7,220.6,142.2,1.88,4.94,5.9,213.5,0.7,LOW
2026-07-03 00:23:28,Sample River,agricultural_runoff,7.94,46.8,6.04,24.4,701.2,528.2,4.19,25.72,76.5,185.0,19.7,LOW
2026-07-03 04:24:30,Sample River,industrial_effluent,10.18,85.0,2.36,32.4,892.0,1319.7,10.34,97.31,1.0,62.1,78.6,CRITICAL
2026-07-03 06:13:30,Sample River,industrial_effluent,4.86,65.6,2.6,34.3,1524.3,771.5,7.29,109.65,8.0,40.2,73.1,HIGH
2026-07-03 08:32:37,Sample River,baseline_clean,7.38,4.6,8.33,24.3,282.1,146.7,2.67,3.56,1.6,107.0,1.6,LOW
2026-07-03 12:42:23,Sample River,baseline_clean,6.77,8.4,7.71,19.2,214.7,156.4,2.37,3.52,0.8,209.6,1.6,LOW
2026-07-03 18:43:05,Sample River,urban_sewage_hypoxia,6.75,69.8,3.11,30.9,711.0,546.4,16.04,54.74,4.4,61.9,60.5,HIGH
2026-07-04 01:42:28,Sample River,baseline_clean,7.68,7.8,7.44,24.9,198.9,147.1,1.08,5.97,0.6,214.0,0.8,LOW
2026-07-04 08:30:31,Sample River,agricultural_runoff,7.48,35.6,6.18,26.8,584.5,345.6,6.41,27.14,50.7,283.2,21.9,LOW
2026-07-04 19:35:16,Sample River,urban_sewage_hypoxia,6.78,36.8,2.52,29.8,865.3,558.1,16.57,34.93,10.4,62.3,62.2,HIGH
2026-07-04 21:16:00,Sample River,agricultural_runoff,7.74,60.2,6.54,27.6,674.9,442.1,5.62,33.27,61.5,237.6,21.9,LOW
2026-07-05 10:44:47,Sample River,baseline_clean,7.64,1.8,8.0,25.7,265.3,172.1,5.03,6.38,2.3,187.5,6.7,LOW
2026-07-05 11:50:51,Sample River,agricultural_runoff,7.8,42.1,5.49,26.1,734.2,498.3,5.32,21.13,27.3,258.8,24.7,LOW
2026-07-05 14:25:36,Sample River,industrial_effluent,4.51,76.6,4.35,29.5,1113.4,714.4,14.79,50.0,18.0,48.8,65.7,HIGH
2026-07-05 20:51:28,Sample River,agricultural_runoff,7.72,64.2,6.31,24.1,487.5,375.5,6.38,20.6,77.6,276.3,22.0,LOW
2026-07-06 00:41:56,Sample River,baseline_clean,7.3,2.2,8.41,23.6,263.0,110.9,4.69,5.83,3.2,226.3,5.7,LOW
2026-07-06 06:43:37,Sample River,agricultural_runoff,8.32,31.2,5.23,23.3,534.1,447.3,4.66,33.7,36.5,201.2,27.4,MODERATE
2026-07-06 12:34:25,Sample River,baseline_clean,7.47,2.6,7.83,23.8,324.4,160.5,0.97,3.59,25.4,171.2,0.3,LOW
2026-07-07 00:10:06,Sample River,baseline_clean,7.15,7.1,8.69,21.5,226.1,141.7,2.38,7.96,16.0,147.6,1.1,LOW
2026-07-07 02:27:33,Sample River,baseline_clean,7.05,2.9,7.0,18.9,318.5,112.8,0.69,3.19,0.9,177.7,0.2,LOW
2026-07-07 15:03:17,Sample River,urban_sewage_hypoxia,5.88,79.4,1.63,26.7,733.5,679.0,7.54,46.07,13.9,29.3,82.9,CRITICAL
2026-07-08 02:17:21,Sample River,industrial_effluent,9.86,76.8,3.86,30.6,1558.4,1193.8,12.79,63.18,3.4,53.7,64.4,HIGH
2026-07-08 10:33:05,Sample River,baseline_clean,6.86,1.5,7.14,19.3,252.1,197.7,1.36,3.13,3.9,199.9,0.3,LOW
2026-07-08 17:49:51,Sample River,industrial_effluent,10.09,74.5,2.23,33.4,885.9,1202.5,14.2,71.02,2.0,44.0,79.3,CRITICAL
2026-07-08 18:49:36,Sample River,industrial_effluent,5.5,92.6,3.1,33.1,1093.6,1252.4,9.07,64.21,17.6,62.9,67.7,HIGH
2026-07-08 21:44:01,Sample River,agricultural_runoff,7.99,57.0,5.21,29.4,664.1,450.4,6.99,26.47,72.4,219.6,33.8,MODERATE
2026-07-09 06:45:26,Sample River,baseline_clean,7.62,2.5,7.77,24.9,323.5,139.5,1.88,5.95,2.9,155.2,0.4,LOW
2026-07-09 08:53:45,Sample River,urban_sewage_hypoxia,5.97,76.6,3.18,27.8,726.1,518.9,13.5,30.31,6.9,52.6,60.9,HIGH
2026-07-09 10:18:16,Sample River,baseline_clean,7.36,1.7,7.02,25.7,217.1,196.0,6.54,9.38,1.7,147.6,9.6,LOW
2026-07-09 12:58:31,Sample River,baseline_clean,6.97,1.5,7.26,25.8,271.3,191.5,1.63,5.14,9.3,109.1,0.2,LOW
2026-07-09 14:49:41,Sample River,urban_sewage_hypoxia,6.01,51.9,4.2,27.7,729.8,630.4,10.62,39.36,2.4,61.5,53.7,HIGH
2026-07-09 17:59:25,Sample River,urban_sewage_hypoxia,6.72,63.3,2.3,30.0,589.7,753.2,10.67,32.69,13.3,32.6,75.9,CRITICAL
2026-07-10 05:16:54,Sample River,baseline_clean,7.72,7.1,7.46,23.1,294.5,235.7,0.93,3.17,2.7,182.8,0.8,LOW
2026-07-10 09:05:45,Sample River,urban_sewage_hypoxia,7.35,82.3,2.52,27.2,719.4,667.9,9.38,30.14,0.5,36.5,71.4,HIGH
2026-07-10 10:37:36,Sample River,industrial_effluent,9.83,96.7,3.21,31.2,1509.5,1327.2,8.15,59.94,9.9,84.0,66.3,HIGH
2026-07-10 13:15:23,Sample River,baseline_clean,7.94,2.2,6.99,25.8,284.8,143.7,1.69,7.76,4.9,143.0,0.7,LOW
2026-07-10 13:43:25,Sample River,baseline_clean,7.3,7.4,7.21,22.4,245.0,167.3,0.7,4.7,6.9,154.0,0.4,LOW
2026-07-10 15:18:41,Sample River,urban_sewage_hypoxia,6.83,79.6,2.81,31.9,727.1,638.7,15.11,42.04,0.2,20.1,73.0,HIGH
2026-07-10 18:37:51,Sample River,baseline_clean,7.2,1.6,6.82,23.9,253.5,150.6,4.1,5.95,3.2,125.2,4.4,LOW
2026-07-10 19:55:18,Sample River,agricultural_runoff,8.38,44.7,5.46,27.0,438.3,516.5,6.49,19.27,43.0,252.1,28.5,MODERATE
2026-07-10 20:06:01,Sample River,baseline_clean,7.51,2.3,8.27,23.4,214.0,205.7,1.03,6.8,6.7,230.3,0.3,LOW
2026-07-11 06:10:50,Sample River,urban_sewage_hypoxia,7.49,38.8,3.99,30.3,758.3,617.0,12.55,59.66,10.0,36.4,58.6,HIGH
2026-07-11 14:12:05,Sample River,industrial_effluent,4.69,95.3,2.19,34.4,1061.2,1329.2,12.96,110.34,4.3,65.7,82.7,CRITICAL
2026-07-11 22:10:55,Sample River,baseline_clean,7.37,12.7,7.63,21.5,255.8,176.6,3.17,6.74,5.8,174.1,3.5,LOW
2026-07-12 03:17:38,Sample River,urban_sewage_hypoxia,6.33,65.1,3.66,28.2,620.3,622.6,13.24,63.4,2.9,35.1,64.9,HIGH
2026-07-12 05:44:36,Sample River,baseline_clean,7.18,8.9,7.57,24.1,252.6,181.4,1.93,4.74,6.9,192.8,0.5,LOW
2026-07-12 11:41:15,Sample River,baseline_clean,6.77,2.6,7.92,22.3,316.1,160.6,1.94,3.8,0.3,172.5,0.4,LOW
2026-07-12 15:10:32,Sample River,urban_sewage_hypoxia,6.55,41.8,1.54,26.7,660.2,652.8,7.52,64.9,6.7,42.2,66.6,HIGH
2026-07-12 23:58:05,Sample River,baseline_clean,7.03,2.6,8.02,24.9,301.7,145.8,0.61,4.63,0.6,168.4,0.2,LOW
2026-07-13 01:33:03,Sample River,baseline_clean,7.43,1.9,7.3,22.9,281.5,142.3,1.46,3.16,2.7,222.9,0.2,LOW
2026-07-13 08:17:48,Sample River,agricultural_runoff,7.73,44.6,4.11,26.7,463.8,650.9,5.57,33.88,63.5,216.6,40.1,MODERATE
2026-07-13 19:52:50,Sample River,industrial_effluent,6.04,75.8,2.71,30.5,1513.8,1368.4,14.55,97.42,10.2,41.0,68.1,HIGH
2026-07-14 02:55:15,Sample River,industrial_effluent,9.36,57.0,4.72,33.0,1475.5,709.2,9.19,100.71,1.6,64.0,52.8,HIGH
2026-07-14 08:00:14,Sample River,baseline_clean,7.59,20.3,7.79,25.1,222.9,175.6,1.62,5.09,4.5,213.5,2.2,LOW
2026-07-14 17:56:49,Sample River,industrial_effluent,9.43,49.0,3.33,29.9,1386.4,1370.0,12.22,111.52,9.1,76.3,64.6,HIGH
2026-07-14 18:59:44,Sample River,urban_sewage_hypoxia,6.4,64.6,1.6,25.2,875.9,585.6,12.67,52.09,10.0,30.1,84.1,CRITICAL
2026-07-15 01:46:14,Sample River,industrial_effluent,5.66,64.8,2.15,30.6,1391.1,928.9,11.67,94.51,14.7,83.8,75.6,CRITICAL
2026-07-15 02:38:12,Sample River,baseline_clean,7.81,1.2,7.33,26.1,232.2,205.9,2.34,9.12,4.6,210.9,1.3,LOW
2026-07-15 12:09:40,Sample River,baseline_clean,7.7,3.5,7.71,21.5,231.2,172.1,2.91,5.89,5.4,150.1,2.4,LOW
2026-07-15 18:26:22,Sample River,agricultural_runoff,8.68,35.2,5.99,25.1,600.6,499.4,4.11,31.68,34.0,293.4,20.4,LOW
2026-07-15 20:26:00,Sample River,urban_sewage_hypoxia,6.58,80.0,2.86,30.5,823.4,565.3,7.84,31.12,10.1,50.0,57.2,HIGH
2026-07-15 21:10:39,Sample River,urban_sewage_hypoxia,6.81,51.5,3.37,29.2,713.5,669.8,17.63,40.6,14.3,35.8,66.2,HIGH
2026-07-15 23:33:38,Sample River,agricultural_runoff,7.66,27.4,6.05,27.2,554.9,422.8,5.75,19.11,63.7,207.3,18.0,LOW
2026-07-16 01:12:35,Sample River,urban_sewage_hypoxia,6.97,72.2,3.82,27.7,700.4,481.8,17.81,36.32,6.4,53.6,53.3,HIGH
2026-07-16 16:32:25,Sample River,industrial_effluent,5.03,88.1,4.79,28.2,1524.9,702.7,9.28,57.65,15.1,33.0,65.6,HIGH
2026-07-16 18:41:50,Sample River,urban_sewage_hypoxia,7.11,64.7,3.62,30.2,799.3,714.6,10.78,59.83,5.1,30.3,65.0,HIGH
2026-07-16 23:34:42,Sample River,baseline_clean,7.57,1.3,7.65,25.1,254.8,228.7,2.74,8.98,4.0,209.7,1.9,LOW
2026-07-17 02:23:34,Sample River,agricultural_runoff,7.88,22.6,5.97,29.1,598.0,485.1,4.72,25.91,52.0,316.0,19.5,LOW
2026-07-17 03:51:51,Sample River,baseline_clean,7.43,3.7,8.55,23.7,222.6,162.3,3.04,6.42,5.4,160.7,2.4,LOW
2026-07-17 04:11:20,Sample River,baseline_clean,7.29,1.3,8.46,21.3,330.6,170.0,1.86,3.99,5.7,208.9,0.1,LOW
2026-07-17 05:49:43,Sample River,urban_sewage_hypoxia,7.11,45.0,3.23,29.0,638.4,624.5,10.0,48.48,13.6,29.4,65.9,HIGH
2026-07-17 07:40:47,Sample River,urban_sewage_hypoxia,6.03,47.3,2.6,26.2,623.0,643.2,17.64,34.98,7.8,44.0,65.2,HIGH
2026-07-17 13:38:33,Sample River,industrial_effluent,4.94,87.8,3.02,32.9,1361.9,764.9,14.18,81.52,7.9,87.3,74.1,HIGH
2026-07-17 15:53:22,Sample River,baseline_clean,7.3,2.7,8.78,19.5,289.3,153.3,0.86,3.79,3.3,104.5,0.1,LOW
2026-07-17 17:26:29,Sample River,baseline_clean,7.46,6.7,8.08,25.1,272.1,159.8,1.19,4.41,5.2,143.0,0.5,LOW
2026-07-17 20:47:17,Sample River,urban_sewage_hypoxia,7.35,63.1,3.48,22.3,800.5,673.1,13.42,44.95,10.3,26.9,65.8,HIGH
2026-07-17 20:57:07,Sample River,baseline_clean,7.2,4.7,8.49,20.1,233.7,198.8,1.03,5.07,3.8,177.2,0.0,LOW
2026-07-18 01:57:11,Sample River,baseline_clean,7.18,7.0,7.12,23.5,220.8,192.8,2.11,5.73,19.0,223.1,0.5,LOW
2026-07-18 16:48:24,Sample River,urban_sewage_hypoxia,6.03,52.9,1.5,32.9,768.8,600.7,17.68,58.77,6.5,47.4,76.7,CRITICAL
2026-07-18 23:39:54,Sample River,agricultural_runoff,8.0,28.7,6.24,26.2,490.2,485.6,4.73,29.44,39.6,345.6,17.6,LOW
2026-07-19 01:52:21,Sample River,baseline_clean,7.12,1.8,7.16,26.4,304.8,140.2,0.62,12.68,2.8,242.9,0.8,LOW
2026-07-19 04:31:38,Sample River,agricultural_runoff,7.99,32.3,6.06,24.5,561.2,417.5,4.87,23.63,51.9,258.9,19.0,LOW
2026-07-19 06:41:55,Sample River,industrial_effluent,5.24,50.0,3.55,30.3,941.1,1026.4,6.03,75.13,2.1,31.5,66.4,HIGH
2026-07-19 08:18:04,Sample River,agricultural_runoff,8.92,32.8,5.15,25.8,517.8,483.8,6.91,20.02,48.2,198.0,31.1,MODERATE
2026-07-19 17:10:29,Sample River,baseline_clean,7.49,5.0,7.59,25.6,260.1,190.8,0.91,4.26,9.3,161.1,0.3,LOW
2026-07-19 20:43:10,Sample River,industrial_effluent,9.09,62.9,4.26,34.3,1363.1,773.4,10.71,87.95,5.6,89.5,56.4,HIGH
2026-07-20 02:47:55,Sample River,agricultural_runoff,8.19,43.9,4.59,27.7,459.8,504.6,6.43,21.68,33.2,214.3,34.7,MODERATE
2026-07-20 03:44:58,Sample River,agricultural_runoff,8.38,34.9,5.42,27.5,592.2,552.1,6.54,31.41,40.3,173.7,30.2,MODERATE
2026-07-20 10:13:31,Sample River,baseline_clean,7.09,6.1,8.15,23.9,207.7,202.1,1.51,13.35,1.0,226.4,1.1,LOW
2026-07-20 18:56:20,Sample River,industrial_effluent,5.35,50.6,2.64,33.4,1346.1,816.6,9.94,55.65,17.1,36.6,84.2,CRITICAL
2026-07-20 22:24:34,Sample River,urban_sewage_hypoxia,6.57,49.3,1.83,30.0,808.6,705.7,13.9,38.74,5.7,52.6,70.6,HIGH
2026-07-21 04:26:11,Sample River,agricultural_runoff,7.63,31.6,6.57,28.0,755.7,645.3,4.57,31.5,56.7,241.3,16.9,LOW
2026-07-21 04:35:39,Sample River,agricultural_runoff,8.0,30.3,5.38,27.1,757.2,605.8,6.96,25.93,48.8,181.9,29.5,MODERATE
2026-07-21 17:31:36,Sample River,industrial_effluent,5.3,103.8,3.77,30.8,940.2,905.6,14.81,77.8,9.4,59.9,64.5,HIGH
2026-07-21 20:43:24,Sample River,urban_sewage_hypoxia,7.48,49.4,3.79,24.9,707.7,509.2,8.81,46.19,1.2,22.0,58.4,HIGH
2026-07-22 01:37:16,Sample River,agricultural_runoff,8.19,37.1,5.11,22.3,535.6,491.3,5.56,29.04,40.3,304.3,31.2,MODERATE
2026-07-22 03:45:18,Sample River,industrial_effluent,5.44,56.4,3.9,31.4,932.5,1338.7,12.06,85.95,7.5,38.1,71.4,HIGH
2026-07-22 16:26:19,Sample River,baseline_clean,7.19,5.6,7.76,24.4,311.3,167.4,1.82,3.14,5.8,252.8,0.1,LOW
2026-07-22 19:37:00,Sample River,agricultural_runoff,7.35,28.2,4.55,29.4,752.9,494.4,5.41,34.56,73.2,292.2,36.2,MODERATE
2026-07-22 23:55:47,Sample River,baseline_clean,7.45,6.8,7.83,26.2,235.6,190.6,3.76,3.06,2.3,150.9,4.1,LOW
2026-07-23 02:20:40,Sample River,agricultural_runoff,7.64,28.6,5.8,24.5,460.6,466.9,7.01,26.59,72.5,260.4,25.9,MODERATE
2026-07-23 05:02:28,Sample River,urban_sewage_hypoxia,6.8,37.8,3.29,26.3,698.0,564.3,11.8,48.64,2.4,28.5,64.3,HIGH
2026-07-23 11:55:50,Sample River,urban_sewage_hypoxia,6.11,41.4,3.53,26.5,763.1,563.6,7.97,61.46,4.2,65.6,53.2,HIGH
2026-07-23 16:23:02,Sample River,urban_sewage_hypoxia,5.63,77.2,1.51,31.5,584.7,598.6,15.31,31.72,8.5,61.6,78.1,CRITICAL
2026-07-24 00:04:47,Sample River,baseline_clean,7.05,6.7,7.28,22.7,273.6,72.7,0.67,9.43,1.8,161.0,0.3,LOW
2026-07-24 07:13:22,Sample River,industrial_effluent,10.43,101.4,4.04,28.5,886.8,1286.3,10.41,106.1,6.3,53.9,65.9,HIGH
2026-07-24 10:19:43,Sample River,urban_sewage_hypoxia,6.56,59.5,1.53,29.4,700.6,512.6,9.19,60.66,3.3,22.9,82.9,CRITICAL
2026-07-24 16:51:10,Sample River,urban_sewage_hypoxia,6.05,65.0,2.08,32.5,720.5,596.1,11.08,59.9,14.7,60.4,72.3,HIGH
2026-07-24 22:14:54,Sample River,baseline_clean,7.59,5.8,7.93,23.4,238.2,174.5,1.24,3.47,1.4,177.1,0.5,LOW
2026-07-25 06:29:47,Sample River,urban_sewage_hypoxia,6.6,56.7,3.4,30.9,627.1,713.8,11.85,43.92,13.8,31.8,67.0,HIGH
2026-07-25 07:52:00,Sample River,baseline_clean,6.91,3.0,6.35,25.1,278.7,167.8,1.26,16.01,2.5,203.7,3.1,LOW
2026-07-25 14:56:30,Sample River,baseline_clean,6.99,2.6,7.84,23.8,289.8,174.1,2.34,10.26,0.1,178.1,1.0,LOW
2026-07-25 17:16:21,Sample River,agricultural_runoff,8.18,39.6,5.58,23.1,645.1,458.7,7.37,28.61,58.9,232.5,29.9,MODERATE
2026-07-25 20:32:35,Sample River,urban_sewage_hypoxia,7.0,58.8,3.52,28.8,860.8,533.1,10.89,47.2,6.3,44.0,56.8,HIGH
2026-07-26 10:56:04,Sample River,baseline_clean,7.76,3.3,8.34,24.6,183.6,158.2,0.87,3.22,9.2,180.5,0.6,LOW
2026-07-26 15:19:32,Sample River,industrial_effluent,5.25,53.5,4.0,32.8,1594.7,1140.2,13.2,65.12,6.8,85.0,63.0,HIGH
2026-07-26 15:44:22,Sample River,urban_sewage_hypoxia,6.56,70.3,2.56,30.0,784.5,553.7,9.25,40.12,10.5,59.1,64.2,HIGH
2026-07-26 19:52:34,Sample River,urban_sewage_hypoxia,7.89,49.5,3.64,28.3,925.9,657.8,11.44,47.22,1.7,30.4,64.1,HIGH
2026-07-26 22:41:02,Sample River,baseline_clean,7.38,1.8,8.34,27.1,243.6,149.3,4.33,4.01,1.0,191.5,5.0,LOW
2026-07-27 06:49:03,Sample River,agricultural_runoff,7.93,24.7,4.35,25.6,549.9,535.8,3.95,30.16,56.3,155.4,31.5,MODERATE
2026-07-27 18:41:51,Sample River,baseline_clean,7.12,3.9,7.4,25.6,200.6,199.3,0.85,10.02,0.8,287.1,0.1,LOW
2026-07-27 22:33:22,Sample River,baseline_clean,7.24,2.0,8.2,26.4,266.8,138.1,1.03,15.36,0.3,173.2,1.5,LOW
2026-07-28 00:23:19,Sample River,industrial_effluent,9.96,52.9,4.08,31.6,1018.8,902.7,11.02,90.13,19.4,81.3,62.4,HIGH
2026-07-28 19:59:51,Sample River,agricultural_runoff,7.47,51.7,5.21,26.0,594.0,516.8,6.13,25.11,59.1,292.1,31.8,MODERATE
2026-07-29 06:15:35,Sample River,agricultural_runoff,8.29,63.8,4.95,27.6,645.5,516.0,6.51,25.47,72.6,199.4,35.2,MODERATE
2026-07-29 07:54:24,Sample River,urban_sewage_hypoxia,6.32,79.5,3.9,29.0,815.5,569.6,15.46,46.03,10.9,36.6,63.2,HIGH
2026-07-29 12:20:22,Sample River,agricultural_runoff,8.2,36.7,5.26,26.8,625.5,591.1,4.89,22.53,71.9,191.6,25.9,MODERATE
2026-07-29 13:50:10,Sample River,baseline_clean,7.33,3.0,7.53,27.1,223.3,152.2,0.54,4.55,2.6,161.1,0.1,LOW
2026-07-29 14:45:00,Sample River,baseline_clean,7.41,1.9,7.47,23.7,300.9,165.7,0.72,6.19,3.5,203.6,0.2,LOW
2026-07-29 16:18:25,Sample River,agricultural_runoff,7.85,45.4,4.57,26.2,662.9,482.4,4.7,21.26,54.7,259.1,32.8,MODERATE
2026-07-30 00:52:07,Sample River,industrial_effluent,5.03,84.6,3.03,32.7,1027.7,1190.7,9.13,79.19,11.2,71.2,71.7,HIGH
2026-07-30 06:38:50,Sample River,baseline_clean,7.27,21.4,7.03,23.0,236.8,137.6,2.22,4.42,0.6,196.9,2.4,LOW
2026-07-30 08:53:17,Sample River,industrial_effluent,10.11,105.5,3.94,32.7,852.6,1032.2,7.8,69.31,19.6,35.1,70.2,HIGH
2026-07-30 10:28:34,Sample River,agricultural_runoff,7.41,29.6,4.83,30.8,782.6,532.2,6.51,18.36,78.4,192.0,30.8,MODERATE
2026-07-30 11:46:22,Sample River,agricultural_runoff,8.25,63.9,4.94,25.8,610.2,582.1,6.38,33.43,40.5,253.5,39.0,MODERATE
2026-07-31 00:51:25,Sample River,baseline_clean,7.2,3.7,7.31,26.8,278.8,211.7,3.18,5.41,1.0,239.9,2.5,LOW
2026-07-31 18:56:10,Sample River,agricultural_runoff,7.84,25.2,4.77,26.3,698.0,526.1,4.3,32.11,35.6,254.6,29.5,MODERATE
2026-07-31 20:31:41,Sample River,agricultural_runoff,8.38,52.2,5.01,26.4,580.5,517.4,5.32,30.5,74.7,277.0,34.2,MODERATE
2026-08-01 00:24:57,Sample River,baseline_clean,6.85,3.2,7.57,26.2,239.4,138.8,0.54,3.64,13.5,203.1,0.4,LOW
2026-08-01 03:38:16,Sample River,agricultural_runoff,8.34,59.1,4.66,25.4,515.6,432.6,5.43,28.52,73.1,164.2,35.5,MODERATE
2026-08-01 06:59:59,Sample River,baseline_clean,7.5,1.7,7.48,23.9,232.3,169.2,3.38,4.94,0.4,175.1,3.2,LOW
2026-08-01 08:07:47,Sample River,baseline_clean,6.71,7.9,8.11,24.4,214.9,168.3,1.99,11.56,0.8,186.1,1.2,LOW
2026-08-01 12:45:06,Sample River,urban_sewage_hypoxia,7.16,66.6,3.65,31.4,637.0,578.9,13.37,40.6,6.3,39.2,64.1,HIGH
2026-08-01 17:01:54,Sample River,baseline_clean,7.62,3.1,8.06,24.9,338.8,208.1,1.71,3.89,1.3,239.6,0.4,LOW
2026-08-01 18:19:12,Sample River,agricultural_runoff,7.7,31.2,4.93,26.1,775.8,433.4,7.09,34.72,45.2,323.0,36.8,MODERATE
2026-08-02 08:14:41,Sample River,agricultural_runoff,7.94,37.7,5.3,27.4,637.5,450.1,3.91,23.62,76.5,240.8,23.3,LOW
2026-08-02 09:23:05,Sample River,agricultural_runoff,7.23,49.4,4.69,31.2,699.0,355.5,7.33,19.47,29.0,228.8,35.3,MODERATE
2026-08-02 12:35:22,Sample River,baseline_clean,7.47,2.6,7.33,26.6,204.2,200.2,1.41,8.64,7.9,208.7,0.3,LOW
2026-08-02 12:56:36,Sample River,baseline_clean,7.36,3.3,7.77,23.0,274.3,203.9,3.72,7.64,5.3,198.8,3.7,LOW
2026-08-02 16:09:50,Sample River,baseline_clean,7.74,4.4,7.19,23.0,222.8,206.0,3.91,3.08,1.7,183.6,4.5,LOW
2026-08-03 00:52:07,Sample River,agricultural_runoff,9.08,36.2,5.74,22.9,599.5,550.8,4.84,24.94,39.2,277.3,25.1,MODERATE
2026-08-03 20:55:33,Sample River,agricultural_runoff,8.0,60.0,6.64,24.2,604.9,444.5,4.0,20.14,68.0,278.9,15.8,LOW
2026-08-04 00:59:24,Sample River,baseline_clean,7.01,9.8,6.2,21.9,295.6,72.1,2.24,10.17,1.3,193.4,3.8,LOW
2026-08-04 10:14:21,Sample River,baseline_clean,7.62,3.1,8.19,26.2,213.0,194.4,2.69,3.09,3.0,180.7,1.9,LOW
2026-08-05 00:08:22,Sample River,baseline_clean,7.55,4.0,7.46,24.2,302.4,167.6,2.4,3.86,0.4,149.3,1.2,LOW
2026-08-05 00:49:04,Sample River,agricultural_runoff,8.23,38.6,4.62,27.7,817.3,367.6,5.73,18.4,32.4,255.7,31.8,MODERATE
2026-08-05 01:45:09,Sample River,baseline_clean,7.46,4.9,7.87,20.3,239.4,104.7,0.67,8.4,0.2,202.2,0.3,LOW
2026-08-05 03:12:27,Sample River,baseline_clean,7.31,3.6,7.05,23.5,211.5,129.8,0.94,3.52,2.1,211.6,0.1,LOW
2026-08-05 13:54:56,Sample River,urban_sewage_hypoxia,6.59,75.9,3.38,26.7,761.2,568.5,17.67,56.21,11.6,31.2,66.8,HIGH
2026-08-05 21:53:18,Sample River,urban_sewage_hypoxia,6.85,76.2,3.4,27.7,584.7,469.9,13.66,45.88,14.2,64.2,57.0,HIGH
2026-08-05 22:09:34,Sample River,urban_sewage_hypoxia,6.3,70.2,1.88,30.3,762.1,780.6,10.63,34.46,8.1,56.8,71.3,HIGH
2026-08-06 00:48:13,Sample River,baseline_clean,7.2,6.0,8.29,22.1,225.2,189.7,2.36,5.41,1.9,130.9,0.9,LOW
2026-08-06 04:45:14,Sample River,urban_sewage_hypoxia,6.27,52.9,2.23,25.8,710.8,600.6,10.99,41.21,4.4,57.6,67.8,HIGH
2026-08-06 06:46:53,Sample River,agricultural_runoff,8.28,43.1,5.56,27.8,543.1,623.5,4.38,29.01,74.5,256.1,26.3,MODERATE
2026-08-06 09:13:31,Sample River,industrial_effluent,4.54,87.6,3.69,28.2,942.0,1109.3,14.21,112.99,3.0,53.1,70.3,HIGH
2026-08-06 13:21:19,Sample River,urban_sewage_hypoxia,7.67,72.7,2.67,27.5,903.4,520.4,9.83,30.38,4.7,43.6,62.0,HIGH
2026-08-06 17:29:46,Sample River,industrial_effluent,4.99,102.0,3.53,32.1,1346.3,910.2,9.9,100.62,19.7,32.1,79.8,CRITICAL
2026-08-06 19:15:27,Sample River,industrial_effluent,8.98,96.3,3.21,31.0,977.6,1060.4,6.76,91.24,4.8,73.5,57.3,HIGH
2026-08-06 20:13:19,Sample River,baseline_clean,7.13,4.4,7.42,20.5,230.3,152.9,1.72,6.83,11.1,114.0,0.1,LOW
2026-08-06 22:57:34,Sample River,baseline_clean,7.3,5.7,8.45,24.7,258.6,154.0,1.12,6.12,1.7,170.5,0.2,LOW
2026-08-07 03:39:02,Sample River,baseline_clean,7.47,2.8,8.29,23.8,212.4,201.2,1.14,10.59,0.9,141.9,0.4,LOW
2026-08-07 13:35:57,Sample River,baseline_clean,6.76,3.4,8.06,25.8,268.4,144.7,1.31,7.9,3.7,204.9,0.4,LOW
2026-08-07 19:53:44,Sample River,industrial_effluent,4.63,95.8,4.59,31.9,954.7,1090.7,12.93,98.88,14.8,46.8,62.9,HIGH
2026-08-07 22:11:30,Sample River,baseline_clean,7.74,8.1,7.97,23.2,280.0,171.4,2.91,4.05,0.5,191.5,2.8,LOW
2026-08-08 00:09:33,Sample River,urban_sewage_hypoxia,6.19,57.7,2.73,29.4,988.7,639.4,17.55,56.09,5.7,64.2,66.0,HIGH
2026-08-08 05:56:04,Sample River,industrial_effluent,9.63,54.2,4.04,33.4,1489.6,911.0,10.6,109.31,17.3,31.5,70.4,HIGH
2026-08-08 11:35:39,Sample River,urban_sewage_hypoxia,6.51,83.9,1.69,29.9,843.2,595.5,17.43,39.28,7.5,27.2,83.7,CRITICAL
2026-08-08 17:56:08,Sample River,agricultural_runoff,8.23,23.8,4.1,27.5,835.2,487.9,5.17,34.41,55.7,315.6,39.8,MODERATE
2026-08-08 18:51:39,Sample River,baseline_clean,7.43,4.3,7.88,24.8,288.0,182.1,1.81,6.68,2.1,180.6,0.2,LOW
2026-08-08 22:24:01,Sample River,urban_sewage_hypoxia,7.69,57.6,1.83,29.7,835.0,750.0,11.5,43.2,3.7,29.2,82.2,CRITICAL
2026-08-08 23:04:18,Sample River,industrial_effluent,9.43,45.8,3.1,31.6,931.2,1076.4,13.38,73.32,7.1,50.3,65.9,HIGH
2026-08-09 05:49:28,Sample River,industrial_effluent,5.0,76.3,4.08,31.4,1086.1,767.2,14.35,110.37,15.8,71.6,64.5,HIGH
2026-08-09 17:30:38,Sample River,agricultural_runoff,6.93,28.9,5.46,27.1,733.0,498.1,5.37,31.79,70.5,204.6,26.0,MODERATE
2026-08-09 21:45:21,Sample River,industrial_effluent,9.05,104.4,3.65,32.6,1436.3,1124.1,6.64,77.22,5.2,59.2,54.5,HIGH
2026-08-10 00:19:33,Sample River,baseline_clean,6.7,14.9,7.06,24.3,272.3,215.8,3.03,3.79,0.9,159.7,3.8,LOW
2026-08-10 03:08:29,Sample River,urban_sewage_hypoxia,7.49,54.7,1.61,30.9,777.2,625.0,10.35,49.87,2.6,21.4,83.5,CRITICAL
2026-08-10 06:25:53,Sample River,industrial_effluent,9.55,106.9,3.88,30.2,1153.2,1132.4,8.11,101.54,4.5,65.5,58.6,HIGH
2026-08-10 10:06:16,Sample River,baseline_clean,7.78,4.0,6.94,25.4,258.8,218.4,1.74,3.04,1.3,156.2,0.6,LOW
2026-08-10 11:18:24,Sample River,baseline_clean,7.7,1.4,7.48,23.9,319.3,188.4,1.21,3.7,1.2,154.0,0.5,LOW
2026-08-10 12:15:03,Sample River,industrial_effluent,9.94,82.2,3.48,31.9,1487.3,1341.2,7.02,87.66,18.4,38.1,71.9,HIGH
2026-08-10 14:53:38,Sample River,baseline_clean,6.66,3.3,7.44,25.1,220.9,165.2,0.72,8.24,8.6,162.1,0.5,LOW
2026-08-11 02:12:02,Sample River,agricultural_runoff,8.76,49.1,5.82,28.4,743.9,564.2,6.79,24.85,77.1,285.5,29.8,MODERATE
2026-08-11 04:48:22,Sample River,agricultural_runoff,8.46,54.6,5.55,24.9,593.0,435.0,4.0,25.57,36.6,281.0,24.2,LOW
2026-08-11 05:15:13,Sample River,agricultural_runoff,7.97,44.9,5.73,27.5,579.6,434.4,4.51,20.69,74.8,201.7,20.9,LOW
2026-08-11 08:00:08,Sample River,industrial_effluent,4.64,81.1,4.78,29.0,924.7,1006.8,11.07,67.08,6.1,55.5,60.7,HIGH
2026-08-11 12:04:03,Sample River,agricultural_runoff,7.65,29.5,4.58,27.2,658.6,551.7,4.66,27.93,38.0,232.1,31.0,MODERATE
2026-08-11 21:35:10,Sample River,baseline_clean,7.36,2.9,7.06,28.4,182.3,127.0,0.53,3.5,5.3,227.7,0.4,LOW
2026-08-12 12:21:38,Sample River,agricultural_runoff,7.76,52.9,5.96,26.8,592.1,489.9,6.01,23.14,65.4,205.1,23.6,LOW
2026-08-13 06:47:53,Sample River,baseline_clean,7.13,4.8,7.42,25.2,253.7,143.3,0.77,3.36,9.1,155.0,0.1,LOW
2026-08-13 11:51:40,Sample River,agricultural_runoff,8.05,39.4,4.71,29.3,605.2,417.2,7.03,21.61,60.3,218.7,34.5,MODERATE
2026-08-13 18:04:25,Sample River,baseline_clean,7.15,4.4,8.15,22.6,263.7,205.2,5.87,3.12,4.3,195.9,8.1,LOW
2026-08-13 18:20:04,Sample River,baseline_clean,6.69,2.2,7.77,20.1,280.2,159.9,2.85,7.36,12.6,194.9,2.3,LOW
2026-08-13 23:57:41,Sample River,agricultural_runoff,8.2,32.3,5.45,24.3,516.8,321.0,4.07,24.98,64.4,170.5,21.6,LOW
2026-08-14 01:43:25,Sample River,agricultural_runoff,7.71,61.0,4.63,26.5,622.7,443.5,5.85,27.73,51.0,199.3,36.1,MODERATE
2026-08-14 11:32:03,Sample River,agricultural_runoff,7.46,34.0,5.42,26.3,683.2,501.0,5.66,34.11,76.8,240.6,28.0,MODERATE
2026-08-14 20:07:25,Sample River,agricultural_runoff,8.03,44.0,5.54,27.4,641.5,576.8,6.47,22.43,29.2,296.5,27.6,MODERATE
2026-08-15 02:46:47,Sample River,industrial_effluent,10.08,93.3,3.41,28.1,1046.1,926.3,13.67,108.07,2.1,87.0,69.0,HIGH
2026-08-15 03:33:06,Sample River,baseline_clean,7.16,1.4,7.2,22.2,240.6,194.3,0.91,4.31,1.1,198.9,0.0,LOW
2026-08-15 09:27:23,Sample River,agricultural_runoff,7.98,32.4,5.19,27.9,479.8,492.0,6.2,31.2,68.3,283.9,31.8,MODERATE
2026-08-15 12:34:34,Sample River,baseline_clean,7.08,2.4,7.58,26.2,238.8,196.7,0.52,12.66,1.0,218.7,0.8,LOW
2026-08-15 21:45:26,Sample River,urban_sewage_hypoxia,6.88,50.5,2.01,31.1,661.6,651.8,7.75,45.89,10.0,44.1,64.5,HIGH
2026-08-15 23:09:40,Sample River,baseline_clean,7.66,3.3,7.93,23.0,212.7,152.9,1.33,6.92,7.5,123.8,0.5,LOW
2026-08-16 13:39:23,Sample River,urban_sewage_hypoxia,7.12,74.5,2.33,28.8,947.2,509.8,16.06,62.69,11.7,20.7,76.6,CRITICAL
2026-08-16 18:05:29,Sample River,agricultural_runoff,7.62,48.5,4.58,29.3,593.0,416.4,5.9,34.19,45.3,226.2,37.1,MODERATE
2026-08-16 21:52:56,Sample River,baseline_clean,7.83,5.4,7.61,23.4,252.1,191.8,1.37,4.54,1.6,173.0,0.7,LOW
2026-08-16 23:36:07,Sample River,baseline_clean,7.17,20.2,7.47,22.2,355.4,185.8,1.69,3.74,2.4,178.5,1.8,LOW
2026-08-16 23:55:21,Sample River,agricultural_runoff,7.75,41.0,5.05,27.5,686.1,429.9,4.86,23.99,79.5,282.2,29.0,MODERATE
2026-08-17 09:56:54,Sample River,baseline_clean,7.34,2.6,7.16,24.8,207.7,138.2,1.82,10.25,1.3,164.8,0.2,LOW
2026-08-18 02:09:23,Sample River,baseline_clean,7.14,3.5,8.16,23.0,256.5,191.7,1.08,10.48,3.1,212.6,0.2,LOW
2026-08-18 07:56:06,Sample River,agricultural_runoff,7.57,35.9,4.49,33.3,601.0,365.0,5.67,18.57,71.4,189.6,32.2,MODERATE
2026-08-18 15:15:43,Sample River,agricultural_runoff,8.34,39.2,5.91,26.5,733.9,469.0,6.43,33.24,68.9,228.5,26.8,MODERATE
2026-08-18 15:37:37,Sample River,baseline_clean,7.73,1.4,6.84,26.2,237.3,197.5,1.44,13.56,16.2,178.2,1.5,LOW
2026-08-18 17:56:50,Sample River,agricultural_runoff,8.0,52.3,5.57,21.7,545.2,434.1,7.31,25.65,72.8,232.1,30.1,MODERATE
2026-08-18 22:39:55,Sample River,baseline_clean,6.91,14.3,8.08,24.2,283.9,155.5,1.09,3.81,2.9,204.3,1.4,LOW
2026-08-19 00:33:42,Sample River,baseline_clean,7.37,2.5,7.21,26.5,297.5,156.3,0.7,7.48,2.2,158.0,0.2,LOW
2026-08-19 03:42:10,Sample River,baseline_clean,7.42,3.5,7.06,25.5,272.1,152.4,2.09,9.68,0.2,178.0,0.4,LOW
2026-08-19 08:40:57,Sample River,baseline_clean,7.19,4.2,7.09,26.6,261.0,130.2,1.4,3.27,3.5,207.7,0.0,LOW
2026-08-19 14:49:41,Sample River,baseline_clean,7.53,1.2,8.03,23.5,285.6,167.1,1.95,5.33,5.7,162.0,0.3,LOW
2026-08-19 23:41:05,Sample River,industrial_effluent,10.44,101.1,4.28,28.6,1029.3,1089.7,12.39,67.74,1.9,48.7,64.3,HIGH
2026-08-20 06:34:50,Sample River,agricultural_runoff,7.56,22.8,4.53,27.4,674.2,446.0,5.36,23.68,57.4,184.2,30.6,MODERATE
2026-08-20 18:27:27,Sample River,baseline_clean,7.61,2.1,7.99,26.6,321.2,217.1,0.6,7.13,3.7,141.5,0.4,LOW
2026-08-20 21:43:20,Sample River,agricultural_runoff,7.98,43.6,5.01,25.3,627.6,429.9,5.04,21.88,73.0,276.8,29.5,MODERATE
2026-08-21 00:43:55,Sample River,baseline_clean,7.75,2.3,8.01,23.7,306.0,160.1,0.53,9.1,0.2,157.3,0.6,LOW
2026-08-21 07:00:49,Sample River,urban_sewage_hypoxia,6.6,59.3,1.93,28.6,954.9,668.8,13.02,31.46,8.0,22.9,79.7,CRITICAL
2026-08-21 10:32:09,Sample River,industrial_effluent,5.19,90.5,2.33,30.8,993.8,936.7,6.24,54.5,9.1,83.9,69.9,HIGH
2026-08-21 21:08:21,Sample River,baseline_clean,6.79,5.1,7.58,25.4,242.1,156.3,1.57,6.72,0.3,141.1,0.4,LOW
2026-08-22 14:07:00,Sample River,baseline_clean,7.12,1.3,8.26,17.8,241.9,212.9,1.02,3.7,6.4,195.7,0.1,LOW
2026-08-23 05:03:49,Sample River,baseline_clean,7.22,1.6,7.65,21.1,257.2,179.6,1.54,5.49,1.2,226.7,0.0,LOW
2026-08-23 07:11:00,Sample River,industrial_effluent,4.79,80.5,4.63,34.3,897.9,964.8,8.41,81.1,16.7,74.3,58.7,HIGH
2026-08-23 19:27:43,Sample River,industrial_effluent,10.0,89.9,4.62,33.1,1076.2,947.4,9.52,47.31,18.3,34.4,67.6,HIGH
2026-08-23 20:22:29,Sample River,urban_sewage_hypoxia,6.28,41.8,4.14,30.3,687.3,598.4,13.96,34.92,2.6,44.8,50.5,HIGH
2026-08-23 22:32:18,Sample River,agricultural_runoff,7.03,27.6,4.42,27.2,539.8,500.5,4.12,20.0,34.8,246.8,28.2,MODERATE
2026-08-24 04:43:26,Sample River,agricultural_runoff,9.16,55.6,4.77,23.4,653.8,504.1,5.72,18.21,45.8,301.1,37.7,MODERATE
2026-08-24 08:01:01,Sample River,agricultural_runoff,7.6,28.0,5.8,24.8,491.4,403.5,4.32,20.81,37.7,165.3,17.3,LOW
2026-08-24 18:46:36,Sample River,agricultural_runoff,8.04,31.5,5.97,26.6,436.1,478.7,5.74,29.82,78.4,247.1,22.2,LOW
2026-08-25 04:06:56,Sample River,baseline_clean,7.95,2.1,7.73,22.9,232.0,185.3,2.2,10.66,5.3,166.9,1.3,LOW
2026-08-25 06:34:35,Sample River,baseline_clean,7.24,2.3,7.86,22.2,227.3,182.8,2.2,7.48,1.4,188.6,0.5,LOW
2026-08-25 09:07:23,Sample River,baseline_clean,7.44,2.4,7.85,24.2,343.4,156.6,1.05,3.85,4.9,194.9,0.2,LOW
2026-08-25 12:35:59,Sample River,baseline_clean,7.64,8.1,7.59,23.1,260.5,176.0,0.65,3.65,5.9,148.4,0.8,LOW
2026-08-25 14:45:21,Sample River,baseline_clean,6.94,4.0,8.43,19.9,329.7,193.4,3.14,8.88,0.5,147.0,2.6,LOW
2026-05-28 04:54:31,Tamaraibarani River,urban_sewage_hypoxia,6.2,37.0,3.1,27.6,579.4,595.5,14.27,36.97,8.0,54.5,58.9,HIGH
2026-05-28 06:42:29,Tamaraibarani River,industrial_effluent,5.06,92.2,4.51,34.2,1434.9,1149.4,6.76,57.12,18.0,66.4,54.8,HIGH
2026-05-28 10:00:02,Tamaraibarani River,industrial_effluent,10.44,100.4,2.82,30.7,1488.4,921.8,7.53,86.76,18.7,71.8,72.2,HIGH
2026-05-28 11:09:58,Tamaraibarani River,baseline_clean,6.95,1.4,7.85,22.9,254.9,123.2,1.73,4.59,0.7,250.0,0.3,LOW
2026-05-28 15:07:48,Tamaraibarani River,agricultural_runoff,7.81,26.2,6.71,20.0,527.8,462.3,5.27,28.47,44.6,177.6,15.8,LOW
2026-05-28 16:02:59,Tamaraibarani River,industrial_effluent,5.99,77.6,3.51,32.8,1311.9,1360.7,14.5,110.04,12.7,78.1,62.3,HIGH
2026-05-29 00:20:05,Tamaraibarani River,urban_sewage_hypoxia,6.63,40.3,2.41,27.5,800.9,506.7,11.58,39.18,11.1,33.3,73.3,HIGH
2026-05-29 02:08:15,Tamaraibarani River,industrial_effluent,9.76,65.1,4.28,32.8,972.0,1337.6,13.4,116.23,14.5,66.8,60.3,HIGH
2026-05-29 07:51:40,Tamaraibarani River,industrial_effluent,5.81,67.4,2.97,28.2,1261.5,1074.1,9.2,112.07,2.6,49.8,66.1,HIGH
2026-05-29 15:24:43,Tamaraibarani River,baseline_clean,7.52,2.3,7.72,27.4,293.0,223.2,3.03,6.91,3.1,166.1,2.5,LOW
2026-05-29 17:58:14,Tamaraibarani River,agricultural_runoff,8.29,28.2,5.9,27.8,538.2,594.9,4.18,27.12,56.5,238.1,19.5,LOW
2026-05-30 01:56:15,Tamaraibarani River,baseline_clean,7.19,2.0,7.49,25.4,277.8,159.2,1.71,3.92,1.4,220.6,0.0,LOW
2026-05-30 07:54:38,Tamaraibarani River,urban_sewage_hypoxia,6.95,69.7,2.23,30.3,556.1,681.5,8.46,66.69,3.7,26.8,74.6,HIGH
2026-05-30 11:12:28,Tamaraibarani River,urban_sewage_hypoxia,6.74,82.0,3.66,31.7,693.1,702.7,12.54,55.1,0.4,63.7,56.6,HIGH
2026-05-30 17:44:44,Tamaraibarani River,industrial_effluent,5.91,78.5,4.54,32.0,1346.6,1080.6,13.78,100.04,10.4,82.1,54.3,HIGH
2026-05-30 19:07:08,Tamaraibarani River,urban_sewage_hypoxia,6.97,52.1,3.21,29.1,769.3,622.7,8.21,42.04,11.4,55.4,55.5,HIGH
2026-05-31 08:17:48,Tamaraibarani River,industrial_effluent,5.89,73.9,3.44,30.5,1294.7,814.5,9.52,117.71,5.2,69.4,62.7,HIGH
2026-05-31 12:11:14,Tamaraibarani River,agricultural_runoff,7.28,44.4,5.75,27.4,432.1,428.7,4.5,30.42,26.0,265.3,22.2,LOW
2026-05-31 13:21:38,Tamaraibarani River,agricultural_runoff,8.25,62.6,5.75,26.4,800.3,547.4,5.91,18.52,34.7,255.4,25.8,MODERATE
2026-05-31 16:34:11,Tamaraibarani River,baseline_clean,7.53,2.0,7.74,23.6,282.1,169.0,0.83,4.34,1.5,146.7,0.3,LOW
2026-06-01 06:30:48,Tamaraibarani River,baseline_clean,7.39,1.4,7.29,24.3,260.1,183.1,0.9,6.91,3.0,221.7,0.2,LOW
2026-06-01 09:51:29,Tamaraibarani River,industrial_effluent,5.55,106.3,4.26,28.5,1059.5,1351.2,8.28,103.59,16.5,59.7,55.4,HIGH
2026-06-01 18:39:40,Tamaraibarani River,urban_sewage_hypoxia,6.49,55.1,3.86,26.0,947.1,596.5,8.59,39.02,2.7,55.1,51.1,HIGH
2026-06-02 01:34:30,Tamaraibarani River,agricultural_runoff,8.0,46.1,5.46,23.4,572.4,535.6,4.53,27.61,44.1,177.3,25.4,MODERATE
2026-06-02 16:36:19,Tamaraibarani River,baseline_clean,7.02,1.5,7.72,24.5,285.7,189.6,1.12,4.52,2.3,274.1,0.2,LOW
2026-06-02 20:46:13,Tamaraibarani River,urban_sewage_hypoxia,6.46,47.9,1.66,29.4,927.3,661.7,8.7,45.35,4.6,42.8,69.4,HIGH
2026-06-03 05:47:52,Tamaraibarani River,agricultural_runoff,8.02,46.5,6.03,24.0,664.7,447.4,5.56,27.23,51.9,234.7,22.7,LOW
2026-06-03 08:29:13,Tamaraibarani River,industrial_effluent,5.6,92.0,3.94,28.9,1074.5,951.1,13.24,65.91,4.2,87.4,60.8,HIGH
2026-06-03 11:56:32,Tamaraibarani River,industrial_effluent,4.62,77.5,4.22,32.9,887.7,751.0,9.63,67.15,4.6,46.9,65.7,HIGH
2026-06-03 18:57:02,Tamaraibarani River,baseline_clean,7.34,3.1,7.43,22.4,266.2,173.4,2.41,9.09,3.1,169.1,1.0,LOW
2026-06-03 19:37:16,Tamaraibarani River,urban_sewage_hypoxia,6.95,82.4,1.58,31.0,655.5,685.6,17.01,40.67,13.7,56.2,73.3,HIGH
2026-06-04 06:30:37,Tamaraibarani River,baseline_clean,7.3,3.4,7.91,28.5,247.7,167.5,0.85,6.89,19.5,156.5,0.3,LOW
2026-06-04 06:35:46,Tamaraibarani River,agricultural_runoff,7.62,61.5,4.98,26.5,534.1,451.5,7.32,27.89,61.1,274.3,37.9,MODERATE
2026-06-04 09:23:46,Tamaraibarani River,baseline_clean,7.51,1.4,6.32,21.8,216.6,190.4,1.99,10.55,2.2,139.8,1.9,LOW
2026-06-04 22:00:34,Tamaraibarani River,industrial_effluent,5.2,92.0,2.03,32.1,1310.0,1146.4,8.18,98.55,1.8,42.0,76.9,CRITICAL
2026-06-05 08:12:20,Tamaraibarani River,industrial_effluent,4.68,84.4,2.33,30.4,957.1,1184.5,7.86,74.39,17.9,42.3,76.9,CRITICAL
2026-06-05 10:19:24,Tamaraibarani River,industrial_effluent,5.03,96.5,3.26,29.3,1491.2,1317.8,10.2,50.68,7.8,78.2,70.9,HIGH
2026-06-05 16:18:32,Tamaraibarani River,baseline_clean,7.2,3.6,7.85,24.2,249.5,190.4,2.91,4.57,9.2,169.4,1.9,LOW
2026-06-05 18:25:32,Tamaraibarani River,industrial_effluent,5.42,49.4,2.27,35.0,1095.0,1223.7,13.26,109.35,20.0,44.5,75.5,CRITICAL
2026-06-05 19:30:00,Tamaraibarani River,baseline_clean,7.24,1.5,7.58,21.9,304.5,171.1,0.51,14.15,2.1,141.2,1.1,LOW
2026-06-05 19:49:47,Tamaraibarani River,agricultural_runoff,7.76,52.4,6.49,23.8,570.2,529.3,7.24,23.81,79.5,248.0,22.1,LOW
2026-06-05 20:33:44,Tamaraibarani River,urban_sewage_hypoxia,7.27,58.1,4.04,29.0,822.0,590.5,16.24,44.5,6.6,63.2,52.4,HIGH
2026-06-05 23:31:20,Tamaraibarani River,industrial_effluent,5.68,51.2,3.66,32.9,899.9,861.6,14.24,91.22,4.9,71.4,61.9,HIGH
2026-06-06 04:13:45,Tamaraibarani River,agricultural_runoff,7.95,41.0,5.33,26.4,637.0,410.3,5.15,21.24,41.7,289.2,26.4,MODERATE
2026-06-06 06:29:34,Tamaraibarani River,agricultural_runoff,8.02,38.0,4.34,24.7,656.2,389.6,4.83,21.72,60.5,254.5,34.1,MODERATE
2026-06-06 08:00:47,Tamaraibarani River,agricultural_runoff,8.52,38.0,6.82,25.1,692.1,566.7,5.92,23.74,58.2,196.2,17.5,LOW
2026-06-06 16:44:02,Tamaraibarani River,baseline_clean,7.18,5.4,8.08,21.9,217.5,165.7,1.94,14.27,3.7,146.9,1.2,LOW
2026-06-06 18:28:19,Tamaraibarani River,baseline_clean,7.08,3.8,7.48,24.6,251.1,190.9,1.56,10.96,1.0,214.6,0.4,LOW
2026-06-07 01:06:26,Tamaraibarani River,agricultural_runoff,8.54,44.9,5.15,23.0,647.0,430.6,5.86,18.5,77.9,192.9,27.4,MODERATE
2026-06-07 04:35:20,Tamaraibarani River,industrial_effluent,4.71,69.8,3.73,31.2,1435.1,1398.3,7.72,79.47,8.6,48.3,65.4,HIGH
2026-06-07 12:44:16,Tamaraibarani River,urban_sewage_hypoxia,6.47,68.8,3.1,31.2,928.6,663.4,13.54,47.16,13.0,33.8,70.5,HIGH
2026-06-07 19:30:25,Tamaraibarani River,industrial_effluent,4.64,80.7,3.06,32.2,1141.5,868.2,6.85,68.62,1.9,40.6,69.8,HIGH
2026-06-07 21:42:26,Tamaraibarani River,urban_sewage_hypoxia,7.32,49.1,2.3,35.7,851.4,529.7,14.34,63.3,3.4,68.8,66.3,HIGH
2026-06-08 09:21:40,Tamaraibarani River,industrial_effluent,4.68,104.6,4.18,33.8,1527.1,1067.4,10.06,69.78,11.8,57.3,66.6,HIGH
2026-06-08 13:08:31,Tamaraibarani River,agricultural_runoff,7.54,55.6,4.48,26.6,624.6,444.9,5.32,34.63,29.0,171.4,37.4,MODERATE
2026-06-08 17:32:19,Tamaraibarani River,baseline_clean,6.9,3.2,8.03,24.5,220.8,200.6,2.32,6.78,1.4,128.3,1.0,LOW
2026-06-08 20:51:10,Tamaraibarani River,agricultural_runoff,7.51,59.8,6.1,25.9,660.6,446.8,6.98,26.5,62.3,221.7,25.9,MODERATE
2026-06-09 04:57:11,Tamaraibarani River,agricultural_runoff,6.85,59.4,4.42,22.0,812.1,566.9,7.11,32.51,46.8,222.6,42.4,MODERATE
2026-06-09 10:38:47,Tamaraibarani River,agricultural_runoff,7.36,40.4,5.51,24.7,439.7,498.5,6.91,23.77,42.9,324.6,28.6,MODERATE
2026-06-09 11:49:06,Tamaraibarani River,baseline_clean,6.86,1.6,7.56,24.0,310.4,171.6,1.27,11.43,12.2,188.5,0.7,LOW
2026-06-09 14:47:59,Tamaraibarani River,baseline_clean,7.19,9.5,7.43,26.4,279.2,163.9,0.91,7.04,1.8,161.5,0.5,LOW
2026-06-10 10:55:33,Tamaraibarani River,baseline_clean,7.91,2.7,7.46,25.8,201.4,158.5,0.76,7.76,11.5,143.6,0.7,LOW
2026-06-10 10:56:14,Tamaraibarani River,agricultural_runoff,7.74,62.9,5.73,27.3,659.4,374.1,3.94,26.59,49.4,195.0,22.7,LOW
2026-06-10 12:02:25,Tamaraibarani River,industrial_effluent,9.11,105.8,4.1,34.6,1357.5,954.4,14.44,65.67,6.6,72.0,57.9,HIGH
2026-06-10 12:39:56,Tamaraibarani River,industrial_effluent,10.08,49.1,3.08,30.0,1078.4,1388.1,11.78,98.83,19.5,52.6,70.9,HIGH
2026-06-10 17:36:45,Tamaraibarani River,agricultural_runoff,8.38,29.6,6.5,30.2,630.1,559.9,3.83,25.76,71.2,217.9,14.1,LOW
2026-06-10 21:10:00,Tamaraibarani River,industrial_effluent,9.53,61.8,2.97,33.6,1318.9,1356.3,12.12,87.76,12.2,86.5,70.0,HIGH
2026-06-10 23:04:26,Tamaraibarani River,baseline_clean,7.35,15.1,8.57,20.9,314.2,151.7,1.03,4.7,2.3,197.7,1.3,LOW
2026-06-11 07:38:58,Tamaraibarani River,baseline_clean,7.84,1.8,7.67,27.5,275.5,156.8,1.16,4.41,10.6,178.2,0.7,LOW
2026-06-11 11:14:40,Tamaraibarani River,baseline_clean,7.18,2.7,7.29,24.3,283.4,185.4,0.63,8.33,1.3,208.7,0.0,LOW
2026-06-11 12:24:48,Tamaraibarani River,baseline_clean,7.74,4.0,7.51,20.5,217.9,192.6,1.29,6.1,1.2,192.6,0.5,LOW
2026-06-11 15:31:55,Tamaraibarani River,baseline_clean,7.63,5.2,7.59,29.6,261.6,148.0,1.73,4.63,1.2,109.3,0.9,LOW
2026-06-11 19:12:29,Tamaraibarani River,agricultural_runoff,7.69,43.3,4.94,27.3,568.0,541.7,4.34,28.98,64.2,240.1,29.1,MODERATE
2026-06-11 19:13:25,Tamaraibarani River,baseline_clean,7.36,6.2,7.32,23.9,342.4,167.1,0.52,5.26,0.1,187.7,0.3,LOW
2026-06-12 08:22:13,Tamaraibarani River,baseline_clean,7.33,1.4,7.47,24.5,281.1,83.0,0.65,4.38,8.1,192.8,0.1,LOW
2026-06-13 01:04:43,Tamaraibarani River,baseline_clean,7.12,4.1,7.11,26.8,298.8,108.4,4.87,8.39,0.5,262.4,6.0,LOW
2026-06-13 08:51:53,Tamaraibarani River,industrial_effluent,9.62,99.3,4.69,33.4,1316.5,1124.8,13.65,85.59,16.1,60.5,56.4,HIGH
2026-06-13 13:31:17,Tamaraibarani River,industrial_effluent,4.74,95.4,3.25,31.1,1566.3,1343.7,8.8,60.68,17.0,84.4,71.3,HIGH
2026-06-13 15:55:50,Tamaraibarani River,urban_sewage_hypoxia,6.97,67.3,3.91,26.7,756.9,729.7,17.91,40.64,14.2,61.7,53.7,HIGH
2026-06-13 18:17:55,Tamaraibarani River,agricultural_runoff,7.73,39.8,5.41,28.6,544.1,437.0,4.5,20.14,61.3,209.6,22.6,LOW
2026-06-13 22:10:06,Tamaraibarani River,urban_sewage_hypoxia,7.1,53.0,2.6,32.5,743.7,449.7,16.29,36.55,11.2,33.8,72.8,HIGH
2026-06-13 22:52:28,Tamaraibarani River,baseline_clean,7.2,1.3,7.13,25.4,232.7,161.8,0.6,9.59,5.9,179.5,0.0,LOW
2026-06-14 01:18:40,Tamaraibarani River,baseline_clean,7.61,3.6,7.4,25.6,212.9,166.9,1.53,3.84,6.5,214.6,0.4,LOW
2026-06-14 01:44:13,Tamaraibarani River,baseline_clean,6.96,5.3,7.98,22.4,304.7,113.7,0.83,3.1,1.3,174.8,0.3,LOW
2026-06-14 04:50:39,Tamaraibarani River,baseline_clean,6.75,2.7,7.39,24.9,284.8,152.4,0.82,13.14,3.5,167.8,1.3,LOW
2026-06-14 16:08:19,Tamaraibarani River,agricultural_runoff,7.54,44.0,4.7,29.0,657.9,536.0,4.31,25.24,58.6,155.0,30.4,MODERATE
2026-06-14 16:43:56,Tamaraibarani River,agricultural_runoff,8.06,45.7,5.65,25.4,700.5,365.8,5.53,22.85,65.1,194.8,24.4,LOW
2026-06-14 17:56:55,Tamaraibarani River,baseline_clean,7.24,2.9,6.85,25.3,292.2,114.8,0.92,8.95,0.2,151.5,0.0,LOW
2026-06-14 20:44:12,Tamaraibarani River,baseline_clean,7.78,5.3,7.93,19.9,267.1,155.1,1.28,5.05,7.7,210.8,0.6,LOW
2026-06-15 15:03:54,Tamaraibarani River,industrial_effluent,5.61,82.2,4.54,28.9,1250.5,1315.6,9.69,81.15,1.4,46.7,55.8,HIGH
2026-06-15 20:22:46,Tamaraibarani River,agricultural_runoff,8.58,62.3,5.77,25.4,586.1,524.0,7.4,32.61,58.6,224.3,31.5,MODERATE
2026-06-16 05:40:09,Tamaraibarani River,urban_sewage_hypoxia,6.7,62.2,1.95,27.5,791.7,645.6,12.27,51.62,4.9,62.5,70.1,HIGH
2026-06-16 07:50:32,Tamaraibarani River,baseline_clean,7.79,6.2,7.8,21.8,302.8,139.2,1.2,5.81,3.5,192.9,0.7,LOW
2026-06-16 14:35:02,Tamaraibarani River,industrial_effluent,10.27,90.1,2.48,29.9,1009.5,1122.5,10.53,110.03,19.1,54.3,78.1,CRITICAL
2026-06-16 16:22:00,Tamaraibarani River,agricultural_runoff,7.8,41.6,5.56,25.4,619.2,514.5,6.87,22.97,46.1,217.1,27.6,MODERATE
2026-06-16 18:37:08,Tamaraibarani River,baseline_clean,6.87,2.2,8.23,20.8,215.9,154.2,1.95,3.4,12.1,207.2,0.3,LOW
2026-06-17 00:32:00,Tamaraibarani River,baseline_clean,7.27,5.1,7.62,23.4,307.0,150.5,0.93,17.65,17.2,198.5,2.1,LOW
2026-06-17 09:31:52,Tamaraibarani River,industrial_effluent,4.67,91.8,4.39,29.8,865.7,856.2,6.51,52.75,8.6,43.8,56.9,HIGH
2026-06-17 10:53:42,Tamaraibarani River,agricultural_runoff,7.98,63.0,4.96,30.1,650.6,559.5,7.24,21.13,60.9,249.1,35.8,MODERATE
2026-06-17 13:16:27,Tamaraibarani River,agricultural_runoff,7.78,24.4,5.15,23.5,712.0,391.5,3.83,32.27,37.7,171.5,24.8,LOW
2026-06-17 16:13:26,Tamaraibarani River,industrial_effluent,4.93,97.2,2.12,34.9,947.8,1257.2,9.55,81.92,17.6,54.8,80.8,CRITICAL
2026-06-17 19:23:30,Tamaraibarani River,industrial_effluent,5.4,87.1,2.59,29.0,1528.3,1378.2,14.93,104.23,13.3,50.7,73.6,HIGH
2026-06-18 00:45:55,Tamaraibarani River,baseline_clean,7.18,12.0,8.06,22.1,255.5,165.7,4.05,7.73,6.5,174.2,5.1,LOW
2026-06-18 07:01:00,Tamaraibarani River,baseline_clean,7.31,3.7,7.34,21.9,365.6,157.9,0.91,6.83,4.7,191.2,0.1,LOW
2026-06-18 12:34:59,Tamaraibarani River,industrial_effluent,5.08,53.2,3.65,31.7,1002.2,1016.3,13.17,89.28,1.9,62.9,66.6,HIGH
2026-06-18 16:09:42,Tamaraibarani River,baseline_clean,7.57,6.8,6.73,23.3,258.3,170.6,4.34,7.73,0.3,151.9,5.4,LOW
2026-06-18 17:48:46,Tamaraibarani River,agricultural_runoff,7.92,30.9,5.49,26.5,583.8,367.0,4.26,27.97,70.7,244.3,22.3,LOW
2026-06-19 00:31:22,Tamaraibarani River,baseline_clean,7.03,13.0,6.54,22.7,178.0,181.2,2.07,3.65,3.4,230.9,1.2,LOW
2026-06-19 09:43:50,Tamaraibarani River,baseline_clean,6.78,4.6,6.81,24.3,232.8,188.4,0.71,12.11,4.3,197.8,1.0,LOW
2026-06-19 21:32:54,Tamaraibarani River,urban_sewage_hypoxia,6.9,68.3,2.08,31.8,652.5,738.1,9.11,62.26,14.1,45.5,68.0,HIGH
2026-06-20 10:30:29,Tamaraibarani River,urban_sewage_hypoxia,7.19,48.3,2.08,27.5,561.7,625.1,11.68,36.81,11.3,58.1,66.5,HIGH
2026-06-20 12:02:19,Tamaraibarani River,agricultural_runoff,8.67,48.1,5.77,23.5,559.6,516.2,6.19,29.69,48.4,195.7,27.4,MODERATE
2026-06-20 14:29:45,Tamaraibarani River,agricultural_runoff,8.3,24.0,3.99,28.2,660.3,574.6,5.29,20.75,30.3,364.4,35.6,MODERATE
2026-06-20 14:53:18,Tamaraibarani River,agricultural_runoff,7.81,26.5,5.31,24.0,699.1,476.9,4.93,26.8,45.2,294.4,26.1,MODERATE
2026-06-21 04:06:34,Tamaraibarani River,baseline_clean,7.24,2.0,7.93,26.8,270.4,120.1,1.16,4.13,6.2,210.9,0.0,LOW
2026-06-21 07:53:44,Tamaraibarani River,urban_sewage_hypoxia,6.03,84.8,3.91,31.2,894.0,594.3,16.07,67.39,1.1,62.0,57.6,HIGH
2026-06-21 09:41:20,Tamaraibarani River,urban_sewage_hypoxia,6.73,62.4,2.95,25.2,818.1,597.2,16.97,65.03,6.1,60.1,61.7,HIGH
2026-06-21 14:46:34,Tamaraibarani River,baseline_clean,7.5,2.6,6.74,26.1,263.9,163.2,1.18,6.19,11.9,194.0,0.3,LOW
2026-06-21 15:47:59,Tamaraibarani River,urban_sewage_hypoxia,7.18,62.0,1.85,27.0,485.7,638.9,9.39,63.66,9.5,20.6,79.3,CRITICAL
2026-06-21 21:38:37,Tamaraibarani River,baseline_clean,7.37,3.0,7.31,20.5,171.5,196.4,1.91,4.33,7.2,145.6,0.2,LOW
2026-06-22 01:11:46,Tamaraibarani River,baseline_clean,7.17,6.4,7.2,22.6,229.2,129.7,0.77,4.17,2.7,209.9,0.2,LOW
2026-06-22 04:45:51,Tamaraibarani River,agricultural_runoff,7.8,24.9,4.6,20.5,684.5,529.5,5.45,21.82,25.8,299.1,30.5,MODERATE
2026-06-22 06:05:32,Tamaraibarani River,industrial_effluent,4.74,100.8,3.31,30.8,1187.1,1380.3,13.65,97.98,5.8,39.9,83.8,CRITICAL
2026-06-23 20:02:04,Tamaraibarani River,industrial_effluent,9.22,60.2,3.46,29.2,1079.1,925.0,7.44,60.39,15.8,40.0,58.2,HIGH
2026-06-23 21:19:20,Tamaraibarani River,urban_sewage_hypoxia,6.79,80.3,3.62,26.5,584.7,669.7,13.19,33.65,5.0,53.9,54.8,HIGH
2026-06-24 08:46:20,Tamaraibarani River,agricultural_runoff,7.5,40.2,4.23,23.6,696.8,486.1,5.28,28.97,50.9,258.8,38.2,MODERATE
2026-06-24 12:55:50,Tamaraibarani River,baseline_clean,7.22,3.1,6.99,27.8,267.9,230.3,2.52,7.59,0.9,143.5,1.2,LOW
2026-06-24 17:25:09,Tamaraibarani River,baseline_clean,7.21,2.3,8.13,22.8,303.7,206.8,2.42,3.27,0.7,192.4,0.9,LOW
2026-06-25 08:14:57,Tamaraibarani River,baseline_clean,7.05,10.1,7.76,27.1,259.0,196.5,2.31,3.72,2.3,137.6,1.4,LOW
2026-06-25 20:33:03,Tamaraibarani River,urban_sewage_hypoxia,6.13,69.0,1.66,25.8,670.8,646.6,8.35,65.0,4.7,62.9,71.5,HIGH
2026-06-25 23:17:35,Tamaraibarani River,agricultural_runoff,7.98,32.9,4.67,24.7,668.3,560.6,6.59,30.8,74.8,256.5,37.6,MODERATE
2026-06-26 00:00:16,Tamaraibarani River,baseline_clean,6.96,3.9,7.65,23.3,254.6,174.5,2.8,7.51,1.8,196.5,1.9,LOW
2026-06-27 18:22:17,Tamaraibarani River,industrial_effluent,10.5,69.2,2.84,34.0,1599.0,1140.7,13.16,103.63,7.1,64.5,77.6,CRITICAL
2026-06-27 21:32:57,Tamaraibarani River,agricultural_runoff,7.51,36.9,5.39,27.3,530.8,573.1,6.97,20.0,74.6,156.2,27.6,MODERATE
2026-06-27 22:14:50,Tamaraibarani River,agricultural_runoff,7.53,35.2,5.87,21.2,503.2,540.7,6.18,30.14,66.0,313.2,25.5,MODERATE
2026-06-28 02:43:26,Tamaraibarani River,agricultural_runoff,7.72,32.3,5.12,31.9,674.7,530.0,4.95,33.68,45.0,201.2,29.8,MODERATE
2026-06-28 07:57:32,Tamaraibarani River,baseline_clean,7.39,1.6,7.92,22.4,329.9,200.8,2.17,5.6,2.2,208.3,0.5,LOW
2026-06-28 11:38:05,Tamaraibarani River,baseline_clean,7.37,2.4,7.71,24.5,239.4,157.2,0.69,3.59,3.6,175.4,0.2,LOW
2026-06-28 15:11:09,Tamaraibarani River,urban_sewage_hypoxia,7.43,40.8,4.0,29.3,691.4,639.7,16.68,40.54,1.6,30.3,58.5,HIGH
2026-06-28 21:16:56,Tamaraibarani River,urban_sewage_hypoxia,6.42,77.5,3.16,28.0,698.8,553.8,16.67,59.71,4.1,53.0,59.8,HIGH
2026-06-28 21:24:06,Tamaraibarani River,baseline_clean,7.25,4.7,7.12,25.5,241.4,184.2,3.89,8.94,10.8,177.8,4.0,LOW
2026-06-29 04:19:58,Tamaraibarani River,baseline_clean,7.16,2.2,7.8,21.7,305.5,158.6,2.08,3.28,0.1,190.6,0.2,LOW
2026-06-29 05:53:57,Tamaraibarani River,industrial_effluent,10.05,62.2,3.74,31.7,1496.5,1044.2,7.15,45.37,13.6,63.0,61.4,HIGH
2026-06-29 12:02:26,Tamaraibarani River,agricultural_runoff,7.87,63.7,5.71,27.0,524.1,521.6,6.7,19.91,25.5,209.3,27.1,MODERATE
2026-06-29 18:15:50,Tamaraibarani River,agricultural_runoff,8.01,44.9,4.22,23.7,708.7,384.9,4.49,27.8,25.2,248.9,35.2,MODERATE
2026-06-29 19:57:25,Tamaraibarani River,industrial_effluent,5.41,73.8,3.56,31.6,1494.1,1156.3,7.7,49.73,8.5,30.9,70.9,HIGH
2026-06-30 02:09:52,Tamaraibarani River,agricultural_runoff,8.07,39.4,6.1,26.6,598.2,396.1,4.51,29.11,28.0,262.4,19.4,LOW
2026-06-30 04:01:22,Tamaraibarani River,urban_sewage_hypoxia,6.14,49.5,3.29,28.9,820.0,775.8,14.67,55.5,12.9,64.1,60.5,HIGH
2026-06-30 06:42:59,Tamaraibarani River,industrial_effluent,5.18,49.9,2.09,32.9,1178.8,1086.6,11.02,65.8,9.5,58.2,78.8,CRITICAL
2026-06-30 08:30:14,Tamaraibarani River,baseline_clean,7.5,9.7,7.81,22.7,220.3,149.2,3.21,6.42,5.4,135.4,3.4,LOW
2026-06-30 09:43:11,Tamaraibarani River,baseline_clean,7.13,2.0,7.73,24.5,303.7,175.6,3.34,5.81,1.1,186.6,2.9,LOW
2026-06-30 16:00:04,Tamaraibarani River,industrial_effluent,4.99,59.2,2.92,32.4,979.5,881.0,10.21,62.48,11.8,85.4,74.1,HIGH
2026-07-01 00:21:34,Tamaraibarani River,agricultural_runoff,7.64,29.7,6.21,30.0,701.9,524.8,5.17,19.28,53.7,257.8,17.7,LOW
2026-07-01 03:38:40,Tamaraibarani River,industrial_effluent,5.57,66.2,3.61,30.0,1151.7,1235.3,8.2,107.91,7.5,61.9,60.8,HIGH
2026-07-01 14:33:07,Tamaraibarani River,agricultural_runoff,8.15,48.9,5.44,27.5,715.9,425.8,5.59,29.93,35.0,213.4,28.9,MODERATE
2026-07-01 14:40:22,Tamaraibarani River,baseline_clean,6.92,2.5,7.4,23.1,179.9,150.5,0.75,8.95,5.0,146.1,0.3,LOW
2026-07-02 05:35:00,Tamaraibarani River,urban_sewage_hypoxia,6.96,52.4,2.39,29.5,580.9,624.5,14.34,63.29,4.2,43.0,65.2,HIGH
2026-07-02 06:13:23,Tamaraibarani River,baseline_clean,7.23,5.3,8.13,23.1,292.6,121.3,2.47,3.18,1.5,137.5,1.0,LOW
2026-07-02 16:23:28,Tamaraibarani River,urban_sewage_hypoxia,6.66,74.2,3.7,27.9,772.2,624.1,10.07,50.23,13.1,21.6,64.1,HIGH
2026-07-03 04:13:38,Tamaraibarani River,urban_sewage_hypoxia,6.68,37.0,3.56,32.6,797.2,503.5,8.4,67.87,8.6,34.6,59.5,HIGH
2026-07-03 06:16:38,Tamaraibarani River,baseline_clean,7.6,3.3,8.04,22.0,257.4,122.8,4.66,9.37,2.1,193.0,5.9,LOW
2026-07-03 08:08:38,Tamaraibarani River,industrial_effluent,9.2,58.8,2.95,30.2,1567.4,1252.4,12.52,58.95,18.2,79.7,67.3,HIGH
2026-07-03 11:06:41,Tamaraibarani River,agricultural_runoff,7.51,31.6,4.77,25.5,641.8,540.6,4.73,22.3,68.5,294.1,29.5,MODERATE
2026-07-03 19:31:05,Tamaraibarani River,agricultural_runoff,7.66,46.0,5.1,23.0,721.6,483.6,4.48,29.54,27.6,250.5,28.6,MODERATE
2026-07-03 23:09:31,Tamaraibarani River,baseline_clean,7.04,10.9,7.11,22.7,245.6,132.2,0.99,10.92,2.2,193.2,1.1,LOW
2026-07-04 00:04:32,Tamaraibarani River,agricultural_runoff,7.9,33.6,6.02,23.9,658.5,488.4,6.37,23.73,40.8,250.9,23.2,LOW
2026-07-04 03:58:02,Tamaraibarani River,industrial_effluent,10.13,107.8,3.44,31.3,1416.6,1316.2,14.68,69.34,16.0,42.6,69.8,HIGH
2026-07-04 04:46:46,Tamaraibarani River,baseline_clean,7.67,1.6,8.47,25.4,185.0,185.7,4.44,3.97,0.8,161.0,5.5,LOW
2026-07-05 01:18:09,Tamaraibarani River,baseline_clean,7.42,4.3,7.81,21.2,221.0,176.9,1.27,5.99,10.5,154.6,0.2,LOW
2026-07-05 01:19:20,Tamaraibarani River,industrial_effluent,9.39,103.4,3.66,29.5,1046.6,1002.7,7.1,50.91,13.6,54.4,56.9,HIGH
2026-07-05 05:08:11,Tamaraibarani River,baseline_clean,7.23,3.3,7.49,21.9,278.0,173.0,1.08,6.69,4.0,219.7,0.0,LOW
2026-07-05 06:18:04,Tamaraibarani River,baseline_clean,7.29,1.4,7.49,23.0,256.0,156.4,0.94,11.16,5.5,198.3,0.4,LOW
2026-07-05 16:07:40,Tamaraibarani River,baseline_clean,7.47,2.3,7.4,25.6,227.1,196.6,3.81,8.04,2.7,169.9,4.0,LOW
2026-07-05 17:04:40,Tamaraibarani River,industrial_effluent,5.37,69.1,3.95,31.3,1477.1,1174.7,12.16,61.29,19.7,80.5,63.0,HIGH
2026-07-06 00:41:43,Tamaraibarani River,agricultural_runoff,7.85,51.2,5.83,29.0,695.5,486.2,5.22,20.26,54.6,256.6,23.9,LOW
2026-07-06 11:08:30,Tamaraibarani River,urban_sewage_hypoxia,6.54,47.5,2.12,29.1,775.6,459.1,13.61,66.36,8.6,39.3,77.1,CRITICAL
2026-07-06 16:19:16,Tamaraibarani River,industrial_effluent,9.78,61.7,3.88,34.7,1427.2,1122.8,14.92,64.9,1.2,31.9,73.8,HIGH
2026-07-06 18:52:47,Tamaraibarani River,urban_sewage_hypoxia,6.8,75.4,2.54,30.8,870.4,583.3,11.86,51.39,0.6,21.0,75.5,CRITICAL
2026-07-06 20:12:01,Tamaraibarani River,urban_sewage_hypoxia,6.4,52.1,1.71,29.1,927.8,508.5,12.43,45.35,14.0,26.0,82.2,CRITICAL
2026-07-07 05:04:22,Tamaraibarani River,baseline_clean,7.41,2.9,8.72,23.9,204.4,209.1,2.09,3.58,0.4,164.7,0.4,LOW
2026-07-07 05:35:45,Tamaraibarani River,industrial_effluent,9.35,97.4,2.59,30.0,994.4,885.0,13.51,92.93,8.1,88.3,71.0,HIGH
2026-07-07 07:34:56,Tamaraibarani River,industrial_effluent,10.36,91.3,3.18,28.5,1457.3,1366.9,9.26,56.39,6.5,65.0,72.0,HIGH
2026-07-07 08:49:12,Tamaraibarani River,urban_sewage_hypoxia,6.4,75.0,3.23,30.3,856.3,629.3,13.53,48.64,13.9,51.8,60.3,HIGH
2026-07-07 11:44:47,Tamaraibarani River,agricultural_runoff,7.51,53.8,4.69,26.3,589.8,451.2,6.28,24.28,54.6,112.2,34.7,MODERATE
2026-07-07 22:31:21,Tamaraibarani River,baseline_clean,7.1,3.3,7.69,24.4,245.8,188.1,0.72,6.73,1.0,182.2,0.1,LOW
2026-07-07 23:14:43,Tamaraibarani River,baseline_clean,6.99,9.6,8.31,25.9,277.8,151.8,1.22,3.82,1.4,226.7,0.7,LOW
2026-07-08 02:01:23,Tamaraibarani River,urban_sewage_hypoxia,6.26,67.8,3.96,29.1,722.7,555.9,16.97,41.37,7.9,52.7,54.6,HIGH
2026-07-08 07:54:03,Tamaraibarani River,agricultural_runoff,8.03,43.1,5.28,26.3,730.3,414.7,6.11,26.47,54.2,302.4,31.0,MODERATE
2026-07-08 08:51:19,Tamaraibarani River,agricultural_runoff,7.55,23.1,6.59,24.7,632.9,515.4,5.5,25.3,78.8,273.5,16.0,LOW
2026-07-08 14:27:08,Tamaraibarani River,urban_sewage_hypoxia,6.74,43.6,4.01,28.3,875.4,671.8,9.94,65.23,7.7,46.9,51.7,HIGH
2026-07-08 22:51:44,Tamaraibarani River,baseline_clean,7.57,3.3,7.67,25.4,264.9,137.3,0.55,6.56,5.1,129.8,0.4,LOW
2026-07-09 02:22:29,Tamaraibarani River,industrial_effluent,4.89,105.6,4.12,33.5,928.6,1285.4,9.67,64.71,11.5,79.3,64.8,HIGH
2026-07-10 00:56:08,Tamaraibarani River,urban_sewage_hypoxia,6.15,77.6,2.36,28.0,568.6,707.7,11.72,59.3,14.7,38.1,78.9,CRITICAL
2026-07-10 02:07:50,Tamaraibarani River,baseline_clean,7.38,4.2,7.68,22.9,279.3,174.9,0.71,7.03,1.4,128.6,0.2,LOW
2026-07-10 12:22:13,Tamaraibarani River,baseline_clean,7.33,4.4,6.43,27.0,237.3,170.0,1.08,3.32,8.9,202.8,0.7,LOW
2026-07-11 07:18:24,Tamaraibarani River,industrial_effluent,5.76,79.7,3.62,28.4,1041.5,1146.8,13.73,113.77,10.0,62.7,62.1,HIGH
2026-07-11 09:17:05,Tamaraibarani River,industrial_effluent,9.66,93.7,3.85,31.1,1115.4,1228.1,8.91,104.08,13.6,64.7,61.3,HIGH
2026-07-12 09:56:59,Tamaraibarani River,baseline_clean,7.44,4.9,7.33,21.7,211.1,204.1,1.04,3.25,1.9,187.2,0.2,LOW
2026-07-12 10:12:12,Tamaraibarani River,industrial_effluent,10.18,91.9,3.96,34.7,1297.3,1145.4,13.64,95.24,14.7,44.1,66.2,HIGH
2026-07-12 12:02:31,Tamaraibarani River,urban_sewage_hypoxia,6.44,56.4,2.14,30.9,555.2,533.7,15.5,63.3,13.7,68.8,67.8,HIGH
2026-07-12 13:33:57,Tamaraibarani River,baseline_clean,7.32,1.5,7.12,24.6,316.1,152.3,1.03,3.41,3.0,236.6,0.1,LOW
2026-07-12 16:48:00,Tamaraibarani River,urban_sewage_hypoxia,6.14,55.2,3.6,30.6,537.9,619.2,9.87,50.23,11.6,50.3,58.1,HIGH
2026-07-13 09:40:25,Tamaraibarani River,baseline_clean,6.91,1.4,6.56,23.4,219.2,164.0,0.95,7.75,6.3,183.1,0.3,LOW
2026-07-13 11:50:09,Tamaraibarani River,industrial_effluent,4.75,89.9,4.69,32.5,1312.8,1087.4,6.8,99.71,12.0,69.7,55.5,HIGH
2026-07-13 20:53:25,Tamaraibarani River,baseline_clean,7.22,1.4,7.97,22.1,270.4,186.8,2.78,9.15,0.5,220.9,1.6,LOW
2026-07-13 22:37:22,Tamaraibarani River,baseline_clean,7.55,2.3,7.71,24.8,244.6,175.7,0.7,3.62,3.1,183.8,0.4,LOW
2026-07-13 23:46:37,Tamaraibarani River,baseline_clean,7.33,2.7,7.52,24.2,174.1,187.1,2.28,6.97,6.2,240.2,0.7,LOW
2026-07-14 17:39:27,Tamaraibarani River,agricultural_runoff,7.87,28.0,5.6,26.2,393.2,486.1,5.79,18.41,43.4,356.1,22.8,LOW
2026-07-14 20:29:48,Tamaraibarani River,industrial_effluent,5.21,50.3,4.5,34.1,1598.4,1109.6,12.76,60.2,13.4,69.0,59.0,HIGH
2026-07-14 23:00:48,Tamaraibarani River,agricultural_runoff,7.33,52.6,5.37,28.4,627.7,439.8,5.67,30.76,42.3,290.2,30.9,MODERATE
2026-07-15 06:18:51,Tamaraibarani River,baseline_clean,7.91,2.5,7.34,25.0,240.7,135.3,1.0,3.97,2.9,161.9,0.7,LOW
2026-07-15 10:34:06,Tamaraibarani River,baseline_clean,7.24,6.4,7.2,21.1,275.9,171.9,0.66,4.68,2.9,160.7,0.2,LOW
2026-07-15 22:07:17,Tamaraibarani River,agricultural_runoff,7.94,58.3,4.26,22.7,458.3,491.3,5.89,22.45,45.5,283.1,39.6,MODERATE
2026-07-16 07:09:55,Tamaraibarani River,urban_sewage_hypoxia,6.16,51.7,2.98,31.4,780.5,528.2,10.91,55.31,13.9,61.7,62.9,HIGH
2026-07-16 08:35:06,Tamaraibarani River,baseline_clean,6.93,6.6,7.57,23.1,275.6,146.6,2.58,4.56,2.3,170.7,1.7,LOW
2026-07-16 19:53:30,Tamaraibarani River,industrial_effluent,4.81,51.5,4.08,34.2,1338.1,800.9,14.41,119.18,8.7,65.7,65.5,HIGH
2026-07-16 23:33:55,Tamaraibarani River,baseline_clean,7.57,2.0,8.19,26.6,277.2,154.7,1.07,16.56,5.2,181.5,2.1,LOW
2026-07-17 05:50:49,Tamaraibarani River,urban_sewage_hypoxia,7.35,54.4,3.8,28.3,644.4,619.2,14.32,37.65,13.5,40.6,53.6,HIGH
2026-07-17 06:40:34,Tamaraibarani River,baseline_clean,6.87,3.3,9.01,25.6,215.9,141.4,2.84,7.13,5.0,228.0,2.1,LOW
2026-07-17 12:14:05,Tamaraibarani River,agricultural_runoff,7.89,64.8,5.88,25.5,638.2,552.8,7.12,25.62,33.2,259.7,28.5,MODERATE
2026-07-17 18:34:14,Tamaraibarani River,agricultural_runoff,8.88,33.5,5.79,28.4,429.0,491.7,5.03,18.18,53.4,265.8,22.4,LOW
2026-07-17 19:18:30,Tamaraibarani River,baseline_clean,7.1,3.6,8.65,24.5,248.6,150.5,2.23,8.35,9.3,173.9,0.6,LOW
2026-07-17 21:54:49,Tamaraibarani River,agricultural_runoff,8.24,23.9,5.13,29.5,583.2,521.3,3.93,30.68,26.2,234.9,25.8,MODERATE
2026-07-17 23:46:32,Tamaraibarani River,agricultural_runoff,7.4,60.6,4.55,22.0,519.5,471.9,6.94,30.94,54.3,220.5,39.4,MODERATE
2026-07-18 05:57:06,Tamaraibarani River,agricultural_runoff,8.06,23.1,6.38,25.7,657.6,406.9,5.23,19.45,78.8,249.3,14.3,LOW
2026-07-18 16:13:18,Tamaraibarani River,baseline_clean,7.18,2.4,7.16,23.2,294.6,180.0,6.75,4.06,1.3,149.8,9.9,LOW
2026-07-19 02:06:03,Tamaraibarani River,agricultural_runoff,7.44,26.5,4.64,25.9,701.3,542.5,5.31,31.72,40.2,248.1,32.4,MODERATE
2026-07-19 05:03:51,Tamaraibarani River,urban_sewage_hypoxia,7.05,81.2,1.76,25.4,407.6,607.2,11.81,63.42,0.3,39.0,80.9,CRITICAL
2026-07-19 05:24:48,Tamaraibarani River,industrial_effluent,10.41,69.3,4.75,28.3,1345.6,886.3,7.17,88.32,6.1,70.0,55.0,HIGH
2026-07-19 10:10:16,Tamaraibarani River,agricultural_runoff,7.51,40.7,4.47,26.5,604.1,461.6,5.38,32.06,62.2,270.5,37.0,MODERATE
2026-07-19 13:41:49,Tamaraibarani River,industrial_effluent,5.01,95.4,4.6,30.5,1454.2,1048.9,9.57,115.38,10.2,58.0,59.7,HIGH
2026-07-19 13:46:41,Tamaraibarani River,baseline_clean,7.29,3.9,7.21,25.6,230.2,166.6,1.53,5.7,0.9,181.0,0.1,LOW
2026-07-19 16:20:49,Tamaraibarani River,urban_sewage_hypoxia,6.26,47.1,1.67,25.1,557.1,608.5,15.86,30.32,10.5,62.1,69.6,HIGH
2026-07-20 00:41:49,Tamaraibarani River,industrial_effluent,9.28,106.7,3.61,33.3,917.1,1044.9,14.11,110.78,0.9,48.2,62.5,HIGH
2026-07-20 06:18:55,Tamaraibarani River,urban_sewage_hypoxia,7.66,79.1,1.69,30.8,864.6,501.5,7.86,38.14,1.6,30.9,78.6,CRITICAL
2026-07-20 07:24:11,Tamaraibarani River,agricultural_runoff,8.2,25.6,4.95,23.6,631.2,480.4,5.65,30.02,52.9,202.1,30.4,MODERATE
2026-07-20 18:59:57,Tamaraibarani River,industrial_effluent,5.95,86.6,2.64,29.5,1497.0,1325.6,8.31,76.54,16.7,76.3,66.2,HIGH
2026-07-21 17:02:04,Tamaraibarani River,urban_sewage_hypoxia,6.95,43.1,3.2,28.1,774.9,633.9,9.55,36.09,6.1,32.6,65.3,HIGH
2026-07-22 01:11:41,Tamaraibarani River,baseline_clean,7.41,2.0,7.87,24.0,274.1,170.2,1.2,5.39,1.6,202.5,0.2,LOW
2026-07-22 03:22:58,Tamaraibarani River,baseline_clean,7.84,9.5,7.4,25.0,233.1,146.6,1.27,9.07,1.0,194.1,1.2,LOW
2026-07-22 10:54:15,Tamaraibarani River,agricultural_runoff,8.61,59.0,5.68,24.8,793.1,503.6,7.47,30.52,33.1,208.8,32.3,MODERATE
2026-07-22 20:12:56,Tamaraibarani River,baseline_clean,6.77,2.6,7.48,27.0,332.6,127.9,0.92,6.78,0.6,225.2,0.4,LOW
2026-07-22 20:49:24,Tamaraibarani River,baseline_clean,7.15,2.9,7.69,24.9,251.3,153.9,6.14,11.16,2.5,172.5,9.0,LOW
2026-07-22 22:13:40,Tamaraibarani River,baseline_clean,7.38,5.4,7.4,21.4,278.8,152.4,1.29,12.12,2.4,233.4,0.8,LOW
2026-07-23 08:22:34,Tamaraibarani River,urban_sewage_hypoxia,7.86,67.1,2.86,28.5,796.2,542.2,13.61,34.75,14.0,55.0,61.8,HIGH
2026-07-23 11:07:23,Tamaraibarani River,urban_sewage_hypoxia,7.13,35.6,2.34,28.2,642.4,551.9,11.03,53.44,11.7,46.0,63.2,HIGH
2026-07-23 13:25:35,Tamaraibarani River,industrial_effluent,9.55,60.0,2.65,32.6,1225.8,1161.3,12.17,46.67,1.1,62.0,72.6,HIGH
2026-07-23 18:32:46,Tamaraibarani River,industrial_effluent,10.08,46.2,3.01,28.1,1597.8,785.5,10.89,104.29,4.0,59.1,70.9,HIGH
2026-07-24 01:36:12,Tamaraibarani River,baseline_clean,7.17,4.0,7.05,21.2,256.7,175.6,0.59,6.69,7.6,147.1,0.0,LOW
2026-07-24 04:24:32,Tamaraibarani River,baseline_clean,7.38,1.9,7.33,24.5,255.1,195.9,0.72,3.39,1.7,138.7,0.2,LOW
2026-07-24 06:40:17,Tamaraibarani River,industrial_effluent,9.37,58.5,2.03,34.3,1534.2,743.0,10.7,56.44,15.2,69.9,76.5,CRITICAL
2026-07-24 12:23:16,Tamaraibarani River,urban_sewage_hypoxia,6.1,83.1,3.26,27.2,794.8,574.6,15.28,41.38,9.9,38.9,70.7,HIGH
2026-07-24 14:49:31,Tamaraibarani River,agricultural_runoff,7.88,58.1,5.41,26.5,645.4,483.4,5.5,23.63,75.0,263.9,29.4,MODERATE
2026-07-24 23:14:50,Tamaraibarani River,agricultural_runoff,8.17,36.7,5.78,27.8,734.8,473.8,7.47,30.59,63.4,267.0,30.5,MODERATE
2026-07-25 02:13:08,Tamaraibarani River,baseline_clean,7.15,3.3,7.54,26.4,266.8,188.8,0.6,3.79,14.8,203.3,0.1,LOW
2026-07-25 12:25:25,Tamaraibarani River,baseline_clean,7.23,3.8,7.84,24.2,269.2,165.0,0.6,10.9,3.9,159.1,0.3,LOW
2026-07-25 19:54:14,Tamaraibarani River,baseline_clean,7.04,4.4,7.22,23.5,223.8,126.3,0.57,3.34,0.5,210.5,0.2,LOW
2026-07-26 01:52:53,Tamaraibarani River,agricultural_runoff,7.95,34.8,5.9,29.2,434.2,545.6,5.59,32.0,76.3,229.8,23.9,LOW
2026-07-26 05:08:09,Tamaraibarani River,agricultural_runoff,7.7,50.1,6.58,26.2,490.6,553.2,5.89,28.46,37.9,334.4,20.0,LOW
2026-07-26 06:08:53,Tamaraibarani River,agricultural_runoff,7.83,34.1,4.62,25.7,643.2,496.4,4.2,25.45,61.1,260.0,31.0,MODERATE
2026-07-26 11:18:44,Tamaraibarani River,agricultural_runoff,8.68,57.8,4.96,25.3,591.3,380.4,5.39,34.85,56.7,223.3,34.5,MODERATE
2026-07-26 17:15:26,Tamaraibarani River,urban_sewage_hypoxia,6.42,57.4,2.49,26.7,865.2,585.5,11.15,61.43,11.7,31.2,75.2,CRITICAL
2026-07-27 02:29:37,Tamaraibarani River,baseline_clean,7.51,1.4,6.95,26.5,271.5,152.8,3.21,8.88,0.0,195.3,2.8,LOW
2026-07-27 07:56:23,Tamaraibarani River,baseline_clean,7.97,3.1,7.66,23.7,274.5,145.9,2.6,5.13,4.8,181.8,2.0,LOW
2026-07-27 08:28:07,Tamaraibarani River,agricultural_runoff,7.0,41.4,6.48,28.0,603.7,547.2,7.14,26.49,25.6,221.0,21.3,LOW
2026-07-27 11:14:44,Tamaraibarani River,agricultural_runoff,7.77,62.2,5.14,28.2,642.1,627.9,3.92,25.98,44.7,178.9,28.4,MODERATE
2026-07-27 14:11:37,Tamaraibarani River,baseline_clean,7.28,1.9,7.12,23.1,240.0,121.8,0.61,9.47,3.1,178.5,0.1,LOW
2026-07-28 10:42:46,Tamaraibarani River,agricultural_runoff,6.57,36.6,6.3,28.5,564.5,544.0,7.27,28.6,71.8,273.8,24.6,LOW
2026-07-28 13:22:47,Tamaraibarani River,baseline_clean,7.11,2.0,7.8,23.3,239.8,159.1,6.16,4.58,10.2,190.3,8.7,LOW
2026-07-28 23:29:55,Tamaraibarani River,baseline_clean,6.85,1.2,7.79,24.1,250.1,187.4,0.69,6.11,0.3,149.5,0.4,LOW
2026-07-29 00:18:34,Tamaraibarani River,agricultural_runoff,9.15,57.3,6.14,23.4,629.1,556.5,4.98,28.97,49.9,270.0,27.5,MODERATE
2026-07-29 05:38:50,Tamaraibarani River,baseline_clean,7.57,2.1,7.46,28.2,231.8,172.1,1.01,11.07,1.5,216.9,0.8,LOW
2026-07-29 13:36:27,Tamaraibarani River,agricultural_runoff,9.06,39.8,5.9,25.6,547.2,532.5,5.82,23.04,80.0,208.5,25.5,MODERATE
2026-07-29 23:47:26,Tamaraibarani River,agricultural_runoff,7.52,31.6,4.64,25.9,589.5,489.9,6.91,21.12,53.0,275.2,34.8,MODERATE
2026-07-30 03:23:28,Tamaraibarani River,baseline_clean,7.12,5.6,6.64,21.0,298.6,123.8,1.49,4.62,5.2,148.4,0.1,LOW
2026-07-30 19:23:25,Tamaraibarani River,urban_sewage_hypoxia,6.51,82.1,2.86,26.8,670.2,587.0,14.12,33.15,10.9,28.8,70.2,HIGH
2026-07-31 10:42:02,Tamaraibarani River,baseline_clean,7.01,1.7,7.67,20.8,283.6,157.7,1.0,6.75,8.2,204.3,0.2,LOW
2026-07-31 13:49:31,Tamaraibarani River,agricultural_runoff,7.82,32.0,6.13,24.7,555.0,556.1,6.66,31.52,75.4,246.1,23.6,LOW
2026-07-31 15:15:08,Tamaraibarani River,industrial_effluent,9.24,86.6,2.11,28.5,1385.1,717.1,11.22,108.03,7.6,32.7,85.5,CRITICAL
2026-07-31 22:01:42,Tamaraibarani River,agricultural_runoff,8.3,40.6,5.16,27.7,809.2,581.2,5.19,34.92,65.4,250.7,33.2,MODERATE
2026-08-01 03:56:35,Tamaraibarani River,urban_sewage_hypoxia,6.62,53.3,2.77,27.5,769.3,591.7,15.44,31.44,5.7,55.6,60.8,HIGH
2026-08-01 19:20:01,Tamaraibarani River,urban_sewage_hypoxia,7.15,64.1,2.81,31.2,627.0,482.3,14.58,32.61,1.4,49.2,60.9,HIGH
2026-08-02 09:15:53,Tamaraibarani River,baseline_clean,7.58,9.7,8.32,24.5,315.9,162.5,1.8,10.28,12.8,129.0,1.0,LOW
2026-08-02 13:49:55,Tamaraibarani River,baseline_clean,7.17,2.5,8.73,23.0,265.9,171.2,1.02,4.47,7.1,111.7,0.0,LOW
2026-08-02 17:55:45,Tamaraibarani River,industrial_effluent,10.47,57.0,2.44,28.2,1518.9,1226.9,11.7,114.58,11.5,37.8,91.5,CRITICAL
2026-08-02 19:16:30,Tamaraibarani River,agricultural_runoff,8.4,49.4,4.58,27.9,499.8,568.2,4.99,26.32,51.2,276.2,35.9,MODERATE
2026-08-02 21:07:07,Tamaraibarani River,urban_sewage_hypoxia,6.2,54.8,2.01,26.0,630.1,687.6,10.93,40.77,11.1,42.6,70.5,HIGH
2026-08-03 05:16:30,Tamaraibarani River,baseline_clean,7.1,2.3,7.25,25.4,273.1,198.9,1.36,3.29,0.4,197.9,0.1,LOW
2026-08-03 07:35:23,Tamaraibarani River,agricultural_runoff,8.67,58.7,5.29,25.3,525.8,516.6,5.15,24.48,60.8,236.4,28.9,MODERATE
2026-08-03 09:22:59,Tamaraibarani River,baseline_clean,7.34,8.2,7.98,26.4,199.1,159.5,1.21,5.33,5.7,177.5,0.5,LOW
2026-08-03 11:01:56,Tamaraibarani River,industrial_effluent,5.93,45.0,2.98,28.8,1512.3,1349.6,8.3,72.55,19.7,64.0,61.7,HIGH
2026-08-03 18:49:15,Tamaraibarani River,baseline_clean,7.24,4.0,7.55,23.8,262.8,204.8,3.06,3.48,1.5,228.2,2.2,LOW
2026-08-03 21:46:38,Tamaraibarani River,agricultural_runoff,8.13,31.9,4.97,26.4,536.4,449.3,3.91,27.41,66.7,299.7,27.5,MODERATE
2026-08-04 05:15:42,Tamaraibarani River,urban_sewage_hypoxia,6.58,52.4,4.1,32.9,895.1,630.8,16.07,31.84,6.9,55.5,51.2,HIGH
2026-08-04 08:40:45,Tamaraibarani River,baseline_clean,7.03,1.9,8.15,25.1,281.5,272.2,1.81,5.85,2.2,169.2,0.3,LOW
2026-08-04 12:07:56,Tamaraibarani River,baseline_clean,8.18,5.6,7.1,21.7,177.3,100.2,3.21,10.62,2.4,207.0,3.7,LOW
2026-08-04 12:45:30,Tamaraibarani River,industrial_effluent,5.84,72.5,2.73,35.0,1504.8,1082.5,11.06,45.51,19.6,78.4,69.9,HIGH
2026-08-04 16:37:17,Tamaraibarani River,baseline_clean,7.55,3.2,7.35,25.0,238.9,214.1,2.5,16.19,0.4,149.6,3.0,LOW
2026-08-04 17:45:21,Tamaraibarani River,agricultural_runoff,8.23,32.1,5.29,27.0,550.8,462.9,5.37,27.31,55.1,201.1,26.8,MODERATE
2026-08-04 18:24:41,Tamaraibarani River,baseline_clean,7.13,11.4,7.54,24.1,259.3,196.1,1.7,10.9,14.9,161.7,1.0,LOW
2026-08-05 07:45:26,Tamaraibarani River,baseline_clean,7.8,5.2,7.99,24.5,264.8,146.3,0.61,6.59,2.0,148.4,0.6,LOW
2026-08-05 11:23:01,Tamaraibarani River,urban_sewage_hypoxia,6.31,40.3,4.02,29.3,634.3,665.9,10.94,45.38,5.2,23.8,59.6,HIGH
2026-08-05 16:52:28,Tamaraibarani River,baseline_clean,7.06,3.1,7.43,27.1,232.0,152.9,1.1,4.32,9.0,96.5,0.2,LOW
2026-08-05 16:55:06,Tamaraibarani River,agricultural_runoff,7.61,51.3,6.09,27.6,778.9,578.0,4.1,29.39,68.9,334.6,21.8,LOW
2026-08-05 17:47:54,Tamaraibarani River,baseline_clean,6.99,8.8,8.14,22.0,300.8,232.4,0.74,4.13,2.8,187.1,0.7,LOW
2026-08-05 20:03:58,Tamaraibarani River,urban_sewage_hypoxia,7.33,53.5,2.57,27.4,718.6,555.9,9.23,36.37,14.8,20.5,71.2,HIGH
2026-08-06 13:56:51,Tamaraibarani River,industrial_effluent,10.08,98.9,2.29,32.1,957.0,908.3,11.61,99.47,0.8,61.9,78.6,CRITICAL
2026-08-07 00:54:17,Tamaraibarani River,agricultural_runoff,8.39,62.3,4.54,24.5,659.5,565.3,7.02,23.96,61.1,355.9,41.4,MODERATE
2026-08-07 07:35:52,Tamaraibarani River,agricultural_runoff,8.58,47.9,6.21,29.0,749.8,454.9,6.09,18.3,27.7,215.0,20.4,LOW
2026-08-07 10:27:51,Tamaraibarani River,baseline_clean,7.72,2.7,7.64,22.4,203.9,139.7,4.76,3.77,5.6,223.9,6.3,LOW
2026-08-07 16:05:19,Tamaraibarani River,baseline_clean,7.51,2.7,7.69,27.2,238.2,140.0,0.53,17.22,6.7,136.5,2.3,LOW
2026-08-07 17:57:45,Tamaraibarani River,baseline_clean,7.66,5.4,8.06,23.8,242.4,177.5,1.51,3.21,2.0,185.9,0.5,LOW
2026-08-08 05:47:49,Tamaraibarani River,agricultural_runoff,7.51,62.4,4.27,26.3,394.7,464.1,6.69,18.55,32.4,186.2,37.8,MODERATE
2026-08-08 07:51:49,Tamaraibarani River,urban_sewage_hypoxia,6.51,61.4,2.67,31.8,549.7,573.5,9.28,34.2,1.8,42.6,62.3,HIGH
2026-08-08 09:29:22,Tamaraibarani River,industrial_effluent,5.52,107.0,3.3,34.7,1553.6,1332.0,14.19,112.37,16.4,71.7,67.6,HIGH
2026-08-08 13:29:56,Tamaraibarani River,industrial_effluent,4.86,68.8,2.87,30.1,1303.9,1263.9,14.43,50.09,5.6,45.3,75.5,CRITICAL
2026-08-08 18:20:56,Tamaraibarani River,industrial_effluent,5.0,75.9,3.9,30.2,1480.2,960.3,6.39,104.55,12.9,78.1,58.9,HIGH
2026-08-09 00:07:13,Tamaraibarani River,baseline_clean,7.85,1.9,8.51,20.5,300.2,128.6,1.49,8.85,15.7,212.2,0.7,LOW
2026-08-09 01:35:52,Tamaraibarani River,agricultural_runoff,7.44,48.0,4.96,26.2,658.4,467.1,5.2,25.87,48.9,266.9,31.6,MODERATE
2026-08-09 09:44:10,Tamaraibarani River,urban_sewage_hypoxia,6.4,69.1,3.73,27.5,849.4,697.1,17.12,32.34,4.1,28.4,62.7,HIGH
2026-08-09 12:34:50,Tamaraibarani River,baseline_clean,7.59,1.3,6.94,22.0,229.2,144.7,1.56,7.35,0.6,158.7,0.4,LOW
2026-08-09 20:28:31,Tamaraibarani River,urban_sewage_hypoxia,6.22,42.9,2.23,27.8,864.2,578.1,8.44,66.61,12.8,66.3,64.6,HIGH
2026-08-10 00:48:27,Tamaraibarani River,baseline_clean,7.6,1.4,8.02,21.5,221.6,161.7,0.89,7.03,8.6,152.2,0.4,LOW
2026-08-10 03:50:19,Tamaraibarani River,baseline_clean,6.68,5.0,7.53,24.5,292.0,223.7,2.93,21.35,2.8,187.9,5.5,LOW
2026-08-10 08:02:30,Tamaraibarani River,agricultural_runoff,7.38,54.0,5.02,30.0,495.5,455.5,6.76,25.3,75.3,224.5,33.4,MODERATE
2026-08-10 15:58:15,Tamaraibarani River,industrial_effluent,5.48,60.4,2.3,28.4,867.2,1001.8,9.84,58.92,15.7,37.8,85.9,CRITICAL
2026-08-10 18:25:10,Tamaraibarani River,baseline_clean,7.15,15.7,7.5,25.0,268.6,207.5,1.73,11.25,19.9,133.2,1.6,LOW
2026-08-11 00:54:56,Tamaraibarani River,baseline_clean,7.35,5.9,7.18,23.0,281.4,220.4,0.92,7.3,1.9,133.4,0.3,LOW
2026-08-11 03:29:40,Tamaraibarani River,industrial_effluent,4.54,90.2,4.2,28.1,1296.3,1111.9,9.41,101.23,8.6,70.6,65.8,HIGH
2026-08-11 03:58:05,Tamaraibarani River,baseline_clean,7.12,14.5,7.52,25.1,265.9,161.1,0.66,10.22,8.5,154.1,1.2,LOW
2026-08-11 19:57:01,Tamaraibarani River,baseline_clean,7.21,4.2,8.19,25.4,211.2,144.5,1.07,10.89,7.2,189.8,0.2,LOW
2026-08-11 20:39:12,Tamaraibarani River,urban_sewage_hypoxia,6.05,38.9,3.39,28.9,780.5,616.4,14.38,35.66,12.5,24.7,67.0,HIGH
2026-08-12 02:00:44,Tamaraibarani River,urban_sewage_hypoxia,8.54,36.8,4.08,29.5,766.7,486.8,11.65,46.62,14.8,52.2,49.4,MODERATE
2026-08-12 03:12:28,Tamaraibarani River,baseline_clean,7.22,1.7,8.31,21.9,233.2,160.9,1.36,3.3,3.7,147.5,0.0,LOW
2026-08-12 04:47:28,Tamaraibarani River,urban_sewage_hypoxia,6.89,83.6,1.62,27.3,561.0,544.4,15.97,48.95,10.0,44.2,71.8,HIGH
2026-08-12 06:59:22,Tamaraibarani River,agricultural_runoff,7.36,29.0,6.53,26.8,530.1,385.7,6.13,22.15,74.1,218.0,15.5,LOW
2026-08-12 08:24:26,Tamaraibarani River,baseline_clean,6.86,8.5,8.66,23.6,295.1,159.7,1.42,4.26,16.7,204.5,0.7,LOW
2026-08-12 11:52:41,Tamaraibarani River,industrial_effluent,9.13,52.9,2.32,29.0,1012.1,1094.0,12.9,54.51,17.4,80.6,70.9,HIGH
2026-08-12 23:05:11,Tamaraibarani River,industrial_effluent,8.95,100.9,3.08,34.8,940.3,1361.3,11.71,48.93,19.4,30.8,74.5,HIGH
2026-08-13 01:15:26,Tamaraibarani River,agricultural_runoff,8.5,50.1,5.52,27.3,614.4,467.9,5.06,21.89,47.6,228.4,25.4,MODERATE
2026-08-13 22:31:42,Tamaraibarani River,urban_sewage_hypoxia,7.33,49.2,3.04,31.0,740.2,545.4,8.52,59.79,14.2,64.9,57.1,HIGH
2026-08-13 23:17:54,Tamaraibarani River,industrial_effluent,4.69,103.5,3.96,34.8,911.8,1331.8,13.61,111.99,0.1,74.5,67.8,HIGH
2026-08-14 02:22:27,Tamaraibarani River,baseline_clean,7.89,2.2,8.43,26.4,209.2,164.6,1.36,6.09,8.3,189.7,0.7,LOW
2026-08-14 09:49:35,Tamaraibarani River,urban_sewage_hypoxia,5.68,55.6,3.92,28.8,599.3,517.6,11.19,38.58,10.5,47.2,58.3,HIGH
2026-08-14 21:16:00,Tamaraibarani River,urban_sewage_hypoxia,7.02,78.3,1.7,29.4,781.5,507.9,12.94,36.74,12.6,26.5,82.1,CRITICAL
2026-08-15 01:37:05,Tamaraibarani River,agricultural_runoff,7.64,41.7,5.27,27.5,545.4,365.8,7.32,22.96,70.9,265.5,31.6,MODERATE
2026-08-15 05:15:43,Tamaraibarani River,baseline_clean,7.45,2.8,8.11,22.6,195.2,224.7,3.4,3.29,12.3,150.7,3.2,LOW
2026-08-15 06:27:17,Tamaraibarani River,baseline_clean,7.52,3.0,8.15,20.5,262.3,163.4,1.25,3.24,0.4,160.7,0.3,LOW
2026-08-15 08:12:41,Tamaraibarani River,industrial_effluent,5.49,61.6,2.29,32.9,948.7,1010.6,11.69,86.59,19.6,77.1,75.6,CRITICAL
2026-08-15 12:13:37,Tamaraibarani River,baseline_clean,7.13,2.7,8.63,27.0,250.4,134.8,1.32,3.2,1.9,206.4,0.1,LOW
2026-08-15 14:00:31,Tamaraibarani River,agricultural_runoff,7.99,35.1,5.79,24.3,694.8,579.6,5.31,19.27,70.3,222.8,21.3,LOW
2026-08-15 23:16:14,Tamaraibarani River,urban_sewage_hypoxia,6.98,50.5,3.72,30.7,728.1,576.6,7.97,67.57,12.9,35.4,58.2,HIGH
2026-08-16 02:39:19,Tamaraibarani River,baseline_clean,7.45,7.1,7.64,24.6,273.1,190.1,3.62,5.74,1.8,168.5,3.9,LOW
2026-08-16 04:36:22,Tamaraibarani River,baseline_clean,7.39,6.2,8.01,27.6,267.1,176.7,3.15,5.26,9.4,191.3,2.8,LOW
2026-08-16 11:41:21,Tamaraibarani River,industrial_effluent,5.44,50.9,2.79,33.9,858.3,753.9,9.27,119.95,5.8,39.4,80.2,CRITICAL
2026-08-16 19:54:06,Tamaraibarani River,baseline_clean,7.5,1.3,7.26,25.7,201.9,137.5,7.88,7.45,2.1,156.9,12.5,LOW
2026-08-17 09:24:44,Tamaraibarani River,urban_sewage_hypoxia,7.14,79.9,3.88,34.3,927.6,685.6,9.79,39.07,1.8,41.5,55.2,HIGH
2026-08-17 16:50:39,Tamaraibarani River,baseline_clean,7.86,7.1,7.64,25.9,281.3,185.8,0.5,9.83,1.6,181.0,0.9,LOW
2026-08-18 01:06:46,Tamaraibarani River,baseline_clean,7.29,11.3,8.39,20.1,281.4,172.9,2.67,11.06,3.7,148.4,2.5,LOW
2026-08-18 07:12:46,Tamaraibarani River,baseline_clean,7.03,8.2,6.72,24.4,266.6,171.6,2.21,5.3,2.9,183.2,1.0,LOW
2026-08-18 12:07:49,Tamaraibarani River,agricultural_runoff,8.5,28.3,5.91,28.1,712.9,518.8,5.26,29.58,35.1,183.7,22.6,LOW
2026-08-18 12:57:36,Tamaraibarani River,agricultural_runoff,8.47,30.1,6.96,27.4,623.6,468.6,7.19,27.78,33.7,331.4,21.0,LOW
2026-08-19 06:00:53,Tamaraibarani River,industrial_effluent,5.29,86.1,2.1,34.3,1568.9,992.1,9.71,110.89,8.6,81.4,79.0,CRITICAL
2026-08-19 12:02:00,Tamaraibarani River,agricultural_runoff,8.29,39.7,4.71,24.9,632.1,397.4,7.38,23.24,30.1,283.4,35.6,MODERATE
2026-08-19 15:14:35,Tamaraibarani River,industrial_effluent,9.79,106.3,4.55,31.4,1088.7,1121.2,12.07,82.38,16.4,41.0,58.3,HIGH
2026-08-19 15:42:59,Tamaraibarani River,baseline_clean,7.26,1.3,7.74,22.7,314.8,169.8,0.94,4.87,1.2,137.7,0.1,LOW
2026-08-19 21:51:11,Tamaraibarani River,industrial_effluent,4.74,108.6,3.64,29.3,1361.2,764.4,13.81,51.76,4.7,35.5,80.4,CRITICAL
2026-08-20 01:29:45,Tamaraibarani River,baseline_clean,7.06,1.9,7.69,20.8,303.7,212.5,2.23,7.79,8.7,185.3,0.6,LOW
2026-08-20 02:36:33,Tamaraibarani River,baseline_clean,7.19,4.9,7.75,24.3,255.6,135.9,3.25,3.05,0.9,137.9,2.6,LOW
2026-08-20 12:14:08,Tamaraibarani River,baseline_clean,6.75,1.8,7.75,24.6,249.8,167.0,0.62,11.62,2.7,217.5,0.9,LOW
2026-08-20 14:21:12,Tamaraibarani River,baseline_clean,6.72,2.9,7.5,24.1,222.4,137.1,4.95,3.04,0.2,179.4,6.6,LOW
2026-08-21 05:26:37,Tamaraibarani River,urban_sewage_hypoxia,6.95,60.6,3.79,28.5,859.4,758.9,14.66,62.46,11.6,52.2,55.2,HIGH
2026-08-21 08:48:55,Tamaraibarani River,baseline_clean,7.34,3.1,7.12,25.8,324.9,180.6,1.53,6.03,2.1,151.0,0.1,LOW
2026-08-21 20:56:01,Tamaraibarani River,baseline_clean,7.64,3.7,8.16,27.0,227.6,199.1,2.65,12.3,0.0,166.6,2.4,LOW
2026-08-22 02:34:38,Tamaraibarani River,baseline_clean,7.05,1.6,7.96,27.2,294.2,213.4,4.59,6.14,2.2,191.0,5.6,LOW
2026-08-22 02:52:24,Tamaraibarani River,industrial_effluent,5.11,92.5,2.6,30.6,1533.0,780.2,12.71,97.69,2.6,71.3,75.9,CRITICAL
2026-08-22 07:25:46,Tamaraibarani River,agricultural_runoff,7.5,64.1,5.08,23.8,861.9,429.6,5.95,33.13,47.8,266.3,36.0,MODERATE
2026-08-22 20:15:12,Tamaraibarani River,urban_sewage_hypoxia,6.31,62.4,3.08,29.7,694.6,484.5,16.19,35.94,3.3,41.7,60.8,HIGH
2026-08-22 22:50:02,Tamaraibarani River,industrial_effluent,9.95,81.0,2.83,28.5,1313.5,1041.7,12.83,75.89,19.7,53.9,73.2,HIGH
2026-08-23 04:25:15,Tamaraibarani River,urban_sewage_hypoxia,6.81,82.6,3.07,30.5,908.5,574.9,9.19,45.25,0.1,43.3,60.0,HIGH
2026-08-23 07:53:56,Tamaraibarani River,agricultural_runoff,7.86,43.7,6.12,26.0,525.3,369.4,7.08,19.01,55.8,179.8,21.9,LOW
2026-08-23 12:12:31,Tamaraibarani River,agricultural_runoff,8.65,41.8,5.46,26.4,612.2,418.0,4.15,31.94,61.7,310.6,26.4,MODERATE
2026-08-23 13:02:21,Tamaraibarani River,urban_sewage_hypoxia,6.8,52.4,2.19,26.9,647.4,686.2,8.93,49.27,4.9,61.4,65.2,HIGH
2026-08-23 16:43:52,Tamaraibarani River,urban_sewage_hypoxia,6.28,49.8,3.83,32.6,604.5,563.0,15.36,43.43,8.3,30.6,63.0,HIGH
2026-08-24 01:34:10,Tamaraibarani River,urban_sewage_hypoxia,7.56,71.6,3.59,26.4,650.8,670.7,14.7,51.96,5.9,49.9,56.2,HIGH
2026-08-24 04:57:03,Tamaraibarani River,baseline_clean,7.33,1.5,7.11,22.0,276.1,137.9,1.06,4.73,5.6,184.8,0.1,LOW
2026-08-24 11:01:49,Tamaraibarani River,agricultural_runoff,8.11,54.5,5.53,28.4,531.3,435.5,6.45,21.05,30.4,223.2,28.0,MODERATE
2026-08-24 11:57:45,Tamaraibarani River,urban_sewage_hypoxia,6.81,69.1,3.87,29.0,653.1,632.3,7.77,40.4,2.9,65.8,49.9,MODERATE
2026-08-24 13:44:31,Tamaraibarani River,urban_sewage_hypoxia,6.46,83.9,1.71,31.3,848.5,690.3,9.51,45.55,7.7,35.6,83.0,CRITICAL
2026-08-24 15:33:35,Tamaraibarani River,baseline_clean,6.91,1.7,7.33,21.1,304.1,151.9,0.9,6.93,0.8,150.8,0.3,LOW
2026-08-24 20:48:10,Tamaraibarani River,urban_sewage_hypoxia,6.52,68.9,3.51,29.7,659.1,592.2,7.86,67.51,0.8,32.9,61.4,HIGH
2026-08-24 21:28:45,Tamaraibarani River,industrial_effluent,5.58,78.9,2.31,33.6,1273.3,1257.1,7.39,85.38,15.3,89.3,70.3,HIGH
2026-08-25 07:41:29,Tamaraibarani River,baseline_clean,6.7,5.7,7.16,25.3,243.0,151.1,1.15,4.38,5.8,136.4,0.6,LOW
2026-05-27 18:15:23,Vaigai River,industrial_effluent,4.75,55.1,2.16,34.1,1300.8,1195.7,6.19,117.74,16.6,42.7,74.7,HIGH
2026-05-27 18:30:53,Vaigai River,baseline_clean,6.52,2.2,8.08,22.0,272.6,142.8,1.17,9.15,0.9,130.6,0.7,LOW
2026-05-27 19:01:41,Vaigai River,agricultural_runoff,7.66,26.2,6.06,25.3,786.7,479.1,3.93,33.46,58.4,187.1,18.4,LOW
2026-05-27 20:59:29,Vaigai River,baseline_clean,6.89,3.7,7.42,19.6,218.2,175.2,0.93,6.38,2.9,191.3,0.3,LOW
2026-05-27 21:40:46,Vaigai River,baseline_clean,7.49,5.9,7.15,25.4,266.9,189.9,2.59,5.39,0.4,188.4,1.6,LOW
2026-05-28 03:28:35,Vaigai River,baseline_clean,7.24,1.7,7.75,24.7,259.7,193.0,2.08,4.09,5.2,139.8,0.2,LOW
2026-05-28 09:45:16,Vaigai River,urban_sewage_hypoxia,8.09,73.4,1.62,28.9,748.7,605.2,10.44,65.34,3.5,57.4,73.2,HIGH
2026-05-28 17:31:24,Vaigai River,agricultural_runoff,8.17,38.6,5.45,27.1,564.0,465.4,6.93,18.4,50.2,215.3,27.1,MODERATE
2026-05-29 05:50:05,Vaigai River,agricultural_runoff,7.99,52.0,4.08,26.1,747.8,512.3,4.05,18.78,75.1,269.3,36.1,MODERATE
2026-05-29 10:59:02,Vaigai River,baseline_clean,7.72,3.7,6.95,21.2,282.5,150.5,0.73,4.34,0.8,163.0,0.5,LOW
2026-05-29 18:39:51,Vaigai River,agricultural_runoff,7.49,39.6,7.48,29.2,799.9,530.3,6.86,34.3,52.6,318.4,24.2,LOW
2026-05-30 18:27:33,Vaigai River,industrial_effluent,10.24,90.3,3.9,32.3,1414.5,811.0,13.93,110.39,0.6,79.5,66.9,HIGH
2026-05-30 23:01:21,Vaigai River,urban_sewage_hypoxia,5.78,51.0,3.46,27.6,664.2,641.2,16.62,58.6,12.9,48.1,61.3,HIGH
2026-05-31 00:00:38,Vaigai River,agricultural_runoff,8.04,55.1,5.72,27.4,674.7,413.9,3.92,33.65,35.2,256.2,24.5,LOW
2026-05-31 04:07:46,Vaigai River,industrial_effluent,9.44,98.0,2.22,34.3,1260.7,1272.1,10.07,93.27,10.5,73.9,75.6,CRITICAL
2026-05-31 06:51:41,Vaigai River,urban_sewage_hypoxia,8.25,60.7,3.09,29.9,740.9,560.1,13.86,53.91,11.5,59.6,61.3,HIGH
2026-05-31 10:20:38,Vaigai River,baseline_clean,7.52,1.3,7.63,23.7,218.6,164.3,1.28,3.17,0.6,195.7,0.3,LOW
2026-05-31 15:00:22,Vaigai River,urban_sewage_hypoxia,7.15,78.9,2.36,28.7,714.8,665.9,10.62,55.96,13.9,36.4,76.4,CRITICAL
2026-05-31 17:55:31,Vaigai River,agricultural_runoff,7.5,39.8,6.06,26.2,605.7,412.2,5.74,30.05,58.6,267.6,23.2,LOW
2026-05-31 22:51:47,Vaigai River,industrial_effluent,5.95,95.2,2.74,32.5,1296.8,980.8,9.3,70.77,12.3,56.5,67.9,HIGH
2026-06-01 00:03:32,Vaigai River,baseline_clean,7.37,7.6,6.82,24.9,344.7,134.8,1.72,23.56,4.3,136.8,4.1,LOW
2026-06-01 01:22:14,Vaigai River,industrial_effluent,4.69,108.3,2.06,33.2,1426.4,870.6,12.04,51.97,5.1,77.3,83.9,CRITICAL
2026-06-02 05:58:42,Vaigai River,baseline_clean,7.77,3.6,7.79,22.2,264.6,131.5,1.05,9.4,1.9,147.7,0.6,LOW
2026-06-02 11:06:32,Vaigai River,urban_sewage_hypoxia,6.59,78.3,2.08,27.5,684.6,574.6,15.51,46.33,9.8,58.0,68.7,HIGH
2026-06-02 12:54:27,Vaigai River,industrial_effluent,9.96,61.9,4.54,32.7,1270.3,777.7,10.02,79.53,17.3,62.8,59.8,HIGH
2026-06-02 15:46:27,Vaigai River,baseline_clean,7.19,2.4,8.0,26.5,264.6,153.3,0.84,9.23,3.4,120.8,0.0,LOW
2026-06-03 10:24:54,Vaigai River,urban_sewage_hypoxia,6.22,69.4,1.57,31.4,801.7,441.5,14.14,53.08,6.0,54.9,74.7,HIGH
2026-06-04 03:31:33,Vaigai River,industrial_effluent,9.81,61.9,3.22,32.2,904.8,1135.6,14.83,59.26,15.9,84.5,69.1,HIGH
2026-06-04 13:17:46,Vaigai River,agricultural_runoff,7.88,32.1,5.72,28.3,671.8,515.0,3.99,26.58,71.1,242.5,20.5,LOW
2026-06-04 21:16:17,Vaigai River,industrial_effluent,9.25,92.2,3.73,33.2,1011.0,1165.5,10.48,100.71,6.5,83.4,61.5,HIGH
2026-06-04 22:37:51,Vaigai River,baseline_clean,7.09,2.1,7.16,23.9,231.4,190.5,1.73,3.34,12.1,232.1,0.1,LOW
2026-06-05 02:08:03,Vaigai River,baseline_clean,7.3,5.8,6.25,21.4,277.1,120.1,1.2,3.11,0.9,236.9,2.3,LOW
2026-06-05 11:41:49,Vaigai River,industrial_effluent,4.85,67.8,3.04,28.5,1127.2,1025.0,12.5,94.25,14.2,30.5,84.9,CRITICAL
2026-06-05 13:39:54,Vaigai River,baseline_clean,7.72,1.8,7.95,24.3,255.3,180.7,2.06,6.64,4.2,187.6,0.6,LOW
2026-06-05 14:22:15,Vaigai River,industrial_effluent,9.39,72.0,4.0,30.7,1291.4,829.8,11.4,109.61,17.4,73.5,60.1,HIGH
2026-06-06 03:10:10,Vaigai River,agricultural_runoff,8.14,28.3,5.01,28.3,585.8,345.7,5.88,31.66,28.4,232.5,30.6,MODERATE
2026-06-06 05:50:44,Vaigai River,urban_sewage_hypoxia,6.55,69.9,2.62,29.6,851.8,592.5,16.84,62.71,1.8,45.5,65.0,HIGH
2026-06-06 07:53:21,Vaigai River,urban_sewage_hypoxia,6.52,48.2,1.5,30.3,782.6,620.0,14.09,60.01,3.3,27.6,84.0,CRITICAL
2026-06-06 11:32:16,Vaigai River,baseline_clean,7.49,1.9,7.98,23.1,178.1,173.9,0.73,13.22,4.8,183.0,1.1,LOW
2026-06-06 13:22:28,Vaigai River,urban_sewage_hypoxia,7.2,66.1,4.17,31.6,630.3,487.7,8.33,47.71,4.2,33.1,55.3,HIGH
2026-06-06 16:44:17,Vaigai River,industrial_effluent,9.75,63.7,3.38,30.1,1297.1,1003.7,7.48,53.74,10.9,84.1,62.8,HIGH
2026-06-06 18:26:47,Vaigai River,urban_sewage_hypoxia,6.83,67.9,3.93,32.2,568.0,513.2,7.61,63.06,14.0,60.0,49.0,MODERATE
2026-06-07 08:31:17,Vaigai River,agricultural_runoff,8.17,28.9,3.74,29.2,648.2,437.5,4.35,22.56,43.4,262.8,38.0,MODERATE
2026-06-07 08:56:48,Vaigai River,agricultural_runoff,8.03,36.5,6.25,25.3,687.0,391.5,4.25,19.89,34.4,185.3,15.0,LOW
2026-06-07 17:54:48,Vaigai River,urban_sewage_hypoxia,7.14,40.9,1.5,30.8,649.2,698.4,10.17,30.52,6.0,47.0,69.7,HIGH
2026-06-08 01:03:00,Vaigai River,baseline_clean,7.01,1.6,7.6,24.6,258.8,145.7,1.06,5.43,2.1,257.6,0.2,LOW
2026-06-08 01:11:34,Vaigai River,agricultural_runoff,8.17,32.8,5.3,26.9,531.9,473.8,4.03,23.77,50.0,256.9,24.2,LOW
2026-06-08 05:52:44,Vaigai River,industrial_effluent,5.2,86.9,3.07,28.4,1299.6,1331.7,9.45,61.22,8.9,32.9,80.9,CRITICAL
2026-06-08 07:16:47,Vaigai River,agricultural_runoff,8.1,34.2,5.79,26.8,730.9,580.3,3.85,20.43,51.3,167.9,18.6,LOW
2026-06-08 10:53:30,Vaigai River,agricultural_runoff,8.11,26.9,5.44,23.9,616.6,489.7,4.57,27.99,79.4,213.6,23.6,LOW
2026-06-08 13:45:40,Vaigai River,industrial_effluent,9.53,53.6,2.44,34.6,1509.7,1334.9,14.92,60.62,7.1,70.2,73.7,HIGH
2026-06-08 16:41:26,Vaigai River,agricultural_runoff,7.16,53.6,5.38,26.6,587.6,417.6,6.12,27.36,25.4,236.9,29.0,MODERATE
2026-06-08 22:07:33,Vaigai River,agricultural_runoff,8.7,62.1,5.5,28.9,663.3,465.8,5.18,33.07,27.2,203.0,30.2,MODERATE
2026-06-08 22:51:23,Vaigai River,baseline_clean,7.33,2.6,7.64,24.8,270.7,159.8,3.94,4.89,1.7,193.0,4.2,LOW
2026-06-09 08:40:57,Vaigai River,baseline_clean,7.53,2.2,7.19,22.6,268.4,219.9,1.78,9.75,8.4,168.4,0.3,LOW
2026-06-09 19:27:55,Vaigai River,industrial_effluent,5.91,48.2,2.72,31.3,1020.2,1220.7,14.27,76.78,6.8,87.7,67.5,HIGH
2026-06-10 00:08:30,Vaigai River,urban_sewage_hypoxia,6.9,60.8,2.84,28.6,789.8,676.8,10.92,37.67,6.3,47.8,62.9,HIGH
2026-06-10 04:00:46,Vaigai River,baseline_clean,7.07,2.2,8.57,20.0,290.0,108.0,1.97,3.15,2.6,181.0,0.1,LOW
2026-06-10 04:19:11,Vaigai River,industrial_effluent,5.5,49.1,2.91,32.7,1103.0,825.7,8.53,79.32,9.5,77.0,66.9,HIGH
2026-06-10 06:24:52,Vaigai River,baseline_clean,7.09,3.3,7.3,22.0,267.9,167.6,2.54,4.22,2.2,159.7,1.2,LOW
2026-06-10 09:46:59,Vaigai River,baseline_clean,7.34,1.6,7.95,26.9,277.9,198.9,1.65,12.18,3.9,171.7,0.7,LOW
2026-06-10 14:13:08,Vaigai River,urban_sewage_hypoxia,6.85,67.7,2.24,33.2,717.3,795.7,8.9,39.7,12.8,34.6,76.6,CRITICAL
2026-06-10 14:35:32,Vaigai River,baseline_clean,7.74,1.6,7.02,27.6,291.9,189.1,0.83,13.87,0.6,123.2,1.7,LOW
2026-06-10 17:05:37,Vaigai River,agricultural_runoff,7.52,23.3,5.27,27.8,654.1,441.7,4.03,31.99,62.9,217.6,24.0,LOW
2026-06-10 18:49:34,Vaigai River,agricultural_runoff,8.46,64.4,5.63,26.6,470.0,484.4,5.6,34.07,58.5,244.5,29.6,MODERATE
2026-06-11 00:20:58,Vaigai River,agricultural_runoff,8.33,32.2,5.02,26.6,481.1,491.5,5.45,34.44,56.7,349.8,32.7,MODERATE
2026-06-11 05:28:38,Vaigai River,urban_sewage_hypoxia,6.42,66.8,4.18,27.3,673.1,646.7,9.35,64.65,9.7,42.2,50.7,HIGH
2026-06-11 08:32:44,Vaigai River,baseline_clean,6.97,9.1,7.55,24.8,288.6,176.8,2.32,8.84,0.5,168.7,1.4,LOW
2026-06-11 09:48:28,Vaigai River,baseline_clean,7.07,6.1,8.04,25.4,238.0,113.1,0.84,5.26,27.8,179.7,0.3,LOW
2026-06-11 18:16:15,Vaigai River,agricultural_runoff,7.67,27.4,4.59,27.3,547.6,399.8,4.19,31.82,62.1,263.3,31.5,MODERATE
2026-06-11 21:48:55,Vaigai River,baseline_clean,7.71,1.7,7.42,24.7,224.1,155.4,1.67,6.08,4.5,217.6,0.5,LOW
2026-06-11 22:57:27,Vaigai River,urban_sewage_hypoxia,7.19,63.5,3.75,28.7,870.0,686.0,17.79,69.42,0.6,54.3,55.3,HIGH
2026-06-12 06:11:18,Vaigai River,agricultural_runoff,8.55,39.9,6.32,25.0,559.7,418.7,5.67,20.76,47.6,297.4,18.1,LOW
2026-06-12 07:19:20,Vaigai River,urban_sewage_hypoxia,7.04,64.4,2.07,27.6,820.4,484.7,16.21,46.63,11.0,32.9,78.5,CRITICAL
2026-06-12 14:40:17,Vaigai River,baseline_clean,6.71,11.3,8.14,22.6,198.7,170.8,1.27,4.19,4.8,192.5,1.2,LOW
2026-06-13 02:39:12,Vaigai River,baseline_clean,6.88,3.7,7.48,21.3,300.5,117.1,1.01,3.7,8.7,168.8,0.3,LOW
2026-06-14 03:00:45,Vaigai River,agricultural_runoff,7.84,61.8,5.0,30.7,623.6,278.1,5.06,30.22,60.0,244.2,32.2,MODERATE
2026-06-14 12:16:02,Vaigai River,baseline_clean,6.43,1.9,7.56,25.0,227.9,164.1,1.48,11.72,8.8,123.5,1.0,LOW
2026-06-14 22:14:51,Vaigai River,baseline_clean,7.39,10.7,6.97,22.3,260.3,124.1,2.63,5.28,0.9,220.3,2.2,LOW
2026-06-15 01:31:00,Vaigai River,industrial_effluent,10.3,80.7,3.84,30.7,1061.3,1205.4,13.76,94.06,10.2,39.5,77.5,CRITICAL
2026-06-15 04:24:20,Vaigai River,urban_sewage_hypoxia,6.49,68.0,2.77,31.6,797.4,487.9,8.14,46.53,1.9,47.3,59.6,HIGH
2026-06-15 12:47:05,Vaigai River,agricultural_runoff,7.29,25.7,6.06,25.0,654.4,558.7,6.89,18.74,60.6,152.9,20.3,LOW
2026-06-15 17:10:29,Vaigai River,urban_sewage_hypoxia,7.24,37.6,3.82,31.5,565.0,566.4,10.04,49.32,9.4,64.3,51.6,HIGH
2026-06-15 21:34:23,Vaigai River,agricultural_runoff,8.14,37.8,5.16,27.4,548.6,515.1,7.38,31.25,55.9,206.8,33.9,MODERATE
2026-06-15 22:23:06,Vaigai River,agricultural_runoff,8.24,29.0,5.68,27.2,648.8,464.8,7.14,23.45,27.6,259.2,26.2,MODERATE
2026-06-16 09:40:58,Vaigai River,baseline_clean,6.9,4.4,7.48,24.4,213.9,221.7,0.56,11.75,4.9,187.0,0.8,LOW
2026-06-16 10:43:58,Vaigai River,urban_sewage_hypoxia,5.87,65.2,3.85,27.9,597.0,551.4,10.2,49.18,8.0,38.4,66.6,HIGH
2026-06-16 14:20:45,Vaigai River,industrial_effluent,5.39,106.5,3.16,30.3,1305.0,1351.3,13.53,119.66,0.5,36.8,79.6,CRITICAL
2026-06-17 02:04:56,Vaigai River,agricultural_runoff,7.92,48.4,5.91,24.7,616.5,533.3,4.95,23.21,78.1,281.3,22.8,LOW
2026-06-17 11:00:03,Vaigai River,agricultural_runoff,7.36,59.7,5.12,26.2,511.1,591.4,5.22,32.77,36.0,283.8,32.0,MODERATE
2026-06-17 22:29:53,Vaigai River,urban_sewage_hypoxia,6.01,49.6,3.4,30.8,651.4,675.9,11.13,69.64,14.4,25.1,69.6,HIGH
2026-06-17 22:56:40,Vaigai River,urban_sewage_hypoxia,7.74,46.1,3.33,27.0,733.3,713.7,13.99,48.25,10.4,64.7,57.2,HIGH
2026-06-18 04:29:03,Vaigai River,urban_sewage_hypoxia,6.61,64.3,4.14,31.7,849.7,595.8,8.37,37.64,10.9,42.0,49.8,MODERATE
2026-06-18 14:55:57,Vaigai River,industrial_effluent,4.9,109.7,2.29,29.3,947.5,929.4,7.89,82.33,9.5,84.1,75.5,CRITICAL
2026-06-18 15:39:12,Vaigai River,baseline_clean,7.16,6.3,8.82,21.8,259.4,179.4,0.7,3.14,0.6,208.4,0.2,LOW
2026-06-19 05:39:23,Vaigai River,industrial_effluent,10.13,50.9,3.44,29.6,985.9,1267.2,7.22,80.15,18.8,41.1,62.9,HIGH
2026-06-19 05:47:53,Vaigai River,baseline_clean,7.35,4.0,8.14,24.4,282.2,200.5,0.64,4.79,13.8,203.6,0.2,LOW
2026-06-19 10:28:17,Vaigai River,agricultural_runoff,7.85,33.8,6.04,23.4,485.7,409.9,6.99,19.19,75.5,193.9,21.3,LOW
2026-06-19 12:03:46,Vaigai River,baseline_clean,7.37,3.5,7.8,19.8,276.5,234.1,1.1,8.01,7.9,189.9,0.2,LOW
2026-06-19 17:37:37,Vaigai River,baseline_clean,7.15,1.8,7.63,29.2,259.7,160.7,3.08,30.25,17.4,142.4,8.0,LOW
2026-06-19 22:49:53,Vaigai River,agricultural_runoff,8.58,40.0,6.48,25.2,611.3,550.8,4.35,19.77,46.5,416.5,14.5,LOW
2026-06-20 07:28:06,Vaigai River,baseline_clean,7.54,1.4,6.71,23.7,281.1,171.6,2.05,6.73,3.9,182.7,0.4,LOW
2026-06-20 13:47:52,Vaigai River,baseline_clean,7.23,4.0,8.36,26.9,223.4,185.0,1.29,5.45,4.1,211.2,0.0,LOW
2026-06-20 18:15:22,Vaigai River,baseline_clean,7.39,2.8,7.84,19.4,272.1,194.8,2.08,8.13,0.9,204.6,0.4,LOW
2026-06-20 21:27:00,Vaigai River,agricultural_runoff,8.87,64.4,5.0,26.3,709.2,532.3,5.25,34.35,42.9,254.9,37.8,MODERATE
2026-06-21 00:41:09,Vaigai River,urban_sewage_hypoxia,7.24,45.5,2.36,25.7,787.4,465.9,8.64,67.33,9.6,36.7,70.8,HIGH
2026-06-21 03:33:33,Vaigai River,baseline_clean,7.43,1.5,7.8,25.4,332.8,167.5,1.51,5.59,10.8,202.7,0.2,LOW
2026-06-21 04:50:32,Vaigai River,baseline_clean,6.78,8.1,7.72,23.7,288.3,162.3,1.97,5.58,0.5,210.4,0.8,LOW
2026-06-21 04:56:31,Vaigai River,baseline_clean,7.16,4.1,7.8,22.3,245.6,162.8,2.52,5.88,0.6,178.5,1.1,LOW
2026-06-21 09:45:22,Vaigai River,baseline_clean,7.66,3.3,7.59,22.8,276.5,195.5,0.7,4.73,1.2,148.2,0.5,LOW
2026-06-21 12:31:27,Vaigai River,industrial_effluent,5.58,80.2,4.36,33.3,893.7,1398.9,12.77,109.79,13.0,81.4,57.8,HIGH
2026-06-21 20:09:37,Vaigai River,baseline_clean,6.98,1.7,7.69,24.5,268.2,155.3,0.98,3.3,4.5,120.0,0.2,LOW
2026-06-22 07:03:56,Vaigai River,agricultural_runoff,7.63,36.2,6.4,28.5,642.9,471.0,4.39,29.82,46.4,214.5,16.6,LOW
2026-06-22 13:57:07,Vaigai River,urban_sewage_hypoxia,6.38,83.3,3.72,30.0,688.3,547.8,8.82,35.54,10.7,57.4,53.2,HIGH
2026-06-22 15:24:59,Vaigai River,baseline_clean,7.79,3.3,7.34,21.2,324.7,157.7,1.17,5.92,7.1,231.6,0.6,LOW
2026-06-22 21:57:06,Vaigai River,baseline_clean,7.21,5.1,7.82,24.7,271.9,150.9,1.07,10.53,1.8,192.2,0.2,LOW
2026-06-23 01:16:34,Vaigai River,baseline_clean,7.59,1.5,8.07,25.9,306.6,168.2,0.68,6.27,10.0,172.3,0.4,LOW
2026-06-23 09:15:45,Vaigai River,baseline_clean,7.39,4.5,7.98,21.5,311.6,160.5,1.41,3.42,10.2,201.0,0.2,LOW
2026-06-23 09:30:28,Vaigai River,baseline_clean,7.13,1.6,8.74,23.5,257.4,193.9,2.88,7.81,2.5,190.1,1.9,LOW
2026-06-23 10:40:26,Vaigai River,agricultural_runoff,7.96,35.6,6.47,23.6,660.0,508.8,6.32,30.79,49.6,192.9,20.5,LOW
2026-06-23 12:30:14,Vaigai River,urban_sewage_hypoxia,7.45,55.8,3.54,31.0,671.7,534.2,9.19,44.88,0.5,62.4,55.0,HIGH
2026-06-23 16:36:07,Vaigai River,agricultural_runoff,8.75,42.4,6.08,28.0,602.3,464.6,5.07,26.47,37.7,189.6,21.6,LOW
2026-06-23 22:42:26,Vaigai River,urban_sewage_hypoxia,6.6,81.3,3.64,30.2,775.0,636.3,9.97,65.78,12.6,29.2,65.2,HIGH
2026-06-24 04:05:31,Vaigai River,agricultural_runoff,8.09,32.8,5.02,22.9,529.6,402.4,6.41,33.39,63.2,250.2,34.1,MODERATE
2026-06-24 10:22:58,Vaigai River,baseline_clean,7.17,8.4,8.69,21.2,224.3,76.5,0.96,7.73,5.7,181.8,0.4,LOW
2026-06-24 14:45:31,Vaigai River,urban_sewage_hypoxia,6.75,72.4,2.75,24.2,895.0,626.9,9.76,32.64,10.7,46.6,62.2,HIGH
2026-06-24 15:50:14,Vaigai River,urban_sewage_hypoxia,6.41,47.7,3.68,29.5,806.9,520.6,15.69,43.2,13.2,36.1,62.8,HIGH
2026-06-24 20:36:35,Vaigai River,industrial_effluent,10.34,53.3,4.31,30.9,1593.1,1030.6,10.98,84.73,6.4,34.5,72.7,HIGH
2026-06-25 03:33:30,Vaigai River,urban_sewage_hypoxia,6.61,53.4,3.75,28.8,880.6,517.6,8.49,56.38,2.0,35.8,59.7,HIGH
2026-06-25 06:21:04,Vaigai River,baseline_clean,7.44,2.0,7.31,18.8,317.2,199.9,2.73,5.4,0.1,187.4,1.8,LOW
2026-06-25 12:53:25,Vaigai River,baseline_clean,7.42,3.3,7.23,24.2,307.2,156.9,1.0,4.18,2.8,169.1,0.2,LOW
2026-06-25 17:03:21,Vaigai River,baseline_clean,7.08,4.7,7.33,23.9,309.0,113.2,1.25,3.57,12.5,190.5,0.1,LOW
2026-06-25 21:56:40,Vaigai River,baseline_clean,7.66,3.0,8.02,24.1,265.1,239.2,1.8,6.59,8.4,131.0,0.5,LOW
2026-06-26 01:22:27,Vaigai River,baseline_clean,7.07,7.1,6.43,21.2,264.0,153.7,1.85,3.14,7.4,187.4,0.9,LOW
2026-06-26 07:20:31,Vaigai River,baseline_clean,6.94,1.3,7.89,27.7,189.1,218.9,1.14,8.48,0.9,186.5,0.4,LOW
2026-06-26 08:32:32,Vaigai River,agricultural_runoff,8.39,27.2,4.99,26.1,594.5,494.8,4.35,20.72,61.3,203.5,25.2,MODERATE
2026-06-26 11:16:42,Vaigai River,agricultural_runoff,7.69,30.6,4.72,28.5,795.2,371.9,4.68,27.1,40.1,187.9,29.7,MODERATE
2026-06-26 13:53:15,Vaigai River,urban_sewage_hypoxia,5.9,41.0,3.96,28.0,693.5,656.8,8.1,32.1,11.4,41.4,50.3,HIGH
2026-06-26 19:07:57,Vaigai River,agricultural_runoff,8.07,24.9,4.87,26.5,531.2,523.9,7.3,31.25,26.3,237.6,34.5,MODERATE
2026-06-26 22:23:55,Vaigai River,industrial_effluent,5.2,99.8,3.67,33.1,989.0,1375.0,9.64,94.02,0.4,37.6,76.1,CRITICAL
2026-06-27 05:00:34,Vaigai River,industrial_effluent,4.99,103.8,4.43,29.7,910.9,1139.0,9.03,95.41,0.6,38.0,68.5,HIGH
2026-06-27 07:10:24,Vaigai River,agricultural_runoff,7.86,62.4,6.52,25.1,470.2,496.3,5.82,18.91,47.0,312.7,19.2,LOW
2026-06-27 18:28:26,Vaigai River,industrial_effluent,5.91,93.6,4.78,30.8,1162.0,820.6,7.04,88.4,7.3,34.8,53.4,HIGH
2026-06-28 06:36:47,Vaigai River,baseline_clean,7.46,10.4,6.5,24.2,265.7,211.8,2.23,4.28,3.9,109.8,1.4,LOW
2026-06-28 14:18:32,Vaigai River,industrial_effluent,6.04,47.5,4.74,28.0,1505.3,915.1,14.45,68.77,13.1,34.8,57.1,HIGH
2026-06-28 19:30:18,Vaigai River,baseline_clean,7.85,9.2,8.1,20.3,228.6,157.9,1.09,3.65,12.7,110.8,1.1,LOW
2026-06-29 03:32:10,Vaigai River,industrial_effluent,9.6,98.5,4.59,32.5,1465.6,741.3,14.16,59.17,5.1,33.2,65.5,HIGH
2026-06-29 06:27:35,Vaigai River,baseline_clean,7.33,4.1,7.4,27.2,267.2,178.4,0.66,11.48,2.9,157.2,0.6,LOW
2026-06-29 09:06:27,Vaigai River,industrial_effluent,5.2,93.1,3.25,28.5,976.5,1253.9,11.84,87.74,3.4,80.3,69.2,HIGH
2026-06-29 09:10:31,Vaigai River,baseline_clean,7.33,4.1,7.65,24.3,279.4,191.1,1.64,20.0,1.0,149.4,2.8,LOW
2026-06-29 15:10:59,Vaigai River,agricultural_runoff,8.5,40.6,5.32,24.9,515.5,479.6,4.35,31.8,68.5,198.9,26.9,MODERATE
2026-06-29 17:05:08,Vaigai River,baseline_clean,7.2,6.4,7.58,24.7,290.1,186.7,0.64,8.36,0.5,181.7,0.2,LOW
2026-06-29 20:35:00,Vaigai River,industrial_effluent,4.79,60.9,4.33,32.3,1534.9,862.4,7.09,45.46,10.2,89.9,58.7,HIGH
2026-06-29 23:12:16,Vaigai River,agricultural_runoff,8.47,38.7,5.25,26.3,617.4,449.4,5.91,26.62,28.2,238.1,29.2,MODERATE
2026-06-30 07:14:12,Vaigai River,baseline_clean,8.02,9.4,7.97,22.9,277.0,196.7,5.22,5.95,7.0,216.0,8.0,LOW
2026-06-30 18:55:13,Vaigai River,baseline_clean,7.04,1.7,7.05,24.7,309.0,205.2,0.96,3.86,0.9,194.5,0.2,LOW
2026-06-30 21:49:38,Vaigai River,agricultural_runoff,7.44,48.3,5.51,24.8,595.4,406.3,5.18,25.1,33.1,216.2,25.0,LOW
2026-06-30 22:16:41,Vaigai River,agricultural_runoff,7.88,44.5,5.79,27.3,595.4,520.9,4.37,26.13,62.8,242.7,21.7,LOW
2026-06-30 23:11:45,Vaigai River,agricultural_runoff,7.93,36.4,6.14,27.7,567.2,439.5,4.6,23.68,47.6,352.9,18.4,LOW
2026-07-01 01:29:19,Vaigai River,agricultural_runoff,7.31,34.7,6.05,28.7,620.4,469.1,4.1,30.77,74.9,225.6,18.6,LOW
2026-07-01 05:14:43,Vaigai River,baseline_clean,7.44,1.4,8.46,22.9,227.2,198.7,0.52,8.64,1.2,138.1,0.2,LOW
2026-07-01 12:56:09,Vaigai River,urban_sewage_hypoxia,5.81,43.3,1.92,33.2,831.7,532.0,8.42,45.26,3.7,45.3,70.8,HIGH
2026-07-01 18:24:33,Vaigai River,baseline_clean,7.97,2.1,6.5,26.7,298.4,200.8,0.75,6.14,6.5,152.0,0.8,LOW
2026-07-01 20:41:17,Vaigai River,industrial_effluent,9.47,82.8,2.28,30.1,1225.6,862.2,10.88,61.48,13.0,84.3,74.7,HIGH
2026-07-01 21:36:49,Vaigai River,urban_sewage_hypoxia,5.74,68.3,3.77,28.0,640.4,437.7,17.81,61.36,2.8,64.9,59.3,HIGH
2026-07-01 22:40:29,Vaigai River,agricultural_runoff,7.57,58.6,4.64,24.4,647.7,419.2,5.4,28.99,56.4,273.6,36.9,MODERATE
2026-07-02 05:02:57,Vaigai River,agricultural_runoff,7.12,41.8,5.49,27.5,518.2,412.7,4.53,26.15,76.3,240.0,23.1,LOW
2026-07-02 07:00:46,Vaigai River,agricultural_runoff,7.78,43.6,4.46,26.0,660.4,504.8,3.88,30.32,54.7,285.2,34.2,MODERATE
2026-07-02 08:26:42,Vaigai River,baseline_clean,6.87,3.2,7.84,26.0,250.0,208.2,0.5,6.96,3.6,208.6,0.3,LOW
2026-07-02 10:39:50,Vaigai River,agricultural_runoff,8.41,60.0,4.47,27.3,586.7,460.4,3.94,20.39,39.7,221.5,32.2,MODERATE
2026-07-02 12:09:07,Vaigai River,urban_sewage_hypoxia,6.79,54.6,4.09,24.4,874.8,536.2,16.48,47.42,4.9,38.9,59.3,HIGH
2026-07-02 14:27:02,Vaigai River,baseline_clean,7.04,2.5,8.18,23.5,203.2,166.6,1.32,5.51,32.1,171.1,0.2,LOW
2026-07-03 11:20:46,Vaigai River,industrial_effluent,9.22,62.1,4.09,34.8,1296.1,1295.4,6.08,47.75,11.9,53.3,51.0,HIGH
2026-07-03 19:08:30,Vaigai River,agricultural_runoff,7.8,52.5,5.47,23.9,652.4,592.8,5.04,24.45,53.4,247.7,26.5,MODERATE
2026-07-04 06:01:15,Vaigai River,urban_sewage_hypoxia,6.81,50.8,1.84,32.4,1062.2,446.6,14.87,68.8,1.6,41.7,70.5,HIGH
2026-07-04 08:21:56,Vaigai River,baseline_clean,7.28,1.8,7.21,25.9,144.5,161.5,0.77,5.72,5.6,121.8,0.1,LOW
2026-07-04 11:43:30,Vaigai River,industrial_effluent,9.25,54.2,3.46,33.8,879.9,1396.9,11.42,118.42,7.3,57.5,62.9,HIGH
2026-07-04 12:54:46,Vaigai River,agricultural_runoff,7.43,24.6,6.7,29.2,615.8,511.5,6.48,27.61,41.3,210.5,18.2,LOW
2026-07-04 13:59:28,Vaigai River,baseline_clean,7.56,3.4,6.22,26.6,374.1,141.7,2.98,13.56,14.9,203.0,5.6,LOW
2026-07-04 14:55:23,Vaigai River,baseline_clean,7.44,7.8,7.35,23.6,305.5,159.4,0.55,8.6,2.2,188.0,0.6,LOW
2026-07-04 17:08:20,Vaigai River,baseline_clean,7.73,3.7,7.57,24.6,292.4,202.8,1.16,7.68,0.3,223.3,0.5,LOW
2026-07-04 22:34:11,Vaigai River,industrial_effluent,9.98,83.2,4.02,31.0,1484.0,1187.4,12.94,104.44,1.8,33.3,73.6,HIGH
2026-07-05 00:35:05,Vaigai River,agricultural_runoff,7.69,26.1,6.11,26.0,751.8,384.4,6.25,27.37,76.6,238.3,20.8,LOW
2026-07-05 02:46:23,Vaigai River,baseline_clean,7.1,3.6,7.56,25.8,342.0,157.8,1.25,7.01,0.8,155.4,0.1,LOW
2026-07-05 02:49:07,Vaigai River,urban_sewage_hypoxia,7.37,57.1,3.27,26.8,609.4,498.0,11.96,35.82,8.2,61.6,57.1,HIGH
2026-07-05 09:14:58,Vaigai River,baseline_clean,7.01,3.1,6.86,25.1,151.9,139.6,1.83,8.07,2.3,264.8,0.2,LOW
2026-07-05 12:48:27,Vaigai River,industrial_effluent,5.19,54.3,2.47,29.2,947.9,825.7,7.82,53.39,12.8,89.4,71.1,HIGH
2026-07-05 14:07:56,Vaigai River,agricultural_runoff,7.57,53.6,5.53,24.9,875.1,455.3,4.81,31.05,34.9,229.4,27.1,MODERATE
2026-07-05 20:08:19,Vaigai River,urban_sewage_hypoxia,6.53,77.2,3.68,26.3,594.6,651.2,10.48,34.96,14.4,66.1,54.8,HIGH
2026-07-06 13:42:47,Vaigai River,agricultural_runoff,8.43,40.6,5.01,24.7,463.4,377.2,4.4,18.72,67.3,238.2,25.5,MODERATE
2026-07-06 21:53:25,Vaigai River,baseline_clean,7.26,3.7,7.08,20.7,311.2,176.6,1.24,3.59,11.0,158.9,0.1,LOW
2026-07-06 22:57:45,Vaigai River,agricultural_runoff,7.62,30.0,5.36,28.7,636.0,601.2,4.34,31.01,26.5,155.6,25.2,MODERATE
2026-07-07 03:40:25,Vaigai River,baseline_clean,7.53,1.3,8.07,24.6,204.5,199.0,2.19,11.89,3.3,161.4,1.2,LOW
2026-07-07 08:52:09,Vaigai River,baseline_clean,7.55,2.8,7.93,25.0,255.3,166.7,2.17,6.9,0.7,186.1,0.7,LOW
2026-07-07 10:39:22,Vaigai River,urban_sewage_hypoxia,7.21,50.9,3.21,27.8,768.7,492.7,11.16,47.37,14.4,36.8,66.4,HIGH
2026-07-07 11:06:14,Vaigai River,agricultural_runoff,8.57,53.9,3.76,27.8,649.6,551.2,6.38,29.75,76.5,216.9,44.8,MODERATE
2026-07-07 12:41:56,Vaigai River,industrial_effluent,5.53,56.0,4.73,31.4,893.2,1356.1,11.28,97.44,10.5,80.1,54.5,HIGH
2026-07-08 05:05:23,Vaigai River,baseline_clean,7.57,1.4,8.05,23.7,297.6,179.3,0.62,5.63,0.2,183.8,0.4,LOW
2026-07-08 05:58:18,Vaigai River,urban_sewage_hypoxia,6.82,40.5,2.28,25.5,699.2,485.7,8.67,31.27,6.0,52.8,60.2,HIGH
2026-07-08 20:07:12,Vaigai River,industrial_effluent,5.43,92.6,2.96,32.6,1524.5,1208.6,12.4,73.65,18.2,46.6,70.9,HIGH
2026-07-09 04:56:02,Vaigai River,industrial_effluent,4.72,63.3,2.57,34.6,913.1,848.2,6.73,118.53,18.4,73.0,72.7,HIGH
2026-07-09 13:19:48,Vaigai River,agricultural_runoff,8.0,59.5,6.24,27.5,634.0,528.1,6.35,24.68,38.4,161.1,23.8,LOW
2026-07-09 14:31:01,Vaigai River,urban_sewage_hypoxia,6.75,64.7,3.04,26.0,769.7,511.5,9.27,56.55,4.3,41.5,59.4,HIGH
2026-07-09 22:42:56,Vaigai River,baseline_clean,7.33,4.1,7.7,21.5,271.8,112.9,3.87,4.11,2.6,151.5,4.0,LOW
2026-07-10 01:45:47,Vaigai River,industrial_effluent,4.53,91.8,3.23,33.5,1542.6,1119.5,7.68,103.66,19.1,64.8,71.1,HIGH
2026-07-10 03:30:08,Vaigai River,urban_sewage_hypoxia,7.29,84.0,3.65,30.3,669.8,623.2,16.08,59.44,8.8,58.5,55.8,HIGH
2026-07-10 03:50:48,Vaigai River,baseline_clean,7.38,3.3,7.51,22.1,331.6,129.5,0.96,7.03,3.6,234.3,0.2,LOW
2026-07-10 07:01:43,Vaigai River,industrial_effluent,9.45,67.7,3.52,30.7,851.1,1212.2,12.77,101.02,6.9,61.3,63.8,HIGH
2026-07-11 06:50:39,Vaigai River,urban_sewage_hypoxia,5.85,55.4,3.37,28.2,704.7,669.5,9.94,55.06,13.9,66.1,62.3,HIGH
2026-07-11 14:30:51,Vaigai River,urban_sewage_hypoxia,6.97,66.7,3.33,30.8,812.3,675.5,10.94,45.04,12.8,64.9,59.2,HIGH
2026-07-11 18:59:35,Vaigai River,industrial_effluent,5.49,83.0,3.7,32.3,1485.3,819.1,9.31,88.95,5.7,88.7,63.3,HIGH
2026-07-11 21:28:29,Vaigai River,urban_sewage_hypoxia,6.11,57.4,3.19,27.7,819.7,583.6,8.91,60.69,5.6,50.9,60.1,HIGH
2026-07-12 01:49:48,Vaigai River,agricultural_runoff,8.05,56.3,5.53,24.7,643.3,436.3,6.42,30.48,76.3,226.2,30.6,MODERATE
2026-07-12 03:47:01,Vaigai River,industrial_effluent,9.07,54.2,4.74,32.1,1232.3,1066.2,7.94,98.9,1.7,64.4,47.7,MODERATE
2026-07-12 08:14:32,Vaigai River,urban_sewage_hypoxia,5.57,62.8,3.45,28.8,677.6,551.8,10.42,30.07,0.6,26.0,71.0,HIGH
2026-07-12 20:11:39,Vaigai River,agricultural_runoff,8.05,41.2,6.63,25.3,684.7,491.1,6.05,32.88,37.8,289.7,21.0,LOW
2026-07-12 21:52:25,Vaigai River,agricultural_runoff,8.08,28.2,4.84,27.1,582.7,464.0,5.1,26.35,57.2,344.5,30.6,MODERATE
2026-07-12 22:12:48,Vaigai River,urban_sewage_hypoxia,7.15,74.6,2.19,31.7,966.5,534.9,12.12,57.89,13.6,51.7,68.3,HIGH
2026-07-13 03:22:47,Vaigai River,agricultural_runoff,7.33,45.9,4.32,25.9,528.4,501.7,5.1,28.96,54.1,238.3,35.5,MODERATE
2026-07-13 17:51:01,Vaigai River,baseline_clean,7.11,5.0,8.04,23.2,237.2,176.5,0.58,5.05,0.2,181.1,0.1,LOW
2026-07-14 05:48:34,Vaigai River,urban_sewage_hypoxia,6.69,56.4,2.13,28.3,739.0,539.8,15.78,58.61,2.8,63.0,67.9,HIGH
2026-07-14 13:04:37,Vaigai River,industrial_effluent,9.49,85.2,3.61,30.8,1080.0,984.9,11.17,77.11,5.3,75.7,63.9,HIGH
2026-07-14 14:49:19,Vaigai River,urban_sewage_hypoxia,6.13,37.4,3.23,28.4,761.1,575.0,13.16,37.94,6.0,47.0,59.1,HIGH
2026-07-15 01:51:03,Vaigai River,urban_sewage_hypoxia,6.68,56.6,2.61,33.5,497.1,596.4,15.36,64.97,7.0,64.1,64.5,HIGH
2026-07-15 06:37:06,Vaigai River,baseline_clean,6.97,4.1,8.2,22.1,317.2,198.8,2.61,3.76,2.7,197.4,1.5,LOW
2026-07-15 09:32:15,Vaigai River,agricultural_runoff,7.89,29.6,5.47,23.3,604.9,407.3,7.31,32.62,55.8,248.5,30.0,MODERATE
2026-07-15 13:56:42,Vaigai River,baseline_clean,7.54,5.3,6.54,23.5,252.9,195.0,2.33,4.68,10.7,216.1,1.1,LOW
2026-07-15 17:39:46,Vaigai River,baseline_clean,7.08,10.6,7.86,23.5,199.7,177.4,1.02,4.74,7.0,147.9,0.8,LOW
2026-07-15 19:43:22,Vaigai River,industrial_effluent,5.83,91.1,4.7,32.0,913.9,1118.2,12.18,61.52,7.9,65.9,53.0,HIGH
2026-07-16 01:21:05,Vaigai River,agricultural_runoff,8.48,39.0,4.82,25.1,512.7,465.4,5.5,34.24,74.5,213.4,33.8,MODERATE
2026-07-16 05:14:12,Vaigai River,urban_sewage_hypoxia,6.48,41.8,3.46,26.8,804.5,523.4,14.77,48.37,7.6,26.8,63.0,HIGH
2026-07-16 13:03:36,Vaigai River,baseline_clean,7.52,4.9,6.57,24.3,339.4,99.9,2.68,4.61,1.2,151.5,1.7,LOW
2026-07-16 20:50:34,Vaigai River,industrial_effluent,5.8,85.3,4.69,29.8,903.3,1044.7,6.77,64.63,2.5,43.4,46.7,MODERATE
2026-07-18 00:12:47,Vaigai River,baseline_clean,6.91,5.2,7.59,21.8,240.2,191.5,1.93,5.63,3.0,113.8,0.3,LOW
2026-07-18 01:27:47,Vaigai River,industrial_effluent,9.25,87.2,2.07,33.9,1563.3,1163.5,10.61,99.43,6.5,67.6,75.5,CRITICAL
2026-07-18 09:01:41,Vaigai River,baseline_clean,7.08,1.3,8.12,22.3,307.6,198.9,1.34,9.01,3.5,216.1,0.1,LOW
2026-07-18 13:36:16,Vaigai River,baseline_clean,7.31,1.8,7.99,22.6,202.2,140.1,1.05,6.33,1.1,251.6,0.1,LOW
2026-07-18 15:51:41,Vaigai River,agricultural_runoff,7.78,46.1,6.34,26.8,694.8,437.4,5.76,20.63,61.1,183.4,18.6,LOW
2026-07-18 18:47:44,Vaigai River,urban_sewage_hypoxia,7.41,45.7,2.43,29.6,427.6,747.8,15.39,41.28,13.9,31.0,73.6,HIGH
2026-07-18 20:06:02,Vaigai River,agricultural_runoff,7.79,24.3,4.79,25.8,574.9,598.5,4.29,30.55,25.0,212.3,28.7,MODERATE
2026-07-18 21:33:20,Vaigai River,agricultural_runoff,7.73,54.0,5.54,24.0,499.8,441.2,7.1,24.26,52.3,189.3,29.4,MODERATE
2026-07-19 15:33:47,Vaigai River,urban_sewage_hypoxia,5.91,77.7,3.45,29.5,666.3,463.8,14.06,61.91,2.8,37.5,70.2,HIGH
2026-07-19 17:03:32,Vaigai River,urban_sewage_hypoxia,7.07,53.1,2.97,31.3,881.4,712.2,14.9,33.3,14.0,37.8,69.4,HIGH
2026-07-19 20:51:56,Vaigai River,baseline_clean,7.22,2.5,7.95,27.2,281.7,174.2,3.86,4.22,9.6,157.0,3.9,LOW
2026-07-19 23:30:57,Vaigai River,agricultural_runoff,8.12,25.5,4.75,26.6,661.5,435.6,7.2,24.16,79.2,220.0,33.5,MODERATE
2026-07-19 23:59:00,Vaigai River,industrial_effluent,10.12,101.5,2.06,29.7,917.5,1009.5,14.01,80.07,17.0,49.6,80.3,CRITICAL
2026-07-20 02:27:15,Vaigai River,baseline_clean,7.51,1.9,7.85,24.1,221.2,189.0,1.6,8.66,1.0,223.9,0.3,LOW
2026-07-20 09:28:55,Vaigai River,baseline_clean,7.44,3.0,8.12,27.8,259.7,228.7,0.94,5.48,0.3,232.1,0.4,LOW
2026-07-21 01:57:47,Vaigai River,baseline_clean,7.07,1.3,7.47,22.5,237.4,199.1,0.91,6.45,5.2,194.7,0.1,LOW
2026-07-21 03:27:05,Vaigai River,baseline_clean,7.28,1.6,7.34,26.3,248.6,212.2,0.97,14.56,4.9,205.6,1.3,LOW
2026-07-21 07:58:50,Vaigai River,baseline_clean,6.91,3.1,8.1,26.5,294.2,173.2,1.78,3.08,7.4,163.7,0.3,LOW
2026-07-21 08:36:33,Vaigai River,baseline_clean,7.37,7.6,7.44,25.3,286.2,181.2,1.16,12.21,4.8,150.2,1.1,LOW
2026-07-21 13:59:01,Vaigai River,agricultural_runoff,7.92,56.1,4.98,29.1,791.2,400.7,5.14,23.34,30.6,303.8,30.9,MODERATE
2026-07-21 18:53:06,Vaigai River,industrial_effluent,9.05,66.7,2.98,28.4,939.3,835.2,13.54,49.76,6.0,30.6,75.2,CRITICAL
2026-07-21 22:59:48,Vaigai River,industrial_effluent,4.95,88.1,4.75,32.4,1511.2,930.4,9.66,112.97,15.1,88.9,59.4,HIGH
2026-07-22 01:26:32,Vaigai River,agricultural_runoff,8.27,50.1,6.11,30.2,671.3,542.4,4.47,23.99,41.0,244.7,20.5,LOW
2026-07-22 05:51:36,Vaigai River,baseline_clean,8.01,2.3,7.71,24.2,301.2,157.0,0.95,4.69,5.7,133.4,0.8,LOW
2026-07-22 07:39:27,Vaigai River,agricultural_runoff,7.45,41.2,6.07,27.6,612.6,482.2,6.24,27.58,73.5,294.4,24.0,LOW
2026-07-22 07:52:43,Vaigai River,agricultural_runoff,7.82,62.4,5.69,24.9,520.5,572.3,5.66,33.0,42.9,272.4,30.2,MODERATE
2026-07-22 11:30:57,Vaigai River,agricultural_runoff,8.24,47.1,4.4,29.3,697.4,409.7,4.08,28.9,27.7,219.6,34.1,MODERATE
2026-07-22 11:41:01,Vaigai River,baseline_clean,6.69,2.9,7.81,23.8,278.6,167.4,1.65,3.05,1.6,146.7,0.5,LOW
2026-07-22 16:08:36,Vaigai River,agricultural_runoff,8.31,58.8,4.18,29.4,542.1,441.6,7.14,19.2,46.2,269.7,43.0,MODERATE
2026-07-23 02:59:22,Vaigai River,baseline_clean,7.0,1.7,7.05,23.4,260.2,181.8,0.91,4.79,2.6,173.7,0.2,LOW
2026-07-23 20:57:32,Vaigai River,baseline_clean,7.73,5.3,8.19,25.8,310.6,182.5,0.83,12.74,0.1,231.8,1.3,LOW
2026-07-24 06:09:53,Vaigai River,agricultural_runoff,7.67,57.1,5.77,24.9,640.9,492.6,6.23,22.82,37.1,285.6,26.1,MODERATE
2026-07-24 07:50:22,Vaigai River,urban_sewage_hypoxia,6.73,80.6,3.78,31.8,851.2,662.7,8.61,40.83,12.4,23.3,61.5,HIGH
2026-07-24 15:47:41,Vaigai River,agricultural_runoff,7.88,60.8,5.1,26.0,716.5,483.1,6.54,23.0,46.9,232.3,32.9,MODERATE
2026-07-24 19:21:27,Vaigai River,baseline_clean,7.83,2.1,8.24,25.3,239.4,147.9,1.62,10.04,8.8,221.3,0.6,LOW
2026-07-25 03:47:14,Vaigai River,urban_sewage_hypoxia,7.23,45.5,2.82,30.9,773.4,561.7,16.4,34.33,0.0,60.8,60.2,HIGH
2026-07-25 04:22:05,Vaigai River,baseline_clean,7.09,1.6,7.49,25.3,252.0,152.4,1.1,7.42,3.6,174.3,0.1,LOW
2026-07-25 08:55:00,Vaigai River,industrial_effluent,4.56,69.3,3.58,33.6,1178.6,1372.0,8.45,100.84,8.4,59.2,69.6,HIGH
2026-07-25 11:26:14,Vaigai River,industrial_effluent,4.95,104.8,3.2,32.1,1194.9,964.9,8.01,96.46,14.4,46.5,68.7,HIGH
2026-07-26 00:29:29,Vaigai River,baseline_clean,7.76,12.4,6.39,26.7,266.4,193.5,2.82,7.34,1.6,151.3,4.0,LOW
2026-07-26 05:48:28,Vaigai River,urban_sewage_hypoxia,6.3,80.6,2.85,24.5,672.3,471.6,12.08,56.8,0.2,22.1,72.1,HIGH
2026-07-27 10:02:48,Vaigai River,industrial_effluent,5.97,75.7,3.14,30.5,1167.3,1171.6,9.9,69.32,14.9,42.2,65.1,HIGH
2026-07-27 15:59:27,Vaigai River,urban_sewage_hypoxia,6.63,65.0,4.02,24.1,684.1,554.0,16.63,67.67,6.2,44.4,52.5,HIGH
2026-07-27 20:31:39,Vaigai River,agricultural_runoff,7.72,36.6,5.98,24.9,546.4,520.2,4.72,19.44,37.4,220.2,17.9,LOW
2026-07-28 02:37:16,Vaigai River,agricultural_runoff,7.77,35.3,5.53,24.1,489.2,560.3,6.57,18.08,67.4,208.9,25.0,LOW
2026-07-28 11:42:05,Vaigai River,agricultural_runoff,7.98,58.5,4.91,29.9,593.0,445.7,4.66,24.78,34.8,203.3,31.1,MODERATE
2026-07-28 14:29:38,Vaigai River,baseline_clean,7.27,1.3,7.95,21.5,274.3,100.4,2.29,4.55,2.5,179.1,0.7,LOW
2026-07-30 02:24:10,Vaigai River,agricultural_runoff,8.1,52.8,6.14,27.9,696.4,395.3,4.95,21.52,71.5,231.4,19.9,LOW
2026-07-30 04:31:34,Vaigai River,industrial_effluent,10.31,94.8,2.1,33.8,1430.9,1168.5,12.84,118.46,8.6,34.0,94.8,CRITICAL
2026-07-30 07:13:01,Vaigai River,industrial_effluent,5.62,49.4,3.08,30.1,862.7,837.2,9.56,59.81,12.0,56.9,65.9,HIGH
2026-07-30 08:51:43,Vaigai River,agricultural_runoff,7.77,27.4,5.96,23.2,740.9,460.2,6.27,23.24,33.9,304.6,21.5,LOW
2026-07-30 15:22:19,Vaigai River,baseline_clean,6.72,2.0,7.03,26.8,301.6,149.7,3.26,18.71,2.3,178.3,5.4,LOW
2026-07-30 19:35:06,Vaigai River,urban_sewage_hypoxia,6.26,49.8,3.79,27.3,587.7,523.8,15.96,31.28,7.7,49.7,52.5,HIGH
2026-07-30 21:15:06,Vaigai River,urban_sewage_hypoxia,6.79,65.2,3.97,30.7,977.7,691.5,11.13,44.86,5.7,54.3,54.4,HIGH
2026-07-31 05:31:30,Vaigai River,baseline_clean,7.57,9.3,7.78,24.3,279.4,197.9,1.57,3.08,1.8,217.3,0.9,LOW
2026-07-31 06:34:27,Vaigai River,agricultural_runoff,8.14,53.6,5.02,25.3,543.5,568.5,6.49,22.44,52.8,376.3,34.5,MODERATE
2026-07-31 12:42:10,Vaigai River,baseline_clean,7.32,5.4,7.97,27.9,317.1,193.5,3.76,7.81,1.3,120.8,4.0,LOW
2026-07-31 17:03:57,Vaigai River,baseline_clean,6.99,3.8,6.67,23.0,274.7,183.6,4.85,7.21,5.0,223.6,6.1,LOW
2026-07-31 17:25:54,Vaigai River,industrial_effluent,10.22,90.9,3.86,28.7,1053.6,704.0,7.24,77.94,2.9,84.1,61.1,HIGH
2026-08-01 09:38:17,Vaigai River,industrial_effluent,9.15,90.6,4.1,31.1,1445.2,1090.0,14.43,53.43,2.6,80.5,57.7,HIGH
2026-08-01 22:59:37,Vaigai River,urban_sewage_hypoxia,6.2,76.0,1.53,33.0,713.3,612.5,10.55,68.76,14.4,22.6,87.3,CRITICAL
2026-08-03 08:49:04,Vaigai River,baseline_clean,7.45,2.8,7.3,24.7,171.0,164.4,0.95,9.48,0.9,173.9,0.3,LOW
2026-08-03 12:24:03,Vaigai River,agricultural_runoff,7.59,49.6,7.02,22.9,676.0,367.3,4.52,29.48,31.1,304.8,16.9,LOW
2026-08-03 15:36:04,Vaigai River,agricultural_runoff,7.2,54.0,5.9,25.9,738.6,556.8,6.4,21.42,40.1,158.9,24.6,LOW
2026-08-03 21:49:09,Vaigai River,industrial_effluent,4.99,106.6,2.27,28.7,914.5,1383.5,12.69,61.09,0.9,87.9,78.7,CRITICAL
2026-08-03 23:59:01,Vaigai River,agricultural_runoff,8.22,63.8,6.2,32.7,685.0,436.0,3.9,29.72,43.7,170.3,21.1,LOW
2026-08-04 07:35:53,Vaigai River,agricultural_runoff,7.27,30.8,4.58,26.1,643.3,540.6,3.93,32.09,43.6,255.5,31.8,MODERATE
2026-08-04 19:16:48,Vaigai River,agricultural_runoff,7.46,40.3,5.33,29.2,792.4,370.3,6.14,33.43,64.1,264.0,31.9,MODERATE
2026-08-04 22:27:36,Vaigai River,agricultural_runoff,8.16,42.6,5.34,26.7,606.3,587.6,5.94,30.12,51.3,200.5,30.0,MODERATE
2026-08-05 05:50:42,Vaigai River,baseline_clean,7.67,2.4,7.85,26.4,243.0,158.2,1.26,7.16,3.7,170.0,0.5,LOW
2026-08-05 10:28:22,Vaigai River,agricultural_runoff,8.5,24.4,5.84,24.7,704.5,373.4,6.9,26.17,59.8,261.2,25.8,MODERATE
2026-08-05 15:42:14,Vaigai River,agricultural_runoff,7.26,51.0,4.46,28.9,453.8,680.9,6.87,29.97,63.3,329.1,41.5,MODERATE
2026-08-06 22:22:29,Vaigai River,agricultural_runoff,7.83,30.4,5.34,27.2,566.3,525.8,3.89,29.1,56.1,229.9,23.5,LOW
2026-08-07 00:07:08,Vaigai River,industrial_effluent,5.31,95.7,3.96,34.8,868.7,882.9,10.94,91.46,5.5,79.6,63.1,HIGH
2026-08-07 02:19:59,Vaigai River,urban_sewage_hypoxia,6.02,58.4,3.57,28.9,710.9,675.5,13.98,30.0,4.4,47.5,57.8,HIGH
2026-08-07 04:04:44,Vaigai River,urban_sewage_hypoxia,7.47,74.0,2.56,25.6,724.2,494.2,15.6,61.23,7.7,31.5,73.7,HIGH
2026-08-07 09:55:16,Vaigai River,industrial_effluent,9.73,96.1,2.91,33.7,1151.3,1091.2,7.58,114.03,14.0,81.5,67.3,HIGH
2026-08-07 12:08:53,Vaigai River,agricultural_runoff,7.67,56.3,5.12,25.4,579.7,432.1,3.97,19.81,34.2,250.0,25.5,MODERATE
2026-08-07 18:26:08,Vaigai River,industrial_effluent,10.17,66.8,3.95,30.0,902.7,1053.4,9.94,55.36,9.8,87.0,65.1,HIGH
2026-08-08 00:27:47,Vaigai River,urban_sewage_hypoxia,5.78,74.9,2.97,32.5,715.1,505.0,14.48,42.22,2.0,33.4,76.7,CRITICAL
2026-08-09 13:17:58,Vaigai River,industrial_effluent,4.69,79.3,3.74,30.8,1066.5,1266.5,6.61,66.02,0.8,30.8,72.3,HIGH
2026-08-09 22:26:21,Vaigai River,agricultural_runoff,8.09,48.4,5.76,25.7,615.1,422.6,5.6,33.8,34.1,150.7,26.9,MODERATE
2026-08-10 09:30:27,Vaigai River,agricultural_runoff,8.27,56.5,5.37,24.9,517.5,527.9,7.5,31.16,44.7,227.8,34.6,MODERATE
2026-08-10 11:11:52,Vaigai River,agricultural_runoff,8.92,53.4,5.82,27.9,576.1,479.9,6.61,26.92,70.2,271.4,30.9,MODERATE
2026-08-11 01:01:41,Vaigai River,urban_sewage_hypoxia,6.64,39.6,4.09,23.5,671.5,613.8,16.14,42.9,3.3,49.8,49.8,MODERATE
2026-08-11 06:47:49,Vaigai River,baseline_clean,7.72,2.6,7.81,20.1,222.0,167.1,0.7,5.32,11.4,110.2,0.5,LOW
2026-08-11 13:03:21,Vaigai River,baseline_clean,7.6,2.8,7.22,23.7,206.9,124.6,3.26,4.34,4.3,257.2,3.0,LOW
2026-08-11 15:08:28,Vaigai River,agricultural_runoff,8.67,55.4,5.03,26.2,613.1,404.9,4.83,34.1,63.0,225.8,32.3,MODERATE
2026-08-11 17:19:18,Vaigai River,baseline_clean,7.84,3.3,7.89,19.4,248.6,157.0,0.7,10.79,3.5,173.7,0.9,LOW
2026-08-11 18:18:54,Vaigai River,industrial_effluent,5.87,105.9,2.62,33.7,1473.3,738.1,12.41,49.72,11.9,70.2,70.6,HIGH
2026-08-12 08:01:20,Vaigai River,baseline_clean,7.51,4.1,7.35,24.9,246.5,188.9,2.57,6.87,2.8,206.2,1.5,LOW
2026-08-12 09:35:40,Vaigai River,baseline_clean,7.37,8.8,8.06,26.7,219.7,210.3,1.64,4.0,0.6,221.0,0.6,LOW
2026-08-12 14:58:47,Vaigai River,baseline_clean,7.14,9.9,8.28,24.6,297.3,140.1,1.91,6.67,2.8,189.3,0.6,LOW
2026-08-12 15:50:39,Vaigai River,agricultural_runoff,8.16,58.2,5.66,26.0,659.7,469.3,5.43,30.74,46.9,249.8,28.0,MODERATE
2026-08-12 21:26:30,Vaigai River,industrial_effluent,10.12,101.3,2.73,32.3,1288.0,794.4,10.68,50.22,3.7,84.8,75.7,CRITICAL
2026-08-12 22:03:35,Vaigai River,industrial_effluent,4.84,45.5,4.17,33.7,1598.5,988.5,6.17,62.6,11.8,87.7,56.3,HIGH
2026-08-13 03:03:19,Vaigai River,agricultural_runoff,7.03,62.3,5.28,28.9,639.4,531.5,5.64,18.04,46.6,299.5,29.4,MODERATE
2026-08-13 05:03:08,Vaigai River,baseline_clean,7.66,9.5,7.54,25.4,255.1,161.8,3.78,5.85,0.8,170.6,4.7,LOW
2026-08-13 14:08:58,Vaigai River,industrial_effluent,4.57,64.9,3.89,28.9,1075.0,739.3,10.27,60.67,1.8,54.7,68.9,HIGH
2026-08-13 14:10:38,Vaigai River,urban_sewage_hypoxia,7.39,58.2,3.14,25.4,670.2,547.4,9.47,50.13,7.5,57.0,58.5,HIGH
2026-08-13 15:20:57,Vaigai River,urban_sewage_hypoxia,6.83,50.8,1.62,31.2,597.5,705.9,17.03,31.4,1.2,22.0,80.9,CRITICAL
2026-08-13 21:20:03,Vaigai River,agricultural_runoff,7.78,54.1,6.19,27.6,572.4,464.9,6.84,30.7,76.7,220.4,25.6,MODERATE
2026-08-14 03:07:10,Vaigai River,industrial_effluent,5.18,83.4,2.78,29.8,1358.8,1121.2,7.5,111.34,13.6,51.8,69.1,HIGH
2026-08-14 12:56:29,Vaigai River,industrial_effluent,5.29,109.5,3.08,32.2,930.0,798.8,13.87,67.53,6.1,53.2,70.4,HIGH
2026-08-14 13:55:21,Vaigai River,urban_sewage_hypoxia,6.62,35.4,3.19,26.0,553.8,649.1,13.0,49.72,9.2,32.5,65.2,HIGH
2026-08-14 15:14:20,Vaigai River,urban_sewage_hypoxia,6.17,45.0,3.85,32.8,772.5,644.4,16.02,69.47,6.0,50.7,55.5,HIGH
2026-08-14 18:48:56,Vaigai River,baseline_clean,7.44,3.2,7.34,24.9,226.7,173.3,0.61,3.23,6.4,203.2,0.2,LOW
2026-08-14 23:51:37,Vaigai River,baseline_clean,7.71,1.8,7.71,24.6,253.0,167.0,0.55,4.46,1.1,206.1,0.5,LOW
2026-08-15 00:46:14,Vaigai River,baseline_clean,7.29,4.1,6.43,23.8,271.6,175.7,0.77,6.82,13.7,235.7,0.7,LOW
2026-08-15 07:09:50,Vaigai River,baseline_clean,7.43,2.8,7.23,23.6,291.5,138.5,0.93,5.05,0.1,174.7,0.2,LOW
2026-08-16 01:44:37,Vaigai River,baseline_clean,7.19,2.1,7.26,23.2,277.8,186.6,1.26,4.07,1.0,200.3,0.0,LOW
2026-08-16 03:13:00,Vaigai River,baseline_clean,7.5,6.9,8.54,23.0,217.9,227.1,2.03,5.03,2.6,159.4,0.6,LOW
2026-08-17 07:04:14,Vaigai River,urban_sewage_hypoxia,6.83,59.8,3.83,29.1,794.5,492.5,16.64,47.26,0.5,44.3,54.2,HIGH
2026-08-17 13:10:52,Vaigai River,baseline_clean,6.98,1.7,6.81,27.4,266.4,175.9,0.74,3.27,4.1,176.5,0.3,LOW
2026-08-17 15:34:34,Vaigai River,baseline_clean,7.06,8.7,6.91,22.9,294.6,165.2,7.72,8.73,1.1,180.5,12.5,LOW
2026-08-17 19:11:20,Vaigai River,industrial_effluent,5.72,55.6,2.19,33.5,1563.0,1009.7,7.45,82.28,7.9,52.3,69.9,HIGH
2026-08-17 20:12:06,Vaigai River,baseline_clean,7.77,8.3,7.97,23.1,233.5,199.1,1.76,4.03,1.0,213.3,1.0,LOW
2026-08-17 22:16:27,Vaigai River,baseline_clean,7.17,2.8,7.94,23.0,271.3,156.7,3.2,4.29,3.4,190.2,2.5,LOW
2026-08-18 02:59:52,Vaigai River,agricultural_runoff,7.57,33.2,5.85,24.9,574.6,503.5,6.89,26.39,34.7,293.1,24.8,LOW
2026-08-18 06:20:16,Vaigai River,agricultural_runoff,7.97,25.7,5.21,25.1,738.6,434.1,4.05,30.26,78.0,346.3,26.0,MODERATE
2026-08-18 09:50:01,Vaigai River,urban_sewage_hypoxia,7.17,50.0,2.24,31.6,604.2,569.6,17.73,43.8,7.0,66.1,66.1,HIGH
2026-08-18 19:00:29,Vaigai River,agricultural_runoff,7.76,57.8,5.82,26.1,626.7,490.2,6.51,22.88,60.6,122.5,26.4,MODERATE
2026-08-18 20:36:10,Vaigai River,industrial_effluent,9.39,91.5,3.99,32.2,1118.0,1267.7,14.44,110.24,4.9,56.7,60.4,HIGH
2026-08-19 00:11:06,Vaigai River,baseline_clean,7.19,2.4,7.13,23.8,287.5,196.0,0.67,14.22,1.7,236.4,1.1,LOW
2026-08-19 01:19:32,Vaigai River,industrial_effluent,5.03,88.0,4.06,33.2,933.0,1319.6,8.53,60.74,12.3,42.7,61.8,HIGH
2026-08-19 02:17:47,Vaigai River,baseline_clean,6.74,2.6,7.16,22.5,281.0,214.3,2.28,10.52,0.7,217.0,1.2,LOW
2026-08-19 03:41:44,Vaigai River,baseline_clean,7.61,1.9,8.04,23.5,305.2,176.6,2.69,16.66,5.5,128.4,3.6,LOW
2026-08-19 05:28:26,Vaigai River,agricultural_runoff,7.26,62.6,5.27,28.1,740.0,462.7,4.05,20.6,52.1,247.1,25.2,MODERATE
2026-08-19 09:07:19,Vaigai River,industrial_effluent,5.61,98.7,4.26,33.5,947.3,978.1,14.86,119.17,12.0,72.6,58.6,HIGH
2026-08-19 11:40:52,Vaigai River,industrial_effluent,5.48,109.8,2.1,33.9,1026.6,975.7,9.35,112.41,10.1,56.8,76.6,CRITICAL
2026-08-19 19:46:06,Vaigai River,baseline_clean,7.72,2.0,7.75,19.0,285.2,184.0,6.07,4.82,3.2,136.9,9.0,LOW
2026-08-20 03:14:05,Vaigai River,baseline_clean,6.92,5.7,7.46,23.4,298.7,188.7,1.34,24.25,0.6,180.5,4.1,LOW
2026-08-20 03:14:45,Vaigai River,baseline_clean,7.41,2.0,7.61,24.0,283.9,168.2,1.53,10.12,5.5,177.9,0.2,LOW
2026-08-20 04:31:07,Vaigai River,baseline_clean,6.8,3.4,7.19,24.7,256.6,226.6,0.7,8.59,1.1,201.3,0.4,LOW
2026-08-20 06:41:12,Vaigai River,industrial_effluent,9.3,69.9,3.18,30.1,920.2,780.0,8.68,106.64,2.7,74.6,63.4,HIGH
2026-08-20 08:05:45,Vaigai River,urban_sewage_hypoxia,6.9,68.6,2.54,30.3,745.5,510.5,8.61,50.01,12.1,61.0,62.5,HIGH
2026-08-20 11:26:22,Vaigai River,baseline_clean,7.52,2.8,7.79,27.3,273.2,139.1,0.56,7.78,5.6,207.5,0.4,LOW
2026-08-20 12:36:21,Vaigai River,agricultural_runoff,7.6,60.6,7.04,28.0,461.0,552.7,4.18,21.21,53.9,199.0,15.6,LOW
2026-08-20 20:41:48,Vaigai River,urban_sewage_hypoxia,7.03,49.1,1.8,25.0,537.6,661.2,13.62,52.35,15.0,47.1,69.3,HIGH
2026-08-20 23:16:43,Vaigai River,urban_sewage_hypoxia,7.26,40.1,1.77,28.6,974.2,641.8,9.11,48.89,13.4,24.7,78.3,CRITICAL
2026-08-21 00:16:22,Vaigai River,urban_sewage_hypoxia,7.3,73.1,1.82,29.5,880.5,427.5,14.91,68.12,6.4,65.6,70.5,HIGH
2026-08-21 13:44:26,Vaigai River,agricultural_runoff,7.27,26.1,6.31,31.0,523.7,360.5,6.84,18.5,44.8,167.8,17.7,LOW
2026-08-21 15:24:54,Vaigai River,baseline_clean,7.46,3.3,6.91,20.9,266.5,134.8,1.04,4.84,4.5,210.8,0.3,LOW
2026-08-21 16:24:16,Vaigai River,agricultural_runoff,8.12,63.4,4.77,23.9,738.6,579.4,5.27,19.77,65.2,291.2,34.4,MODERATE
2026-08-21 16:30:29,Vaigai River,urban_sewage_hypoxia,5.8,81.0,2.6,25.2,573.7,560.4,7.51,34.42,4.5,55.2,63.0,HIGH
2026-08-21 17:05:32,Vaigai River,urban_sewage_hypoxia,6.89,65.2,2.79,31.8,965.7,696.3,17.66,38.92,2.6,30.7,73.8,HIGH
2026-08-22 04:55:10,Vaigai River,urban_sewage_hypoxia,7.28,66.1,1.96,33.4,644.2,509.7,13.82,68.9,4.3,67.7,69.7,HIGH
2026-08-22 13:12:35,Vaigai River,industrial_effluent,9.64,69.9,3.98,30.2,901.3,1331.0,11.71,60.54,0.4,73.4,61.4,HIGH
2026-08-22 15:41:00,Vaigai River,agricultural_runoff,7.83,59.2,5.27,30.2,642.0,520.2,7.42,23.6,56.5,127.9,33.9,MODERATE
2026-08-22 17:33:51,Vaigai River,baseline_clean,7.27,3.5,7.95,26.9,306.3,159.5,1.47,6.92,0.7,195.9,0.1,LOW
2026-08-22 22:15:12,Vaigai River,industrial_effluent,9.97,70.5,2.19,32.0,1121.3,945.6,12.19,79.77,15.0,53.9,79.1,CRITICAL
2026-08-23 10:15:58,Vaigai River,agricultural_runoff,8.65,29.0,4.88,25.9,617.3,547.3,6.01,25.49,33.7,237.3,31.1,MODERATE
2026-08-23 15:54:52,Vaigai River,industrial_effluent,5.99,104.0,4.28,31.9,1245.3,930.1,8.26,83.43,11.6,44.7,52.6,HIGH
2026-08-23 18:49:05,Vaigai River,agricultural_runoff,8.43,30.7,5.42,28.0,557.5,333.5,7.08,28.37,57.8,173.5,29.3,MODERATE
2026-08-24 05:46:17,Vaigai River,baseline_clean,7.4,2.4,7.36,22.6,313.8,174.1,0.6,6.11,9.6,194.7,0.2,LOW
2026-08-24 23:45:21,Vaigai River,industrial_effluent,5.4,46.5,4.42,28.2,1324.5,769.0,8.57,55.52,2.7,34.5,62.6,HIGH
2026-08-25 05:04:42,Vaigai River,agricultural_runoff,8.42,60.2,4.37,28.4,796.8,470.0,6.79,18.86,79.7,380.4,41.2,MODERATE
2026-08-25 15:25:34,Vaigai River,urban_sewage_hypoxia,6.77,79.8,3.0,27.1,568.3,678.9,7.7,30.86,1.3,64.4,54.9,HIGH
2026-08-25 16:30:18,Vaigai River,industrial_effluent,10.42,68.5,4.06,30.5,1078.7,841.3,13.39,64.3,5.7,89.9,66.4,HIGH
